"ID";"Regions";"Periods";"NumberOfOrganisations_1";"TheatreHalls_2";"StadiumsAndMultiPurposeHalls_3";"InTheatreHalls_4";"InStadiumsAndMultiPurposeHalls_5";"TotalPerformances_6";"TheatrePerformances_7";"MusicalPerformances_8";"DancePerformances_9";"MusicTheatrePerformances_10";"CabaretPerformances_11";"OtherPerformances_12";"TotalAttendance_13";"TheatrePerformances_14";"MusicalPerformances_15";"DancePerformances_16";"MusicTheatrePerformances_17";"CabaretPerformances_18";"AttendanceOtherPerformances_19"
"0";"NL01   ";"1999JJ00";"     334";"     407";"     160";"  164525";"  163964";"   38183";"   12686";"   10421";"    3045";"    3922";"    5589";"    2522";"   14302";"    1987";"    5372";"    1164";"    2390";"    1961";"    1428"
"1";"NL01   ";"2000JJ00";"     330";"     407";"     160";"  165574";"  163964";"   39537";"   13512";"   10664";"    2633";"    3795";"    5460";"    3472";"   14560";"    2073";"    5580";"     943";"    2591";"    1948";"    1424"
"2";"NL01   ";"2001JJ00";"     322";"     421";"     160";"  171987";"  163964";"   41204";"   13065";"   12303";"    2210";"    4125";"    5621";"    3879";"   15667";"    2330";"    6055";"     796";"    2687";"    2052";"    1750"
"3";"NL01   ";"2002JJ00";"     318";"     433";"     164";"  179572";"  164964";"   43373";"   14204";"   12595";"    2784";"    4184";"    5926";"    3680";"   16085";"    2244";"    6137";"     919";"    2979";"    2078";"    1729"
"4";"NL01   ";"2003JJ00";"     309";"     436";"       .";"  187423";"       .";"   46155";"   14037";"   13086";"    3188";"    4817";"    6395";"    4631";"   16024";"    2239";"    6200";"     912";"    3460";"    2194";"    1020"
"5";"NL01   ";"2004JJ00";"     307";"     434";"       .";"  191383";"       .";"   45998";"   13565";"   14365";"    2742";"    4258";"    7018";"    4049";"   15604";"    1988";"    6637";"     726";"    2979";"    2412";"     861"
"6";"NL01   ";"2005JJ00";"     336";"     502";"     136";"  240481";"  308822";"   53785";"   14462";"   17697";"    3327";"    5474";"    8437";"    4389";"   18387";"    2359";"    7543";"     746";"    4033";"    2684";"    1022"
"7";"NL01   ";"2006JJ00";"     338";"     499";"     134";"  248762";"  284337";"   54796";"   14810";"   18182";"    3310";"    5914";"    8418";"    4162";"   19054";"    2141";"    8105";"     990";"    4258";"    2553";"    1007"
"8";"NL01   ";"2007JJ00";"     341";"     533";"     164";"  262301";"  298054";"   57391";"   15912";"   18250";"    3476";"    6007";"    8806";"    4940";"   19317";"    2220";"    8424";"     788";"    3815";"    2697";"    1373"
"9";"NL01   ";"2008JJ00";"     340";"     511";"     120";"  267869";"  312276";"   58179";"   16855";"   18888";"    2787";"    6881";"    8470";"    4297";"   20291";"    2247";"    8216";"     778";"    4570";"    2725";"    1756"
"10";"NL01   ";"2009JJ00";"     339";"     522";"     134";"  249374";"  212183";"   58364";"   16092";"   21399";"    3384";"    5842";"    7501";"    4146";"   19581";"    2503";"    8623";"     663";"    3810";"    2474";"    1509"
"11";"NL01   ";"2010JJ00";"     343";"     528";"     104";"  255544";"  217195";"   55933";"   17264";"   18218";"    2461";"    5638";"    7317";"    5035";"   19149";"    2593";"    7896";"     757";"    3572";"    2386";"    1944"
"12";"NL01   ";"2011JJ00";"     350";"     537";"     101";"  237792";"  175606";"   59004";"   18654";"   18684";"    2777";"    5731";"    8261";"    4897";"   19204";"    2584";"    7928";"     700";"    3447";"    2483";"    2062"
"13";"NL01   ";"2012JJ00";"     345";"     530";"      99";"  259093";"  188868";"   54880";"   17371";"   17755";"    2225";"    5057";"    7525";"    4947";"   17064";"    2435";"    7588";"     573";"    2853";"    2121";"    1493"
"14";"NL01   ";"2013JJ00";"     336";"     522";"     112";"  251785";"  198418";"   50692";"   14115";"   18041";"    2295";"    4460";"    7847";"    3934";"   17685";"    2554";"    8257";"     702";"    2398";"    2281";"    1493"
"15";"NL01   ";"2014JJ00";"     339";"     543";"      99";"  265645";"  194340";"   51883";"   13169";"   17796";"    2386";"    4627";"    7595";"    6310";"   17358";"    2268";"    8092";"     742";"    2432";"    2035";"    1789"
"16";"NL01   ";"2015JJ00";"     337";"     542";"      99";"  259987";"  186331";"   52104";"   13617";"   18320";"    2316";"    4752";"    7499";"    5600";"   18172";"    2295";"    8459";"     819";"    2629";"    2142";"    1827"
"17";"NL01   ";"2016JJ00";"     335";"     556";"     103";"  274005";"  231580";"   51947";"   11905";"   20069";"    2371";"    4751";"    7539";"    5312";"   18086";"    1980";"    8750";"     755";"    2829";"    2221";"    1552"
"18";"NL01   ";"2017JJ00";"     333";"     546";"     100";"  266128";"  242130";"   52675";"   11388";"   20071";"    2548";"    5315";"    7836";"    5516";"   18466";"    1846";"    9138";"     699";"    3026";"    2281";"    1475"
"19";"NL01   ";"2018JJ00";"     335";"     570";"     104";"  266063";"  249811";"   53583";"   11135";"   20218";"    2364";"    6017";"    8183";"    5667";"   18848";"    1742";"    9461";"     666";"    3304";"    2451";"    1224"
"20";"NL01   ";"2019JJ00";"     339";"     595";"     109";"  265957";"  245296";"   54052";"   11306";"   19836";"    2486";"    6440";"    8498";"    5488";"   19379";"    1712";"    9348";"     701";"    3641";"    2742";"    1235"
"21";"NL01   ";"2020JJ00";"     327";"     554";"      93";"  265138";"  232238";"   25571";"    6027";"    8104";"    1391";"    3143";"    4536";"    2370";"    5350";"     717";"    2381";"     257";"     731";"     968";"     296"
"22";"NL01   ";"2021JJ00";"     334";"     574";"      80";"  281672";"   89118";"   24421";"    4710";"    7006";"    1676";"    2476";"    3842";"    4710";"    4122";"     523";"    1670";"     177";"     716";"     634";"     401"
"23";"NL01   ";"2022JJ00";"     344";"     585";"     103";"  272489";"  229958";"   50311";"    8904";"   20138";"    2879";"    5745";"    7425";"    5220";"   16961";"    1200";"    9568";"     696";"    2378";"    2092";"    1027"
"24";"NL01   ";"2023JJ00";"     338";"     584";"     113";"  267747";"  223447";"   56552";"   10015";"   22019";"    2566";"    6854";"    8125";"    6973";"   20422";"    1541";"   11083";"     899";"    3253";"    2371";"    1275"
"25";"LD01   ";"1999JJ00";"      30";"      38";"      14";"   15344";"    7575";"    3316";"    1195";"    1045";"     195";"     232";"     533";"     116";"     946";"     191";"     364";"      53";"     114";"     189";"      36"
"26";"LD01   ";"2000JJ00";"      30";"      38";"      14";"   15344";"    7575";"    2982";"     931";"     981";"     190";"     225";"     484";"     171";"     929";"     159";"     354";"      44";"     143";"     175";"      53"
"27";"LD01   ";"2001JJ00";"      30";"      38";"      14";"   15344";"    7575";"    3160";"     881";"    1223";"     211";"     280";"     398";"     166";"    1049";"     177";"     472";"      53";"     124";"     143";"      81"
"28";"LD01   ";"2002JJ00";"      27";"      41";"      18";"   16934";"    8575";"    3245";"     896";"    1186";"     192";"     292";"     518";"     162";"    1055";"     171";"     430";"      46";"     147";"     184";"      77"
"29";"LD01   ";"2003JJ00";"      25";"      37";"       .";"   17534";"       .";"    3579";"    1091";"    1156";"     261";"     237";"     488";"     346";"    1227";"     205";"     544";"      91";"     112";"     187";"      88"
"30";"LD01   ";"2004JJ00";"      26";"      39";"       .";"   18184";"       .";"    3579";"     968";"    1340";"     225";"     362";"     558";"     126";"    1132";"     199";"     437";"      62";"     187";"     207";"      39"
"31";"LD01   ";"2005JJ00";"      30";"      47";"      10";"   20391";"   15300";"    4384";"    1237";"    1541";"     243";"     416";"     736";"     211";"    1343";"     210";"     561";"      58";"     200";"     251";"      63"
"32";"LD01   ";"2006JJ00";"      30";"      47";"      12";"   21486";"   11310";"    4290";"    1114";"    1472";"     272";"     361";"     687";"     384";"    1159";"     165";"     462";"      58";"     174";"     207";"      93"
"33";"LD01   ";"2007JJ00";"      30";"      50";"      11";"   20470";"   16310";"    4662";"    1235";"    1538";"     280";"     434";"     709";"     466";"    1437";"     187";"     544";"      60";"     280";"     261";"     103"
"34";"LD01   ";"2008JJ00";"      30";"      46";"       9";"   21773";"    8070";"    5193";"    1584";"    1571";"     297";"     444";"     787";"     509";"    1578";"     238";"     552";"      70";"     303";"     288";"     128"
"35";"LD01   ";"2009JJ00";"      30";"      45";"       7";"   19557";"    6580";"    5206";"    1560";"    1798";"     295";"     548";"     612";"     392";"    1365";"     226";"     506";"      53";"     293";"     201";"      86"
"36";"LD01   ";"2010JJ00";"      30";"      46";"       7";"   20167";"   13300";"    5187";"    1796";"    1609";"     225";"     492";"     701";"     364";"    1372";"     241";"     534";"      62";"     240";"     212";"      83"
"37";"LD01   ";"2011JJ00";"      30";"      44";"       7";"   17085";"   12005";"    5068";"    1504";"    1582";"     258";"     427";"     701";"     595";"    1318";"     213";"     501";"      55";"     206";"     228";"     113"
"38";"LD01   ";"2012JJ00";"      31";"      46";"       7";"   19079";"   14000";"    4048";"    1256";"    1405";"     177";"     286";"     589";"     335";"    1059";"     194";"     437";"      50";"     116";"     194";"      69"
"39";"LD01   ";"2013JJ00";"      30";"      46";"       7";"   19933";"   14000";"    4271";"    1269";"    1411";"     184";"     335";"     719";"     354";"    1293";"     285";"     437";"      55";"     174";"     252";"      91"
"40";"LD01   ";"2014JJ00";"      32";"      52";"       5";"   20526";"   11750";"    3965";"    1158";"    1271";"     203";"     265";"     665";"     402";"    1017";"     205";"     382";"      61";"      74";"     185";"     109"
"41";"LD01   ";"2015JJ00";"      32";"      52";"       6";"   21004";"   12250";"    4287";"    1222";"    1521";"     116";"     380";"     609";"     440";"    1061";"     243";"     428";"      31";"      86";"     173";"      99"
"42";"LD01   ";"2016JJ00";"      29";"      49";"       6";"   23014";"       .";"    3929";"     872";"    1580";"     146";"     271";"     665";"     395";"    1082";"     168";"     477";"      43";"     102";"     200";"      92"
"43";"LD01   ";"2017JJ00";"      28";"      48";"       5";"   25246";"       .";"    3979";"     807";"    1604";"     145";"     346";"     561";"     517";"    1036";"     131";"     493";"      35";"     124";"     169";"      84"
"44";"LD01   ";"2018JJ00";"      29";"      50";"       9";"   21634";"       .";"    4373";"     862";"    1722";"     140";"     509";"     575";"     564";"    1229";"     146";"     560";"      35";"     201";"     186";"     101"
"45";"LD01   ";"2019JJ00";"      29";"      49";"      11";"   21185";"       .";"    4411";"    1049";"    1535";"     133";"     532";"     633";"     530";"    1171";"     170";"     478";"      32";"     197";"     211";"      83"
"46";"LD01   ";"2020JJ00";"      29";"      47";"      11";"   20940";"       .";"    2180";"     470";"     731";"     105";"     315";"     323";"     236";"     462";"      78";"     177";"      19";"      66";"      80";"      42"
"47";"LD01   ";"2021JJ00";"      29";"      51";"       6";"   24492";"    3000";"    1793";"     385";"     597";"      89";"     216";"     263";"     243";"     257";"      45";"     112";"       7";"      34";"      42";"      18"
"48";"LD01   ";"2022JJ00";"      29";"      54";"      11";"   25751";"       .";"    3818";"     616";"    1640";"     169";"     367";"     460";"     566";"     889";"      74";"     475";"      40";"     105";"     143";"      53"
"49";"LD01   ";"2023JJ00";"      29";"      52";"       8";"   26032";"       .";"    4049";"     631";"    1842";"     170";"     338";"     478";"     590";"    1193";"     113";"     590";"      53";"     138";"     162";"     137"
"50";"LD02   ";"1999JJ00";"      56";"      77";"      18";"   31919";"   29724";"    5499";"    1679";"    1391";"     424";"     582";"    1064";"     360";"    1843";"     292";"     635";"     157";"     271";"     321";"     167"
"51";"LD02   ";"2000JJ00";"      54";"      76";"      18";"   31167";"   29724";"    6132";"    2233";"    1486";"     353";"     445";"     908";"     706";"    1775";"     331";"     605";"     134";"     213";"     289";"     204"
"52";"LD02   ";"2001JJ00";"      54";"      81";"      18";"   34837";"   29724";"    5745";"    1928";"    1421";"     300";"     478";"    1085";"     533";"    1811";"     340";"     614";"     130";"     228";"     311";"     188"
"53";"LD02   ";"2002JJ00";"      54";"      83";"      18";"   35643";"   29724";"    6559";"    2284";"    1452";"     383";"     548";"    1054";"     838";"    1966";"     313";"     663";"     137";"     271";"     320";"     263"
"54";"LD02   ";"2003JJ00";"      53";"      82";"       .";"   36311";"       .";"    5869";"    1391";"    1778";"     401";"     560";"    1016";"     722";"    1680";"     255";"     563";"     104";"     273";"     325";"     160"
"55";"LD02   ";"2004JJ00";"      52";"      80";"       .";"   35292";"       .";"    5314";"    1369";"    1515";"     283";"     503";"    1102";"     542";"    1525";"     226";"     511";"      94";"     238";"     356";"     101"
"56";"LD02   ";"2005JJ00";"      64";"      96";"      23";"   42846";"   51075";"    9372";"    2411";"    3047";"     563";"     880";"    1558";"     913";"    2275";"     314";"     927";"     101";"     394";"     401";"     137"
"57";"LD02   ";"2006JJ00";"      63";"      95";"      21";"   49094";"   50575";"    9280";"    2549";"    2912";"     601";"     885";"    1571";"     762";"    2583";"     342";"    1145";"     129";"     404";"     424";"     139"
"58";"LD02   ";"2007JJ00";"      64";"     100";"      35";"   51580";"   55979";"    8827";"    2619";"    2961";"     414";"     790";"    1318";"     725";"    2561";"     352";"    1197";"      99";"     340";"     433";"     141"
"59";"LD02   ";"2008JJ00";"      63";"     100";"      24";"   51163";"   56447";"    9332";"    2823";"    2637";"     506";"     923";"    1539";"     903";"    2925";"     305";"    1380";"     106";"     480";"     440";"     214"
"60";"LD02   ";"2009JJ00";"      64";"     102";"      26";"   52044";"   56185";"    8616";"    2185";"    3242";"     379";"     831";"    1343";"     636";"    2658";"     322";"    1326";"      94";"     360";"     421";"     135"
"61";"LD02   ";"2010JJ00";"      65";"     105";"      21";"   53143";"   56385";"    9186";"    2607";"    2923";"     411";"     849";"    1321";"    1075";"    2780";"     363";"    1251";"     119";"     405";"     395";"     248"
"62";"LD02   ";"2011JJ00";"      65";"     107";"      19";"   51133";"   46430";"    8849";"    2625";"    2793";"     415";"     851";"    1372";"     794";"    2859";"     362";"    1349";"     127";"     367";"     407";"     246"
"63";"LD02   ";"2012JJ00";"      64";"     106";"      14";"   50694";"   58938";"    8614";"    2682";"    2656";"     331";"     698";"    1322";"     924";"    2213";"     328";"     983";"     120";"     243";"     364";"     174"
"64";"LD02   ";"2013JJ00";"      67";"     107";"      19";"   51370";"   50313";"    7788";"    2297";"    2669";"     296";"     592";"    1426";"     507";"    2181";"     301";"    1033";"      97";"     211";"     380";"     159"
"65";"LD02   ";"2014JJ00";"      69";"     111";"      18";"   53427";"   45363";"    8273";"    1986";"    3025";"     356";"     641";"    1240";"    1025";"    2128";"     278";"     947";"     102";"     208";"     331";"     262"
"66";"LD02   ";"2015JJ00";"      69";"     113";"      18";"   53293";"   46413";"    8353";"    1972";"    2962";"     303";"     708";"    1407";"     999";"    2197";"     260";"    1005";"      81";"     245";"     380";"     225"
"67";"LD02   ";"2016JJ00";"      69";"     123";"      24";"   56275";"   47493";"    8315";"    1810";"    3269";"     293";"     721";"    1423";"     798";"    2282";"     250";"    1120";"      78";"     230";"     401";"     203"
"68";"LD02   ";"2017JJ00";"      70";"     112";"      20";"   45165";"   47563";"    8484";"    1782";"    3176";"     330";"     763";"    1483";"     949";"    2371";"     243";"    1228";"      83";"     231";"     385";"     202"
"69";"LD02   ";"2018JJ00";"      68";"     118";"      20";"   47451";"   57013";"    8223";"    1785";"    2996";"     277";"     919";"    1431";"     815";"    2475";"     265";"    1188";"      94";"     341";"     425";"     162"
"70";"LD02   ";"2019JJ00";"      68";"     123";"      21";"   48189";"   50263";"    8514";"    1692";"    3192";"     322";"    1018";"    1573";"     716";"    2485";"     245";"    1228";"      95";"     299";"     484";"     133"
"71";"LD02   ";"2020JJ00";"      68";"     118";"      21";"   49573";"   58213";"    3834";"     653";"    1373";"     137";"     558";"     899";"     214";"     834";"      89";"     355";"      34";"     119";"     194";"      44"
"72";"LD02   ";"2021JJ00";"      68";"     122";"      13";"   52051";"   12713";"    3471";"     642";"    1182";"     184";"     352";"     813";"     298";"     537";"      88";"     226";"      16";"      59";"     115";"      33"
"73";"LD02   ";"2022JJ00";"      73";"     130";"      16";"   50184";"   43048";"    7697";"    1029";"    3256";"     304";"     895";"    1455";"     758";"    2172";"     151";"    1217";"      70";"     218";"     384";"     132"
"74";"LD02   ";"2023JJ00";"      75";"     131";"      18";"   51377";"   40520";"    9495";"    1280";"    3830";"     368";"    1238";"    1656";"    1123";"    2911";"     192";"    1673";"      89";"     337";"     443";"     176"
"75";"LD03   ";"1999JJ00";"     177";"     211";"      96";"   79448";"   78200";"   21977";"    7705";"    5939";"    1884";"    2277";"    2875";"    1298";"    8512";"    1144";"    3567";"     784";"    1590";"    1031";"     395"
"76";"LD03   ";"2000JJ00";"     176";"     210";"      96";"   79448";"   78200";"   22830";"    8114";"    6127";"    1655";"    2262";"    2850";"    1822";"    8808";"    1173";"    3785";"     624";"    1777";"     892";"     556"
"77";"LD03   ";"2001JJ00";"     171";"     219";"      96";"   82191";"   78200";"   24715";"    8028";"    7518";"    1255";"    2489";"    2956";"    2469";"    9653";"    1307";"    3991";"     449";"    1935";"    1161";"     811"
"78";"LD03   ";"2002JJ00";"     170";"     225";"      96";"   86580";"   78200";"   25391";"    8733";"    7570";"    1626";"    2341";"    3178";"    1942";"    9896";"    1361";"    4077";"     572";"    2036";"    1153";"     696"
"79";"LD03   ";"2003JJ00";"     168";"     234";"       .";"   92789";"       .";"   28844";"    9597";"    7696";"    1903";"    3032";"    3664";"    2952";"   10463";"    1404";"    4195";"     525";"    2531";"    1227";"     581"
"80";"LD03   ";"2004JJ00";"     166";"     232";"       .";"   97359";"       .";"   29328";"    9205";"    8843";"    1772";"    2547";"    4067";"    2893";"   10404";"    1267";"    4632";"     451";"    2127";"    1365";"     562"
"81";"LD03   ";"2005JJ00";"     181";"     271";"      79";"  131531";"  201127";"   31778";"    8943";"    9976";"    2125";"    3238";"    4715";"    2781";"   11053";"    1497";"    4421";"     467";"    2459";"    1521";"     688"
"82";"LD03   ";"2006JJ00";"     183";"     268";"      78";"  131001";"  151977";"   31966";"    9173";"   10425";"    1951";"    3544";"    4626";"    2247";"   12036";"    1321";"    5110";"     662";"    2851";"    1457";"     634"
"83";"LD03   ";"2007JJ00";"     184";"     285";"      92";"  140325";"  147075";"   34266";"    9877";"   10582";"    2287";"    3472";"    5048";"    2999";"   11850";"    1330";"    5087";"     505";"    2546";"    1432";"     950"
"84";"LD03   ";"2008JJ00";"     182";"     268";"      62";"  144047";"  173235";"   33899";"    9797";"   11428";"    1456";"    4284";"    4692";"    2241";"   12304";"    1362";"    5026";"     462";"    3129";"    1506";"     819"
"85";"LD03   ";"2009JJ00";"     178";"     274";"      69";"  126764";"   72378";"   33594";"    9565";"   12323";"    2247";"    3274";"    3846";"    2340";"   12001";"    1559";"    5413";"     410";"    2543";"    1335";"     742"
"86";"LD03   ";"2010JJ00";"     183";"     282";"      49";"  132735";"   72545";"   31438";"   10172";"   10465";"    1346";"    3178";"    3830";"    2447";"   11339";"    1581";"    4779";"     438";"    2322";"    1311";"     909"
"87";"LD03   ";"2011JJ00";"     189";"     289";"      50";"  125712";"   64593";"   34479";"   11581";"   10899";"    1582";"    3344";"    4472";"    2600";"   11544";"    1610";"    4747";"     403";"    2355";"    1374";"    1055"
"88";"LD03   ";"2012JJ00";"     186";"     281";"      55";"  144805";"   66060";"   32647";"   10426";"   10677";"    1259";"    3142";"    4158";"    2985";"   10715";"    1508";"    4919";"     294";"    2102";"    1141";"     750"
"89";"LD03   ";"2013JJ00";"     179";"     278";"      63";"  136359";"   74710";"   30016";"    8603";"   10881";"    1328";"    2627";"    4216";"    2360";"   11407";"    1653";"    5705";"     431";"    1649";"    1190";"     779"
"90";"LD03   ";"2014JJ00";"     179";"     288";"      59";"  146254";"   87747";"   31284";"    8137";"   10485";"    1350";"    3010";"    4253";"    4048";"   11402";"    1440";"    5646";"     459";"    1870";"    1085";"     902"
"91";"LD03   ";"2015JJ00";"     177";"     284";"      59";"  138753";"   83188";"   30883";"    8623";"   10662";"    1498";"    2778";"    4075";"    3246";"   11996";"    1468";"    5876";"     602";"    1913";"    1132";"    1004"
"92";"LD03   ";"2016JJ00";"     176";"     282";"      58";"  147086";"  124757";"   31274";"    7703";"   11550";"    1561";"    2913";"    4028";"    3519";"   12066";"    1294";"    5879";"     539";"    2126";"    1222";"    1007"
"93";"LD03   ";"2017JJ00";"     177";"     288";"      58";"  150621";"  133762";"   31454";"    7264";"   11843";"    1647";"    3194";"    4318";"    3188";"   12292";"    1198";"    6123";"     475";"    2254";"    1270";"     973"
"94";"LD03   ";"2018JJ00";"     176";"     294";"      62";"  151362";"  128997";"   31724";"    6973";"   11702";"    1490";"    3538";"    4763";"    3258";"   12240";"    1064";"    6315";"     434";"    2319";"    1381";"     726"
"95";"LD03   ";"2019JJ00";"     178";"     316";"      64";"  149750";"  130352";"   31997";"    6877";"   11613";"    1608";"    3782";"    4720";"    3397";"   12938";"    1026";"    6416";"     467";"    2680";"    1533";"     816"
"96";"LD03   ";"2020JJ00";"     170";"     285";"      49";"  147564";"  118360";"   15156";"    3939";"    4483";"     894";"    1752";"    2485";"    1603";"    3232";"     439";"    1539";"     161";"     404";"     515";"     174"
"97";"LD03   ";"2021JJ00";"     177";"     296";"      48";"  157786";"   68682";"   15085";"    2986";"    3829";"    1208";"    1546";"    2119";"    3397";"    2768";"     326";"    1095";"     138";"     553";"     356";"     300"
"98";"LD03   ";"2022JJ00";"     182";"     300";"      66";"  150921";"  135196";"   30220";"    6126";"   11005";"    1975";"    3577";"    4197";"    3340";"   11583";"     800";"    6571";"     511";"    1783";"    1158";"     759"
"99";"LD03   ";"2023JJ00";"     177";"     300";"      71";"  145974";"  129984";"   33214";"    6886";"   11839";"    1686";"    4159";"    4664";"    3980";"   13177";"    1030";"    7175";"     671";"    2252";"    1332";"     717"
"100";"LD04   ";"1999JJ00";"      71";"      81";"      32";"   37814";"   48465";"    7391";"    2107";"    2046";"     542";"     831";"    1117";"     748";"    3001";"     360";"     806";"     170";"     415";"     420";"     830"
"101";"LD04   ";"2000JJ00";"      70";"      83";"      32";"   39615";"   48465";"    7593";"    2234";"    2070";"     435";"     863";"    1218";"     773";"    3048";"     410";"     836";"     141";"     458";"     592";"     611"
"102";"LD04   ";"2001JJ00";"      67";"      83";"      32";"   39615";"   48465";"    7584";"    2228";"    2141";"     444";"     878";"    1182";"     711";"    3154";"     506";"     978";"     164";"     400";"     437";"     670"
"103";"LD04   ";"2002JJ00";"      67";"      84";"      32";"   40415";"   48465";"    8178";"    2291";"    2387";"     583";"    1003";"    1176";"     738";"    3168";"     399";"     967";"     164";"     525";"     421";"     693"
"104";"LD04   ";"2003JJ00";"      63";"      83";"       .";"   40789";"       .";"    7863";"    1958";"    2456";"     623";"     988";"    1227";"     611";"    2654";"     375";"     898";"     192";"     544";"     455";"     191"
"105";"LD04   ";"2004JJ00";"      63";"      83";"       .";"   40548";"       .";"    7777";"    2023";"    2667";"     462";"     846";"    1291";"     488";"    2543";"     296";"    1057";"     119";"     427";"     484";"     159"
"106";"LD04   ";"2005JJ00";"      61";"      88";"      24";"   45713";"   41320";"    8251";"    1871";"    3132";"     396";"     941";"    1427";"     484";"    3716";"     339";"    1634";"     121";"     979";"     510";"     134"
"107";"LD04   ";"2006JJ00";"      62";"      89";"      23";"   47181";"   70475";"    9261";"    1974";"    3373";"     486";"    1124";"    1535";"     768";"    3276";"     312";"    1388";"     141";"     828";"     466";"     141"
"108";"LD04   ";"2007JJ00";"      63";"      98";"      26";"   49926";"   78690";"    9637";"    2181";"    3169";"     495";"    1311";"    1732";"     750";"    3469";"     351";"    1596";"     124";"     649";"     571";"     178"
"109";"LD04   ";"2008JJ00";"      65";"      97";"      25";"   50886";"   74524";"    9755";"    2651";"    3252";"     527";"    1229";"    1452";"     643";"    3484";"     342";"    1259";"     140";"     658";"     491";"     595"
"110";"LD04   ";"2009JJ00";"      67";"     101";"      32";"   51009";"   77040";"   10948";"    2782";"    4036";"     464";"    1188";"    1700";"     779";"    3558";"     397";"    1378";"     106";"     614";"     517";"     546"
"111";"LD04   ";"2010JJ00";"      65";"      95";"      27";"   49499";"   74965";"   10121";"    2690";"    3220";"     478";"    1119";"    1464";"    1150";"    3657";"     408";"    1333";"     138";"     605";"     469";"     704"
"112";"LD04   ";"2011JJ00";"      66";"      97";"      25";"   43862";"   52578";"   10609";"    2944";"    3409";"     522";"    1109";"    1717";"     908";"    3484";"     399";"    1330";"     114";"     519";"     473";"     649"
"113";"LD04   ";"2012JJ00";"      64";"      97";"      23";"   44515";"   49870";"    9572";"    3007";"    3017";"     458";"     931";"    1456";"     703";"    3077";"     406";"    1250";"     109";"     391";"     421";"     500"
"114";"LD04   ";"2013JJ00";"      60";"      91";"      23";"   44123";"   59395";"    8617";"    1945";"    3079";"     488";"     905";"    1486";"     713";"    2805";"     316";"    1082";"     119";"     364";"     459";"     464"
"115";"LD04   ";"2014JJ00";"      59";"      92";"      17";"   45438";"   49480";"    8361";"    1887";"    3015";"     476";"     711";"    1437";"     835";"    2811";"     346";"    1116";"     120";"     280";"     434";"     516"
"116";"LD04   ";"2015JJ00";"      59";"      93";"      16";"   46937";"   44480";"    8582";"    1800";"    3176";"     399";"     886";"    1407";"     915";"    2918";"     324";"    1149";"     104";"     385";"     457";"     499"
"117";"LD04   ";"2016JJ00";"      61";"     102";"      15";"   47630";"   47330";"    8429";"    1520";"    3669";"     371";"     846";"    1423";"     600";"    2656";"     269";"    1274";"      95";"     371";"     398";"     250"
"118";"LD04   ";"2017JJ00";"      58";"      98";"      17";"   45096";"   46805";"    8757";"    1534";"    3448";"     426";"    1011";"    1475";"     862";"    2768";"     274";"    1295";"     107";"     418";"     458";"     216"
"119";"LD04   ";"2018JJ00";"      62";"     108";"      13";"   45616";"   47651";"    9262";"    1515";"    3797";"     457";"    1051";"    1414";"    1029";"    2904";"     268";"    1397";"     103";"     443";"     458";"     235"
"120";"LD04   ";"2019JJ00";"      64";"     107";"      13";"   46833";"   47581";"    9130";"    1688";"    3495";"     423";"    1108";"    1571";"     845";"    2786";"     271";"    1226";"     107";"     465";"     515";"     203"
"121";"LD04   ";"2020JJ00";"      60";"     104";"      12";"   47061";"       .";"    4400";"     965";"    1517";"     254";"     518";"     830";"     316";"     822";"     111";"     309";"      43";"     142";"     179";"      37"
"122";"LD04   ";"2021JJ00";"      60";"     105";"      13";"   47343";"    4723";"    4073";"     696";"    1399";"     195";"     363";"     648";"     772";"     560";"      65";"     238";"      16";"      70";"     120";"      50"
"123";"LD04   ";"2022JJ00";"      60";"     101";"      10";"   45633";"       .";"    8576";"    1133";"    4237";"     431";"     906";"    1313";"     556";"    2318";"     175";"    1305";"      75";"     272";"     407";"      83"
"124";"LD04   ";"2023JJ00";"      57";"     101";"      16";"   44364";"       .";"    9794";"    1218";"    4508";"     342";"    1119";"    1327";"    1280";"    3141";"     205";"    1644";"      86";"     526";"     434";"     245"
"125";"PV20   ";"1999JJ00";"      13";"      13";"       4";"    5713";"    5975";"    1657";"     639";"     513";"     112";"      91";"     230";"      72";"     481";"      91";"     210";"      31";"      45";"      80";"      25"
"126";"PV20   ";"2000JJ00";"      13";"      13";"       4";"    5713";"    5975";"    1379";"     470";"     492";"      92";"     101";"     172";"      52";"     501";"      78";"     231";"      25";"      70";"      72";"      25"
"127";"PV20   ";"2001JJ00";"      13";"      13";"       4";"    5713";"    5975";"    1565";"     449";"     740";"     133";"      86";"      96";"      61";"     543";"      77";"     317";"      32";"      37";"      35";"      45"
"128";"PV20   ";"2002JJ00";"      10";"      16";"       8";"    7303";"    6975";"    1593";"     409";"     710";"     113";"     107";"     170";"      84";"     537";"      74";"     276";"      29";"      43";"      64";"      49"
"129";"PV20   ";"2003JJ00";"      10";"      17";"       .";"    8848";"       .";"    1907";"     648";"     728";"     154";"      82";"     174";"     121";"     710";"     107";"     403";"      69";"      35";"      68";"      27"
"130";"PV20   ";"2004JJ00";"      10";"      17";"       .";"    8943";"       .";"    1915";"     576";"     786";"     139";"     118";"     264";"      32";"     632";"     113";"     290";"      38";"      76";"     103";"      11"
"131";"PV20   ";"2005JJ00";"      13";"      20";"       6";"    9772";"   12950";"    2180";"     703";"     855";"      98";"     151";"     315";"      58";"     705";"     115";"     359";"      29";"      85";"      99";"      18"
"132";"PV20   ";"2006JJ00";"      13";"      19";"       8";"   10870";"    8650";"    1873";"     455";"     843";"     144";"     157";"     238";"      36";"     594";"      70";"     308";"      31";"      94";"      77";"      13"
"133";"PV20   ";"2007JJ00";"      13";"      18";"       7";"    9649";"   13650";"    2222";"     634";"     833";"     130";"     229";"     249";"     147";"     844";"      97";"     359";"      37";"     198";"     121";"      33"
"134";"PV20   ";"2008JJ00";"      13";"      19";"       4";"    9866";"    6700";"    2653";"     967";"     865";"     154";"     236";"     282";"     149";"     968";"     145";"     378";"      41";"     222";"     126";"      56"
"135";"PV20   ";"2009JJ00";"      12";"      18";"       3";"    9234";"    4650";"    2425";"    1023";"     804";"     103";"     182";"     199";"     114";"     697";"     146";"     312";"      25";"     116";"      72";"      26"
"136";"PV20   ";"2010JJ00";"      12";"      18";"       3";"    9244";"   10150";"    2272";"     957";"     752";"      73";"     148";"     227";"     116";"     666";"     122";"     325";"      28";"      95";"      73";"      25"
"137";"PV20   ";"2011JJ00";"      12";"      18";"       3";"    7804";"   10075";"    2250";"     739";"     756";"     120";"     148";"     210";"     278";"     659";"     110";"     317";"      26";"      86";"      78";"      43"
"138";"PV20   ";"2012JJ00";"      11";"      17";"       3";"    7859";"   10150";"    1755";"     641";"     663";"      75";"      92";"     189";"      94";"     565";"     110";"     278";"      30";"      52";"      73";"      23"
"139";"PV20   ";"2013JJ00";"       9";"      15";"       3";"    7809";"   10150";"    1635";"     551";"     592";"      59";"      98";"     245";"      91";"     539";"     135";"     233";"      18";"      41";"      91";"      22"
"140";"PV20   ";"2014JJ00";"      10";"      17";"       3";"    8504";"   10150";"    1668";"     546";"     609";"      79";"     100";"     247";"      87";"     548";"     130";"     247";"      35";"      36";"      85";"      16"
"141";"PV20   ";"2015JJ00";"      10";"      16";"       3";"    8317";"   10150";"    1746";"     521";"     820";"      44";"      90";"     185";"      86";"     571";"     161";"     278";"      19";"      32";"      66";"      14"
"142";"PV20   ";"2016JJ00";"      10";"      18";"       4";"   11053";"       .";"    1595";"     369";"     779";"      54";"     109";"     218";"      66";"     574";"      91";"     306";"      28";"       .";"      78";"      11"
"143";"PV20   ";"2017JJ00";"      10";"      17";"       3";"   12563";"       .";"    1614";"     389";"     801";"      43";"     106";"     210";"      64";"     544";"      74";"     309";"      14";"      55";"      77";"      15"
"144";"PV20   ";"2018JJ00";"      10";"      15";"       5";"    7888";"       .";"    1799";"     481";"     834";"      41";"     165";"     192";"      86";"     663";"      86";"     356";"      16";"     102";"      79";"      24"
"145";"PV20   ";"2019JJ00";"      10";"      15";"       5";"    7888";"       .";"    1915";"     598";"     751";"      40";"     204";"     217";"     105";"     616";"     102";"     283";"      14";"     105";"      91";"      21"
"146";"PV20   ";"2020JJ00";"      11";"      17";"       5";"    8243";"       .";"     960";"     263";"     331";"      46";"     100";"     121";"      99";"     211";"      42";"      97";"       8";"      28";"      27";"       9"
"147";"PV20   ";"2021JJ00";"      11";"      19";"       2";"   12068";"     200";"     902";"     179";"     333";"      36";"     102";"      90";"     162";"     162";"      28";"      79";"       4";"      22";"      18";"      11"
"148";"PV20   ";"2022JJ00";"      11";"      20";"       5";"   13051";"       .";"    1893";"     298";"     809";"      94";"     134";"     167";"     391";"     507";"      36";"     291";"      29";"      53";"      66";"      32"
"149";"PV20   ";"2023JJ00";"      11";"      20";"       .";"   13068";"       .";"    1809";"     334";"     968";"      99";"     121";"     189";"      98";"     605";"      51";"     350";"      37";"      70";"      73";"      24"
"150";"PV21   ";"1999JJ00";"       8";"      12";"       1";"    5692";"     200";"     773";"     236";"     238";"      47";"      74";"     160";"      18";"     268";"      54";"      90";"      15";"      44";"      59";"       6"
"151";"PV21   ";"2000JJ00";"       8";"      12";"       1";"    5692";"     200";"     851";"     216";"     277";"      41";"      63";"     176";"      78";"     260";"      50";"      79";"      12";"      44";"      59";"      16"
"152";"PV21   ";"2001JJ00";"       8";"      12";"       1";"    5692";"     200";"     949";"     226";"     301";"      53";"     116";"     188";"      65";"     334";"      66";"     107";"      17";"      55";"      67";"      23"
"153";"PV21   ";"2002JJ00";"       8";"      12";"       1";"    5692";"     200";"    1015";"     305";"     276";"      55";"     107";"     214";"      58";"     333";"      68";"     101";"      12";"      60";"      75";"      17"
"154";"PV21   ";"2003JJ00";"       7";"      11";"       .";"    5017";"       .";"     934";"     227";"     223";"      48";"      86";"     188";"     161";"     331";"      59";"      87";"      12";"      47";"      84";"      43"
"155";"PV21   ";"2004JJ00";"       7";"      11";"       .";"    4937";"       .";"     860";"     264";"     217";"      62";"     106";"     157";"      54";"     296";"      61";"      83";"      19";"      56";"      60";"      16"
"156";"PV21   ";"2005JJ00";"      10";"      16";"       1";"    6997";"    1000";"    1236";"     320";"     421";"      87";"     124";"     218";"      65";"     398";"      62";"     144";"      19";"      64";"      90";"      19"
"157";"PV21   ";"2006JJ00";"      10";"      16";"       2";"    6879";"    1560";"    1237";"     317";"     388";"      69";"      92";"     207";"     164";"     325";"      58";"     105";"      16";"      47";"      67";"      31"
"158";"PV21   ";"2007JJ00";"      10";"      20";"       2";"    7104";"    1560";"    1274";"     317";"     449";"      74";"     106";"     223";"     106";"     359";"      57";"     135";"      12";"      53";"      80";"      21"
"159";"PV21   ";"2008JJ00";"      10";"      15";"       4";"    6799";"     570";"    1493";"     421";"     423";"     100";"     132";"     284";"     133";"     383";"      63";"     114";"      22";"      59";"      96";"      28"
"160";"PV21   ";"2009JJ00";"      11";"      16";"       2";"    6605";"    1850";"    1869";"     338";"     744";"     111";"     238";"     259";"     179";"     452";"      51";"     141";"      17";"     115";"      88";"      39"
"161";"PV21   ";"2010JJ00";"      11";"      16";"       2";"    7135";"    1850";"    1854";"     495";"     583";"     105";"     226";"     271";"     174";"     494";"      71";"     148";"      26";"     115";"      91";"      44"
"162";"PV21   ";"2011JJ00";"      12";"      17";"       2";"    6185";"    1850";"    1945";"     573";"     584";"      98";"     216";"     322";"     152";"     487";"      79";"     136";"      23";"     102";"     108";"      40"
"163";"PV21   ";"2012JJ00";"      13";"      18";"       2";"    6835";"    1850";"    1540";"     453";"     547";"      48";"     126";"     236";"     130";"     327";"      62";"     110";"      11";"      46";"      75";"      24"
"164";"PV21   ";"2013JJ00";"      12";"      17";"       2";"    7259";"    1850";"    1393";"     383";"     417";"      66";"     123";"     259";"     145";"     363";"      76";"     106";"      16";"      46";"      88";"      30"
"165";"PV21   ";"2014JJ00";"      12";"      21";"       2";"    7470";"    1600";"    1184";"     255";"     379";"      52";"      88";"     200";"     210";"     247";"      31";"      68";"      14";"      18";"      44";"      72"
"166";"PV21   ";"2015JJ00";"      12";"      20";"       3";"    7955";"    2100";"    1291";"     264";"     389";"      37";"     185";"     206";"     211";"     261";"      34";"      75";"       7";"      27";"      53";"      64"
"167";"PV21   ";"2016JJ00";"      11";"      18";"       2";"    7671";"    1850";"    1358";"     298";"     510";"      58";"      99";"     253";"     141";"     281";"      50";"     107";"       9";"      24";"      67";"      25"
"168";"PV21   ";"2017JJ00";"      10";"      19";"       2";"    8296";"    1850";"    1438";"     208";"     571";"      76";"     159";"     200";"     223";"     294";"      30";"     127";"      16";"      42";"      50";"      29"
"169";"PV21   ";"2018JJ00";"      12";"      23";"       4";"    9281";"    2950";"    1716";"     254";"     685";"      83";"     217";"     218";"     258";"     354";"      40";"     144";"      16";"      61";"      60";"      33"
"170";"PV21   ";"2019JJ00";"      12";"      22";"       6";"    8832";"    3900";"    1608";"     321";"     584";"      70";"     207";"     242";"     183";"     344";"      47";"     134";"      13";"      56";"      69";"      24"
"171";"PV21   ";"2020JJ00";"      11";"      19";"       4";"    8192";"    2800";"     761";"     134";"     291";"      45";"     109";"     115";"      65";"     155";"      25";"      61";"       8";"      23";"      30";"       8"
"172";"PV21   ";"2021JJ00";"      11";"      20";"       4";"    8292";"    2800";"     582";"     146";"     188";"       .";"      70";"      96";"       .";"      58";"       .";"      23";"       .";"       7";"      12";"       4"
"173";"PV21   ";"2022JJ00";"      11";"      22";"       .";"    8150";"    2400";"    1298";"     198";"     602";"      53";"     168";"     167";"     110";"     270";"      26";"     137";"       9";"      38";"      48";"      13"
"174";"PV21   ";"2023JJ00";"      11";"      20";"       .";"    8421";"       .";"    1488";"     166";"     616";"      52";"     120";"     122";"     412";"     364";"      36";"     155";"       .";"      35";"      34";"       ."
"175";"PV22   ";"1999JJ00";"       9";"      13";"       9";"    3939";"    1400";"     886";"     320";"     294";"      36";"      67";"     143";"      26";"     197";"      46";"      64";"       7";"      25";"      49";"       5"
"176";"PV22   ";"2000JJ00";"       9";"      13";"       9";"    3939";"    1400";"     752";"     245";"     213";"      56";"      61";"     136";"      41";"     167";"      31";"      43";"       7";"      29";"      43";"      13"
"177";"PV22   ";"2001JJ00";"       9";"      13";"       9";"    3939";"    1400";"     647";"     206";"     182";"      26";"      78";"     115";"      40";"     173";"      34";"      48";"       4";"      32";"      41";"      13"
"178";"PV22   ";"2002JJ00";"       9";"      13";"       9";"    3939";"    1400";"     637";"     182";"     200";"      24";"      79";"     134";"      19";"     186";"      29";"      54";"       5";"      43";"      45";"      11"
"179";"PV22   ";"2003JJ00";"       8";"       9";"       .";"    3669";"       .";"     738";"     216";"     205";"      59";"      69";"     126";"      64";"     186";"      39";"      55";"       9";"      30";"      36";"      18"
"180";"PV22   ";"2004JJ00";"       8";"       9";"       .";"    3604";"       .";"     642";"     128";"     175";"      24";"     138";"     137";"      40";"     183";"      25";"      42";"       5";"      55";"      44";"      12"
"181";"PV22   ";"2005JJ00";"       7";"      11";"       3";"    3622";"    1350";"     968";"     215";"     264";"      59";"     140";"     203";"      88";"     240";"      33";"      57";"       9";"      51";"      63";"      26"
"182";"PV22   ";"2006JJ00";"       7";"      12";"       2";"    3737";"    1100";"    1179";"     342";"     241";"      59";"     112";"     241";"     184";"     241";"      37";"      48";"      11";"      33";"      63";"      49"
"183";"PV22   ";"2007JJ00";"       7";"      12";"       2";"    3717";"    1100";"    1166";"     285";"     256";"      76";"      98";"     238";"     212";"     234";"      33";"      50";"      11";"      30";"      60";"      50"
"184";"PV22   ";"2008JJ00";"       7";"      12";"       1";"    5108";"     800";"    1047";"     197";"     282";"      44";"      77";"     221";"     227";"     228";"      29";"      60";"       8";"      22";"      66";"      43"
"185";"PV22   ";"2009JJ00";"       7";"      11";"       2";"    3718";"      80";"     911";"     199";"     250";"      81";"     128";"     155";"      99";"     216";"      28";"      53";"      11";"      62";"      41";"      21"
"186";"PV22   ";"2010JJ00";"       7";"      12";"       2";"    3788";"    1300";"    1061";"     344";"     274";"      47";"     119";"     203";"      74";"     212";"      49";"      61";"       9";"      31";"      48";"      14"
"187";"PV22   ";"2011JJ00";"       6";"       9";"       2";"    3096";"      80";"     873";"     193";"     242";"      40";"      63";"     169";"     165";"     171";"      25";"      49";"       7";"      18";"      42";"      30"
"188";"PV22   ";"2012JJ00";"       7";"      11";"       2";"    4385";"    2000";"     753";"     162";"     194";"      53";"      68";"     164";"     111";"     166";"      22";"      49";"       9";"      18";"      46";"      22"
"189";"PV22   ";"2013JJ00";"       9";"      14";"       2";"    4865";"    2000";"    1244";"     335";"     402";"      59";"     115";"     214";"     118";"     390";"      74";"      98";"      21";"      87";"      72";"      39"
"190";"PV22   ";"2014JJ00";"      10";"      14";"       0";"    4552";"       0";"    1113";"     357";"     283";"      73";"      77";"     217";"     105";"     222";"      44";"      67";"      13";"      21";"      56";"      21"
"191";"PV22   ";"2015JJ00";"      10";"      16";"       0";"    4732";"       0";"    1250";"     437";"     312";"      34";"     105";"     219";"     143";"     230";"      48";"      75";"       6";"      26";"      54";"      21"
"192";"PV22   ";"2016JJ00";"       8";"      13";"       0";"    4290";"       0";"     976";"     205";"     291";"      35";"      63";"     194";"     188";"     226";"      27";"      64";"       6";"      18";"      55";"      56"
"193";"PV22   ";"2017JJ00";"       8";"      12";"       0";"    4387";"       0";"     928";"     210";"     231";"      26";"      82";"     150";"     230";"     198";"      27";"      56";"       5";"      27";"      42";"      40"
"194";"PV22   ";"2018JJ00";"       7";"      12";"       0";"    4465";"       0";"     858";"     128";"     203";"      16";"     128";"     164";"     220";"     213";"      20";"      60";"       3";"      38";"      47";"      43"
"195";"PV22   ";"2019JJ00";"       7";"      12";"       0";"    4465";"       0";"     888";"     129";"     199";"      22";"     121";"     174";"     242";"     211";"      21";"      61";"       4";"      36";"      51";"      38"
"196";"PV22   ";"2020JJ00";"       7";"      11";"       2";"    4505";"       0";"     460";"      73";"     108";"      14";"     106";"      86";"      72";"      96";"      11";"      19";"       3";"      15";"      23";"      25"
"197";"PV22   ";"2021JJ00";"       7";"      12";"       0";"    4132";"       0";"     309";"      60";"      75";"      20";"      43";"      77";"      33";"      37";"       6";"      10";"       .";"       .";"      11";"       3"
"198";"PV22   ";"2022JJ00";"       7";"      12";"       .";"    4550";"       .";"     627";"     120";"     229";"      22";"      65";"     126";"      65";"     111";"      12";"      47";"       2";"      14";"      29";"       7"
"199";"PV22   ";"2023JJ00";"       7";"      12";"       .";"    4543";"       .";"     752";"     131";"     258";"      19";"      97";"     167";"      80";"     224";"      25";"      86";"       .";"      32";"      55";"       ."
"200";"PV23   ";"1999JJ00";"      26";"      40";"      15";"   16240";"   28324";"    2604";"     662";"     752";"     222";"     277";"     491";"     201";"    1036";"     121";"     405";"      89";"     132";"     158";"     131"
"201";"PV23   ";"2000JJ00";"      25";"      38";"      15";"   15113";"   28324";"    2725";"     724";"     762";"     188";"     249";"     442";"     359";"    1009";"     116";"     397";"      85";"     118";"     155";"     139"
"202";"PV23   ";"2001JJ00";"      26";"      40";"      15";"   16240";"   28324";"    2628";"     603";"     783";"     142";"     252";"     544";"     304";"    1010";"     109";"     396";"      75";"     121";"     165";"     142"
"203";"PV23   ";"2002JJ00";"      25";"      41";"      15";"   16840";"   28324";"    2735";"     569";"     768";"     158";"     335";"     462";"     443";"    1049";"      94";"     392";"      78";"     153";"     146";"     185"
"204";"PV23   ";"2003JJ00";"      25";"      39";"       .";"   16629";"       .";"    2682";"     502";"     829";"     180";"     302";"     460";"     408";"     761";"      93";"     254";"      45";"     136";"     151";"      82"
"205";"PV23   ";"2004JJ00";"      24";"      38";"       .";"   16023";"       .";"    2398";"     447";"     782";"     121";"     216";"     489";"     343";"     676";"      76";"     240";"      39";"      93";"     164";"      64"
"206";"PV23   ";"2005JJ00";"      24";"      36";"       9";"   15642";"   12210";"    3016";"     657";"    1110";"     145";"     224";"     472";"     408";"     694";"     107";"     286";"      25";"      91";"     129";"      56"
"207";"PV23   ";"2006JJ00";"      24";"      38";"      11";"   22555";"   12760";"    3063";"     639";"    1153";"     155";"     289";"     494";"     333";"     770";"      93";"     294";"      36";"     142";"     145";"      61"
"208";"PV23   ";"2007JJ00";"      24";"      39";"      11";"   24510";"   12760";"    3551";"     907";"    1335";"     159";"     210";"     501";"     437";"     769";"     104";"     321";"      33";"      87";"     156";"      68"
"209";"PV23   ";"2008JJ00";"      24";"      39";"      11";"   23543";"   12819";"    2904";"     739";"     972";"     110";"     295";"     472";"     316";"     881";"      94";"     314";"      29";"     203";"     146";"      95"
"210";"PV23   ";"2009JJ00";"      24";"      40";"      13";"   24581";"   12119";"    3318";"     661";"    1442";"     114";"     335";"     465";"     300";"     907";"      83";"     454";"      26";"     129";"     154";"      62"
"211";"PV23   ";"2010JJ00";"      24";"      40";"       8";"   24581";"   12119";"    3242";"     699";"    1170";"     127";"     272";"     491";"     482";"     842";"     101";"     358";"      32";"     107";"     147";"      97"
"212";"PV23   ";"2011JJ00";"      23";"      40";"       8";"   23731";"   10410";"    3068";"     747";"    1141";"     118";"     273";"     468";"     320";"     844";"     101";"     349";"      51";"     119";"     135";"      88"
"213";"PV23   ";"2012JJ00";"      22";"      40";"       6";"   22201";"   10000";"    3111";"     709";"    1116";"     104";"     238";"     449";"     495";"     806";"     104";"     361";"      50";"      96";"     115";"      80"
"214";"PV23   ";"2013JJ00";"      23";"      40";"      10";"   22425";"   10550";"    2798";"     631";"    1099";"     101";"     233";"     496";"     238";"     725";"      98";"     314";"      33";"      76";"     137";"      67"
"215";"PV23   ";"2014JJ00";"      23";"      42";"      10";"   22705";"   14200";"    3371";"     436";"    1450";"     121";"     271";"     423";"     670";"     831";"      71";"     383";"      29";"      90";"     111";"     148"
"216";"PV23   ";"2015JJ00";"      23";"      43";"      10";"   23209";"   13050";"    3232";"     378";"    1264";"      98";"     327";"     497";"     668";"     847";"      58";"     391";"      25";"      96";"     130";"     147"
"217";"PV23   ";"2016JJ00";"      23";"      50";"      13";"   27321";"   13700";"    3026";"     345";"    1307";"      90";"     302";"     523";"     458";"     811";"      54";"     391";"      24";"      91";"     148";"     102"
"218";"PV23   ";"2017JJ00";"      24";"      42";"      10";"   16941";"   13700";"    3289";"     372";"    1402";"     107";"     322";"     500";"     586";"     824";"      55";"     411";"      24";"      91";"     129";"     114"
"219";"PV23   ";"2018JJ00";"      23";"      44";"      10";"   16706";"   22200";"    3084";"     427";"    1198";"     103";"     429";"     494";"     433";"     867";"      70";"     390";"      25";"     158";"     145";"      81"
"220";"PV23   ";"2019JJ00";"      23";"      44";"      11";"   17291";"   23450";"    3205";"     361";"    1280";"     110";"     499";"     589";"     365";"     891";"      62";"     413";"      29";"     146";"     177";"      64"
"221";"PV23   ";"2020JJ00";"      23";"      43";"      12";"   18942";"   24450";"    1627";"     295";"     568";"      53";"     281";"     345";"      85";"     334";"      35";"     126";"      13";"      60";"      79";"      21"
"222";"PV23   ";"2021JJ00";"      22";"      45";"       5";"   19911";"    4950";"    1269";"     205";"     434";"      53";"     162";"     286";"     129";"     178";"      17";"      78";"       4";"      22";"      38";"      18"
"223";"PV23   ";"2022JJ00";"      23";"      48";"       .";"   16413";"       .";"    3013";"     377";"    1174";"     106";"     428";"     531";"     397";"     690";"       .";"     341";"       .";"      85";"     136";"      66"
"224";"PV23   ";"2023JJ00";"      23";"      47";"       4";"   17930";"       .";"    2978";"     266";"    1314";"      86";"     437";"     460";"     415";"     882";"       .";"     460";"       .";"     122";"     153";"      75"
"225";"PV24   ";"1999JJ00";"       .";"       .";"       .";"       .";"       .";"       .";"       .";"       .";"       .";"       .";"       .";"       .";"       .";"       .";"       .";"       .";"       .";"       .";"       ."
"226";"PV24   ";"2000JJ00";"       .";"       .";"       .";"       .";"       .";"       .";"       .";"       .";"       .";"       .";"       .";"       .";"       .";"       .";"       .";"       .";"       .";"       .";"       ."
"227";"PV24   ";"2001JJ00";"       .";"       .";"       .";"       .";"       .";"       .";"       .";"       .";"       .";"       .";"       .";"       .";"       .";"       .";"       .";"       .";"       .";"       .";"       ."
"228";"PV24   ";"2002JJ00";"       .";"       .";"       .";"       .";"       .";"       .";"       .";"       .";"       .";"       .";"       .";"       .";"       .";"       .";"       .";"       .";"       .";"       .";"       ."
"229";"PV24   ";"2003JJ00";"       .";"       .";"       .";"       .";"       .";"       .";"       .";"       .";"       .";"       .";"       .";"       .";"       .";"       .";"       .";"       .";"       .";"       .";"       ."
"230";"PV24   ";"2004JJ00";"       .";"       .";"       .";"       .";"       .";"       .";"       .";"       .";"       .";"       .";"       .";"       .";"       .";"       .";"       .";"       .";"       .";"       .";"       ."
"231";"PV24   ";"2005JJ00";"       6";"       9";"       5";"    5042";"    2165";"    1108";"     174";"     379";"      61";"     205";"     180";"     109";"     339";"      29";"     124";"      14";"      95";"      50";"      27"
"232";"PV24   ";"2006JJ00";"       5";"       8";"       5";"    3673";"    2165";"     620";"     127";"     150";"      53";"      76";"     153";"      61";"     163";"      20";"      42";"      12";"      33";"      44";"      11"
"233";"PV24   ";"2007JJ00";"       5";"       9";"       5";"    4523";"    2678";"     588";"      96";"     197";"      25";"     134";"     102";"      34";"     175";"      20";"      54";"       8";"      38";"      50";"       6"
"234";"PV24   ";"2008JJ00";"       5";"       9";"       7";"    4364";"    3478";"     638";"      85";"     205";"      29";"     100";"     131";"      88";"     199";"      16";"      45";"       8";"      48";"      53";"      30"
"235";"PV24   ";"2009JJ00";"       5";"       9";"       7";"    4152";"    3916";"     663";"     126";"     204";"      31";"      96";"     141";"      65";"     173";"      17";"      45";"       7";"      43";"      49";"      12"
"236";"PV24   ";"2010JJ00";"       5";"      10";"       7";"    4203";"    4116";"     682";"     131";"     181";"      40";"     126";"     138";"      66";"     327";"      36";"      70";"      19";"     113";"      58";"      31"
"237";"PV24   ";"2011JJ00";"       5";"      10";"       5";"    4240";"     740";"     658";"     111";"     173";"      36";"     126";"     119";"      92";"     240";"      22";"      46";"       9";"      73";"      36";"      55"
"238";"PV24   ";"2012JJ00";"       5";"      10";"       4";"    4223";"    2938";"     565";"      78";"     157";"      21";"      47";"     146";"     115";"     149";"      18";"      37";"       6";"      17";"      45";"      27"
"239";"PV24   ";"2013JJ00";"       5";"      10";"       5";"    4223";"    3163";"     488";"      89";"     178";"      15";"      50";"     108";"      48";"     134";"      17";"      39";"       5";"      16";"      32";"      24"
"240";"PV24   ";"2014JJ00";"       6";"      12";"       5";"    4523";"    3163";"     551";"      93";"     197";"      19";"      53";"     103";"      87";"     155";"      12";"      42";"       8";"      16";"      30";"      47"
"241";"PV24   ";"2015JJ00";"       6";"      13";"       5";"    4652";"    3363";"     581";"      67";"     218";"      21";"      49";"     145";"      80";"     128";"      11";"      35";"       5";"      16";"      42";"      19"
"242";"PV24   ";"2016JJ00";"       6";"      13";"       5";"    4652";"    3363";"     519";"      65";"     230";"      18";"      47";"     119";"      40";"     124";"      14";"      43";"       4";"      15";"      37";"      12"
"243";"PV24   ";"2017JJ00";"       6";"      13";"       5";"    4652";"    3363";"     549";"      70";"     245";"      22";"      44";"     136";"      32";"     124";"      13";"      46";"       4";"      13";"      37";"      10"
"244";"PV24   ";"2018JJ00";"       6";"      13";"       5";"    4652";"    3363";"     586";"      60";"     258";"      18";"      40";"     142";"      68";"     127";"      11";"      49";"       5";"      11";"      36";"      15"
"245";"PV24   ";"2019JJ00";"       6";"      13";"       5";"    4652";"    3363";"     535";"      59";"     214";"      16";"      46";"     142";"      58";"     125";"       8";"      40";"       4";"      14";"      46";"      13"
"246";"PV24   ";"2020JJ00";"       6";"      13";"       5";"    4752";"    3363";"     295";"      41";"     125";"       5";"      35";"      84";"       4";"      56";"       8";"      22";"       0";"       8";"      17";"       ."
"247";"PV24   ";"2021JJ00";"       7";"      14";"       5";"    5572";"    3363";"     273";"      87";"      94";"       .";"      46";"      37";"       .";"      57";"       .";"       8";"       0";"       .";"       6";"       0"
"248";"PV24   ";"2022JJ00";"       7";"      13";"       .";"    5657";"       .";"     594";"      73";"     290";"      29";"      58";"     115";"      29";"     136";"       .";"      57";"       .";"      18";"      36";"       5"
"249";"PV24   ";"2023JJ00";"       8";"      14";"       4";"    5723";"     515";"     808";"     129";"     356";"      42";"     133";"     107";"      41";"     197";"       .";"      71";"       .";"      54";"      36";"       8"
"250";"PV25   ";"1999JJ00";"      30";"      37";"       3";"   15679";"    1400";"    2895";"    1017";"     639";"     202";"     305";"     573";"     159";"     807";"     171";"     230";"      68";"     139";"     164";"      36"
"251";"PV25   ";"2000JJ00";"      29";"      38";"       3";"   16054";"    1400";"    3407";"    1509";"     724";"     165";"     196";"     466";"     347";"     766";"     215";"     208";"      49";"      95";"     134";"      65"
"252";"PV25   ";"2001JJ00";"      28";"      41";"       3";"   18597";"    1400";"    3117";"    1325";"     638";"     158";"     225";"     541";"     229";"     801";"     230";"     218";"      55";"     107";"     146";"      46"
"253";"PV25   ";"2002JJ00";"      29";"      42";"       3";"   18803";"    1400";"    3824";"    1715";"     684";"     224";"     213";"     592";"     395";"     917";"     219";"     271";"      59";"     118";"     173";"      77"
"254";"PV25   ";"2003JJ00";"      28";"      43";"       .";"   19682";"       .";"    3187";"     889";"     949";"     221";"     259";"     556";"     314";"     919";"     162";"     308";"      59";"     138";"     175";"      78"
"255";"PV25   ";"2004JJ00";"      29";"      44";"       .";"   19969";"       .";"    3078";"     921";"     895";"     162";"     287";"     613";"     199";"     871";"     150";"     293";"      55";"     145";"     191";"      36"
"256";"PV25   ";"2005JJ00";"      34";"      51";"       9";"   22162";"   36700";"    5248";"    1580";"    1558";"     357";"     451";"     906";"     395";"    1242";"     178";"     517";"      62";"     208";"     222";"      55"
"257";"PV25   ";"2006JJ00";"      34";"      49";"       5";"   22866";"   35650";"    5597";"    1783";"    1609";"     394";"     520";"     924";"     368";"    1651";"     229";"     809";"      82";"     229";"     234";"      68"
"258";"PV25   ";"2007JJ00";"      35";"      52";"      19";"   22547";"   40541";"    4688";"    1616";"    1429";"     229";"     446";"     714";"     254";"    1616";"     228";"     821";"      59";"     215";"     227";"      67"
"259";"PV25   ";"2008JJ00";"      34";"      52";"       6";"   23256";"   40150";"    5790";"    1999";"    1460";"     367";"     528";"     936";"     500";"    1845";"     195";"    1020";"      70";"     229";"     242";"      89"
"260";"PV25   ";"2009JJ00";"      35";"      53";"       6";"   23311";"   40150";"    4635";"    1397";"    1596";"     233";"     400";"     737";"     271";"    1578";"     223";"     828";"      62";"     187";"     218";"      62"
"261";"PV25   ";"2010JJ00";"      36";"      55";"       6";"   24359";"   40150";"    5263";"    1777";"    1573";"     244";"     450";"     692";"     527";"    1611";"     226";"     822";"      67";"     186";"     189";"     121"
"262";"PV25   ";"2011JJ00";"      37";"      57";"       6";"   23162";"   35280";"    5124";"    1766";"    1479";"     261";"     452";"     784";"     381";"    1775";"     239";"     954";"      68";"     175";"     236";"     103"
"263";"PV25   ";"2012JJ00";"      37";"      56";"       4";"   24270";"   46000";"    4938";"    1895";"    1383";"     206";"     413";"     727";"     314";"    1258";"     206";"     586";"      64";"     131";"     204";"      67"
"264";"PV25   ";"2013JJ00";"      39";"      57";"       4";"   24722";"   36600";"    4502";"    1577";"    1393";"     181";"     309";"     822";"     221";"    1322";"     186";"     680";"      60";"     119";"     210";"      67"
"265";"PV25   ";"2014JJ00";"      40";"      57";"       3";"   26199";"   28000";"    4352";"    1457";"    1378";"     217";"     317";"     715";"     268";"    1142";"     195";"     523";"      64";"     103";"     190";"      67"
"266";"PV25   ";"2015JJ00";"      40";"      57";"       3";"   25432";"   30000";"    4540";"    1527";"    1480";"     184";"     332";"     765";"     251";"    1222";"     191";"     579";"      51";"     133";"     208";"      59"
"267";"PV25   ";"2016JJ00";"      40";"      60";"       6";"   24302";"       .";"    4770";"    1400";"    1732";"     185";"     371";"     781";"     300";"    1348";"     181";"     686";"      50";"     125";"     216";"      89"
"268";"PV25   ";"2017JJ00";"      40";"      57";"       5";"   23572";"       .";"    4646";"    1341";"    1528";"     201";"     397";"     847";"     332";"    1423";"     175";"     771";"      54";"     127";"     218";"      77"
"269";"PV25   ";"2018JJ00";"      39";"      61";"       5";"   26093";"       .";"    4553";"    1299";"    1540";"     156";"     449";"     795";"     314";"    1481";"     184";"     750";"      64";"     172";"     244";"      67"
"270";"PV25   ";"2019JJ00";"      39";"      66";"       5";"   26246";"       .";"    4774";"    1273";"    1698";"     196";"     473";"     842";"     293";"    1469";"     176";"     776";"      62";"     139";"     261";"      55"
"271";"PV25   ";"2020JJ00";"      39";"      62";"       4";"   25879";"       .";"    1912";"     316";"     680";"      79";"     242";"     469";"     125";"     444";"      47";"     207";"      20";"      50";"      98";"      22"
"272";"PV25   ";"2021JJ00";"      39";"      63";"       3";"   26568";"       .";"    1929";"     350";"     653";"     129";"     144";"     490";"     163";"     302";"      38";"     140";"      12";"      27";"      71";"      14"
"273";"PV25   ";"2022JJ00";"      43";"      69";"       7";"   28114";"       .";"    4090";"     579";"    1792";"     169";"     409";"     809";"     332";"    1346";"      96";"     819";"      43";"     115";"     212";"      61"
"274";"PV25   ";"2023JJ00";"      44";"      70";"      10";"   27724";"       .";"    5709";"     885";"    2160";"     240";"     668";"    1089";"     667";"    1832";"     126";"    1142";"      55";"     161";"     254";"      93"
"275";"PV26   ";"1999JJ00";"      23";"      26";"      17";"   11869";"   14300";"    3183";"     818";"    1387";"     195";"     363";"     252";"     168";"    1184";"     143";"     625";"      46";"     224";"     105";"      41"
"276";"PV26   ";"2000JJ00";"      23";"      26";"      17";"   11869";"   14300";"    3140";"     795";"    1095";"      94";"     514";"     214";"     428";"    1280";"     136";"     487";"      38";"     401";"      79";"     140"
"277";"PV26   ";"2001JJ00";"      25";"      29";"      17";"   12386";"   14300";"    3483";"     835";"    1534";"     124";"     538";"     250";"     201";"    1364";"     136";"     591";"      34";"     465";"      83";"      55"
"278";"PV26   ";"2002JJ00";"      26";"      30";"      17";"   12539";"   14300";"    4146";"    1277";"    1642";"     181";"     556";"     294";"     195";"    1552";"     212";"     627";"      49";"     498";"     121";"      45"
"279";"PV26   ";"2003JJ00";"      23";"      28";"       .";"   12528";"       .";"    4218";"    1077";"    1580";"     228";"     498";"     380";"     455";"    1396";"     157";"     598";"      45";"     400";"     126";"      70"
"280";"PV26   ";"2004JJ00";"      24";"      29";"       .";"   14014";"       .";"    4268";"    1214";"    1558";"     188";"     443";"     395";"     470";"    1490";"     135";"     594";"      45";"     492";"     139";"      84"
"281";"PV26   ";"2005JJ00";"      27";"      37";"       2";"   18169";"     200";"    4461";"    1160";"    1619";"     213";"     624";"     500";"     346";"    1708";"     193";"     563";"      43";"     620";"     167";"     124"
"282";"PV26   ";"2006JJ00";"      27";"      35";"       0";"   17658";"       0";"    4480";"    1172";"    1460";"     242";"     631";"     604";"     371";"    1544";"     201";"     419";"      59";"     522";"     224";"     119"
"283";"PV26   ";"2007JJ00";"      27";"      37";"       1";"   17937";"     200";"    4451";"    1216";"    1359";"     257";"     685";"     592";"     341";"    1482";"     182";"     341";"      48";"     620";"     192";"      98"
"284";"PV26   ";"2008JJ00";"      27";"      36";"       1";"   16557";"     200";"    4547";"    1196";"    1735";"     201";"     648";"     515";"     252";"    1601";"     188";"     541";"      43";"     546";"     180";"     101"
"285";"PV26   ";"2009JJ00";"      27";"      36";"      21";"   16524";"     400";"    4746";"    1218";"    1756";"     215";"     746";"     498";"     312";"    1552";"     194";"     493";"      40";"     593";"     160";"      73"
"286";"PV26   ";"2010JJ00";"      28";"      37";"       1";"   17100";"     200";"    4297";"    1180";"    1427";"     184";"     655";"     441";"     410";"    1503";"     194";"     483";"      48";"     500";"     156";"     121"
"287";"PV26   ";"2011JJ00";"      28";"      37";"       1";"   15358";"     200";"    4695";"    1539";"    1378";"     212";"     694";"     465";"     406";"    1647";"     261";"     419";"      42";"     680";"     126";"     120"
"288";"PV26   ";"2012JJ00";"      28";"      39";"       1";"   16829";"     120";"    4421";"    1413";"    1353";"     186";"     530";"     496";"     443";"    1381";"     201";"     479";"      38";"     412";"     147";"     104"
"289";"PV26   ";"2013JJ00";"      27";"      38";"       7";"   16928";"    1820";"    4619";"    1289";"    1624";"     220";"     609";"     533";"     344";"    1452";"     189";"     528";"      48";"     424";"     161";"     101"
"290";"PV26   ";"2014JJ00";"      28";"      42";"       8";"   19711";"    2820";"    4065";"    1151";"    1317";"     236";"     591";"     509";"     262";"    1397";"     160";"     526";"      58";"     416";"     155";"      82"
"291";"PV26   ";"2015JJ00";"      26";"      40";"      12";"   16311";"    7988";"    3885";"     885";"    1482";"     280";"     566";"     366";"     306";"    1578";"     133";"     709";"     189";"     385";"     101";"      60"
"292";"PV26   ";"2016JJ00";"      26";"      41";"      13";"   19277";"    8487";"    4713";"    1115";"    1953";"     251";"     566";"     530";"     299";"    1649";"     173";"     812";"      78";"       .";"     138";"      55"
"293";"PV26   ";"2017JJ00";"      25";"      38";"      12";"   18400";"    8462";"    4807";"    1124";"    2082";"     204";"     609";"     474";"     313";"    1551";"     149";"     694";"      42";"       .";"     132";"      67"
"294";"PV26   ";"2018JJ00";"      25";"      38";"      13";"   18609";"    8762";"    4833";"    1008";"    2104";"     277";"     704";"     522";"     219";"    1571";"     150";"     772";"      48";"     420";"     137";"      43"
"295";"PV26   ";"2019JJ00";"      25";"      38";"      13";"   18659";"    8762";"    4893";"    1029";"    2153";"     240";"     679";"     536";"     256";"    1626";"     146";"     756";"      49";"       .";"     166";"      50"
"296";"PV26   ";"2020JJ00";"      24";"      37";"       8";"   18125";"    2930";"    2077";"     526";"     681";"     140";"     251";"     354";"     124";"     435";"      63";"     205";"      17";"      52";"      78";"      19"
"297";"PV26   ";"2021JJ00";"      27";"      41";"       9";"   21361";"    7772";"    2208";"     469";"     769";"     107";"     336";"     252";"     275";"     490";"      43";"     206";"       .";"       .";"      43";"      42"
"298";"PV26   ";"2022JJ00";"      27";"      42";"       9";"   20038";"    4020";"    4355";"     728";"    2066";"     175";"     645";"     470";"     271";"    1583";"     117";"     852";"      40";"     350";"     156";"      68"
"299";"PV26   ";"2023JJ00";"      26";"      42";"       6";"   19727";"       .";"    4695";"       .";"    2103";"       .";"       .";"     470";"     324";"    1612";"       .";"     806";"       .";"       .";"       .";"      55"
"300";"PV27   ";"1999JJ00";"      82";"      89";"      18";"   35363";"   17650";"    9556";"    3683";"    2419";"     906";"     905";"    1192";"     451";"    3394";"     492";"    1425";"     333";"     523";"     406";"     214"
"301";"PV27   ";"2000JJ00";"      81";"      89";"      18";"   35363";"   17650";"   11285";"    4471";"    3189";"     912";"     810";"    1172";"     731";"    3811";"     600";"    1652";"     364";"     574";"     338";"     282"
"302";"PV27   ";"2001JJ00";"      77";"      92";"      18";"   35779";"   17650";"   12120";"    4162";"    3867";"     615";"     793";"    1350";"    1334";"    3856";"     658";"    1709";"     256";"     457";"     524";"     252"
"303";"PV27   ";"2002JJ00";"      75";"      93";"      18";"   36079";"   17650";"   11997";"    4330";"    4042";"     779";"     808";"    1299";"     738";"    4018";"     627";"    1831";"     286";"     550";"     536";"     188"
"304";"PV27   ";"2003JJ00";"      75";"     105";"       .";"   40560";"       .";"   14313";"    5177";"    3786";"    1024";"    1192";"    1637";"    1497";"    4301";"     702";"    1740";"     286";"     742";"     560";"     271"
"305";"PV27   ";"2004JJ00";"      73";"     103";"       .";"   41870";"       .";"   14765";"    4756";"    4511";"    1020";"     976";"    2049";"    1453";"    4377";"     589";"    2066";"     242";"     599";"     680";"     201"
"306";"PV27   ";"2005JJ00";"      81";"     122";"      39";"   56644";"  148057";"   16008";"    4834";"    4620";"    1177";"    1309";"    2364";"    1703";"    4584";"     661";"    1869";"     252";"     712";"     781";"     309"
"307";"PV27   ";"2006JJ00";"      83";"     124";"      40";"   57283";"  116607";"   15831";"    4476";"    5743";"     945";"    1412";"    2043";"    1212";"    5648";"     544";"    3117";"     370";"     856";"     549";"     212"
"308";"PV27   ";"2007JJ00";"      84";"     133";"      48";"   58704";"  117935";"   16791";"    4564";"    5901";"    1185";"    1205";"    2095";"    1841";"    5053";"     512";"    2691";"     275";"     698";"     573";"     305"
"309";"PV27   ";"2008JJ00";"      82";"     125";"      50";"   62136";"  102035";"   16764";"    4763";"    6550";"     702";"    1737";"    2062";"     950";"    5492";"     569";"    3003";"     233";"     769";"     600";"     317"
"310";"PV27   ";"2009JJ00";"      82";"     130";"      40";"   55931";"   63978";"   16960";"    4786";"    7063";"    1417";"     970";"    1631";"    1092";"    5735";"     810";"    3420";"     198";"     462";"     540";"     303"
"311";"PV27   ";"2010JJ00";"      83";"     131";"      39";"   60702";"   64095";"   15682";"    5111";"    5933";"     705";"    1196";"    1661";"    1075";"    5344";"     739";"    2938";"     226";"     606";"     506";"     330"
"312";"PV27   ";"2011JJ00";"      87";"     138";"      39";"   55854";"   63043";"   16825";"    6060";"    5968";"     640";"    1187";"    1926";"    1044";"    5309";"     756";"    2851";"     150";"     638";"     572";"     343"
"313";"PV27   ";"2012JJ00";"      87";"     140";"      39";"   65772";"   57940";"   16735";"    5509";"    6358";"     552";"    1044";"    1885";"    1387";"    5199";"     707";"    3018";"     123";"     486";"     544";"     320"
"314";"PV27   ";"2013JJ00";"      84";"     135";"      40";"   64655";"   58190";"   15367";"    4280";"    6571";"     540";"     848";"    1857";"    1271";"    6187";"     684";"    3927";"     210";"     398";"     582";"     385"
"315";"PV27   ";"2014JJ00";"      81";"     136";"      35";"   66271";"   58227";"   15972";"    4326";"    6219";"     550";"     860";"    2029";"    1989";"    6361";"     866";"    3827";"     243";"     374";"     526";"     525"
"316";"PV27   ";"2015JJ00";"      81";"     131";"      32";"   66857";"   59200";"   16129";"    4998";"    5830";"     654";"     868";"    1979";"    1800";"    6777";"     943";"    3922";"     270";"     461";"     593";"     588"
"317";"PV27   ";"2016JJ00";"      78";"     126";"      32";"   66379";"   89750";"   15275";"    4289";"    5869";"     668";"     832";"    1840";"    1777";"    6458";"     767";"    3853";"     279";"     450";"     623";"     485"
"318";"PV27   ";"2017JJ00";"      77";"     127";"      33";"   68347";"   98750";"   15201";"    3876";"    6098";"     714";"     881";"    2059";"    1572";"    6608";"     710";"    4384";"     222";"     370";"     565";"     357"
"319";"PV27   ";"2018JJ00";"      76";"     131";"      34";"   69573";"   92275";"   15503";"    3655";"    5812";"     619";"    1113";"    2377";"    1927";"    6760";"     550";"    4285";"     226";"     633";"     725";"     340"
"320";"PV27   ";"2019JJ00";"      75";"     148";"      35";"   66422";"   94200";"   15351";"    3448";"    5638";"     755";"    1142";"    2202";"    2166";"    6814";"     539";"    4106";"     270";"     780";"     750";"     370"
"321";"PV27   ";"2020JJ00";"      73";"     128";"      26";"   66031";"   87350";"    7811";"    2310";"    2224";"     434";"     883";"    1053";"     907";"    1669";"     258";"     827";"      79";"     154";"     239";"     111"
"322";"PV27   ";"2021JJ00";"      73";"     133";"      25";"   69214";"       .";"    7104";"    1375";"    1735";"     582";"     564";"     959";"    1889";"    1378";"     194";"     614";"      80";"     155";"     197";"     138"
"323";"PV27   ";"2022JJ00";"      76";"     132";"      40";"   68129";"  102350";"   13129";"    2837";"    5334";"     874";"    1014";"    1483";"    1587";"    6446";"     433";"    4384";"     333";"     517";"     491";"     288"
"324";"PV27   ";"2023JJ00";"      75";"     136";"      48";"   67095";"  107948";"   13628";"    2897";"    5740";"     724";"    1368";"    1790";"    1109";"    7198";"     543";"    4526";"     399";"     844";"     644";"     241"
"325";"PV28   ";"1999JJ00";"      63";"      90";"      59";"   30250";"   42750";"    8698";"    3059";"    1967";"     743";"     961";"    1330";"     639";"    3778";"     488";"    1469";"     370";"     824";"     491";"     135"
"326";"PV28   ";"2000JJ00";"      63";"      89";"      59";"   30250";"   42750";"    7897";"    2718";"    1679";"     632";"     889";"    1371";"     609";"    3594";"     420";"    1598";"     218";"     784";"     447";"     127"
"327";"PV28   ";"2001JJ00";"      62";"      91";"      59";"   31700";"   42750";"    8516";"    2905";"    1841";"     500";"    1112";"    1272";"     886";"    4307";"     498";"    1635";"     155";"     995";"     526";"     498"
"328";"PV28   ";"2002JJ00";"      62";"      95";"      59";"   35636";"   42750";"    8777";"    3012";"    1730";"     630";"     940";"    1511";"     954";"    4159";"     508";"    1564";"     205";"     972";"     470";"     440"
"329";"PV28   ";"2003JJ00";"      62";"      93";"       .";"   36107";"       .";"    9690";"    3178";"    2084";"     622";"    1293";"    1552";"     961";"    4602";"     523";"    1791";"     185";"    1366";"     506";"     231"
"330";"PV28   ";"2004JJ00";"      61";"      92";"       .";"   37879";"       .";"    9640";"    3063";"    2501";"     539";"    1080";"    1523";"     934";"    4378";"     520";"    1908";"     155";"    1016";"     511";"     267"
"331";"PV28   ";"2005JJ00";"      66";"     103";"      38";"   52801";"   52870";"   10358";"    2732";"    3338";"     668";"    1242";"    1703";"     675";"    4572";"     608";"    1929";"     157";"    1107";"     525";"     246"
"332";"PV28   ";"2006JJ00";"      66";"     100";"      38";"   51723";"   35370";"   10875";"    3319";"    2969";"     716";"    1426";"    1831";"     615";"    4641";"     541";"    1523";"     221";"    1443";"     636";"     277"
"333";"PV28   ";"2007JJ00";"      66";"     106";"      43";"   60417";"   28940";"   11875";"    3862";"    2806";"     786";"    1497";"    2202";"     722";"    5124";"     600";"    1995";"     172";"    1198";"     622";"     536"
"334";"PV28   ";"2008JJ00";"      65";"      98";"      11";"   62552";"   71000";"   11654";"    3644";"    2665";"     518";"    1863";"    1990";"     974";"    5081";"     581";"    1431";"     179";"    1803";"     695";"     392"
"335";"PV28   ";"2009JJ00";"      61";"      98";"       8";"   50570";"    8000";"   11170";"    3336";"    3247";"     569";"    1507";"    1608";"     903";"    4466";"     522";"    1366";"     160";"    1464";"     597";"     358"
"336";"PV28   ";"2010JJ00";"      63";"     103";"       9";"   50972";"    8250";"   10425";"    3511";"    2810";"     417";"    1239";"    1552";"     896";"    4275";"     598";"    1303";"     155";"    1179";"     597";"     443"
"337";"PV28   ";"2011JJ00";"      65";"     103";"      10";"   50539";"    1350";"   11507";"    3555";"    3030";"     656";"    1374";"    1885";"    1007";"    4331";"     539";"    1406";"     199";"    1004";"     618";"     565"
"338";"PV28   ";"2012JJ00";"      63";"      93";"      15";"   58639";"    8000";"   10561";"    3219";"    2708";"     465";"    1498";"    1620";"    1049";"    3946";"     563";"    1363";"     125";"    1177";"     409";"     309"
"339";"PV28   ";"2013JJ00";"      59";"      93";"      15";"   51074";"   14500";"    9086";"    2732";"    2418";"     501";"    1113";"    1646";"     675";"    3620";"     742";"    1203";"     162";"     814";"     415";"     284"
"340";"PV28   ";"2014JJ00";"      61";"      98";"      15";"   56750";"   26500";"   10403";"    2444";"    2695";"     507";"    1514";"    1556";"    1687";"    3526";"     392";"    1256";"     151";"    1073";"     369";"     286"
"341";"PV28   ";"2015JJ00";"      61";"     101";"      14";"   51883";"   15800";"   10065";"    2514";"    3100";"     527";"    1321";"    1569";"    1034";"    3507";"     366";"    1203";"     137";"    1063";"     399";"     339"
"342";"PV28   ";"2016JJ00";"      63";"     105";"      12";"   57536";"   26320";"   10871";"    2272";"    3561";"     639";"    1505";"    1614";"    1281";"    3855";"     345";"    1188";"     181";"    1279";"     442";"     420"
"343";"PV28   ";"2017JJ00";"      63";"     107";"      12";"   58197";"   26350";"   10677";"    2185";"    3265";"     699";"    1656";"    1643";"    1228";"    3919";"     324";"     949";"     201";"    1398";"     519";"     528"
"344";"PV28   ";"2018JJ00";"      63";"     112";"      11";"   58418";"   26500";"   10678";"    2255";"    3356";"     571";"    1695";"    1777";"    1025";"    3768";"     353";"    1189";"     154";"    1259";"     488";"     325"
"345";"PV28   ";"2019JJ00";"      67";"     117";"      12";"   59563";"   26500";"   11182";"    2346";"    3445";"     596";"    1927";"    1918";"     950";"    4368";"     332";"    1490";"     144";"    1424";"     590";"     388"
"346";"PV28   ";"2020JJ00";"      64";"     110";"      13";"   58630";"   27400";"    5126";"    1089";"    1484";"     316";"     615";"    1052";"     571";"    1102";"     116";"     495";"      63";"     196";"     191";"      41"
"347";"PV28   ";"2021JJ00";"      67";"     111";"      13";"   62064";"   27400";"    5486";"    1085";"    1216";"     494";"     617";"     849";"    1226";"     853";"      82";"     261";"      42";"     247";"     105";"     116"
"348";"PV28   ";"2022JJ00";"      68";"     113";"      14";"   58448";"   28066";"   12002";"    2476";"    3271";"     897";"    1844";"    2104";"    1410";"    3427";"     240";"    1280";"     135";"     899";"     478";"     395"
"349";"PV28   ";"2023JJ00";"      67";"     111";"      14";"   55756";"       .";"   14379";"    3095";"    3680";"     764";"    1988";"    2347";"    2505";"    4258";"     343";"    1779";"     230";"     955";"     536";"     414"
"350";"PV29   ";"1999JJ00";"       9";"       6";"       2";"    1966";"    3500";"     540";"     145";"     166";"      40";"      48";"     101";"      40";"     155";"      21";"      48";"      35";"      18";"      29";"       4"
"351";"PV29   ";"2000JJ00";"       9";"       6";"       2";"    1966";"    3500";"     508";"     131";"     164";"      17";"      49";"      93";"      54";"     122";"      17";"      49";"       4";"      18";"      27";"       7"
"352";"PV29   ";"2001JJ00";"       7";"       7";"       2";"    2326";"    3500";"     595";"     126";"     277";"      16";"      46";"      84";"      47";"     127";"      15";"      56";"       4";"      17";"      28";"       6"
"353";"PV29   ";"2002JJ00";"       7";"       7";"       2";"    2326";"    3500";"     471";"     114";"     156";"      36";"      37";"      73";"      55";"     167";"      14";"      55";"      32";"      15";"      27";"      23"
"354";"PV29   ";"2003JJ00";"       8";"       8";"       .";"    3594";"       .";"     623";"     165";"     247";"      28";"      49";"      95";"      39";"     165";"      22";"      67";"      10";"      23";"      34";"       9"
"355";"PV29   ";"2004JJ00";"       8";"       8";"       .";"    3596";"       .";"     655";"     172";"     273";"      25";"      47";"     100";"      37";"     160";"      22";"      63";"      10";"      20";"      35";"       9"
"356";"PV29   ";"2005JJ00";"       7";"       9";"       0";"    3917";"       0";"     952";"     217";"     400";"      66";"      62";"     149";"      58";"     189";"      36";"      60";"      15";"      21";"      49";"       9"
"357";"PV29   ";"2006JJ00";"       7";"       9";"       0";"    4337";"       0";"     780";"     206";"     252";"      49";"      76";"     148";"      49";"     204";"      34";"      52";"      12";"      31";"      48";"      27"
"358";"PV29   ";"2007JJ00";"       7";"       9";"       0";"    3267";"       0";"    1149";"     235";"     516";"      59";"      85";"     159";"      95";"     191";"      36";"      60";"      10";"      30";"      44";"      11"
"359";"PV29   ";"2008JJ00";"       8";"       9";"       0";"    2802";"       0";"     935";"     194";"     477";"      35";"      36";"     126";"      66";"     130";"      24";"      51";"       6";"      10";"      30";"       8"
"360";"PV29   ";"2009JJ00";"       8";"      10";"       0";"    3739";"       0";"     719";"     226";"     257";"      46";"      50";"     108";"      33";"     248";"      33";"     135";"      11";"      24";"      37";"       8"
"361";"PV29   ";"2010JJ00";"       9";"      11";"       0";"    3961";"       0";"    1034";"     370";"     295";"      40";"      87";"     176";"      66";"     217";"      50";"      55";"       9";"      37";"      52";"      15"
"362";"PV29   ";"2011JJ00";"       9";"      11";"       0";"    3961";"       0";"    1452";"     427";"     524";"      73";"      90";"     196";"     143";"     256";"      54";"      71";"      12";"      33";"      58";"      27"
"363";"PV29   ";"2012JJ00";"       8";"       9";"       0";"    3565";"       0";"     931";"     286";"     258";"      55";"      69";"     157";"     106";"     189";"      37";"      59";"       8";"      27";"      41";"      17"
"364";"PV29   ";"2013JJ00";"       9";"      12";"       1";"    3702";"     200";"     944";"     302";"     268";"      67";"      57";"     180";"      70";"     148";"      37";"      47";"      11";"      13";"      33";"       8"
"365";"PV29   ";"2014JJ00";"       9";"      12";"       1";"    3522";"     200";"     844";"     217";"     254";"      58";"      45";"     158";"     110";"     117";"      22";"      38";"       7";"       6";"      35";"       9"
"366";"PV29   ";"2015JJ00";"       9";"      12";"       1";"    3702";"     200";"     803";"     226";"     251";"      37";"      22";"     162";"     106";"     134";"      26";"      42";"       7";"       4";"      39";"      17"
"367";"PV29   ";"2016JJ00";"       9";"      10";"       1";"    3894";"       .";"     415";"      27";"     168";"       .";"      11";"      44";"     162";"     103";"       8";"      26";"       .";"       .";"      19";"      46"
"368";"PV29   ";"2017JJ00";"      12";"      16";"       1";"    5677";"       .";"     770";"      79";"     398";"      29";"      48";"     142";"      74";"     214";"      16";"      95";"       9";"      18";"      54";"      21"
"369";"PV29   ";"2018JJ00";"      12";"      13";"       4";"    4762";"    1460";"     710";"      55";"     430";"      23";"      26";"      87";"      88";"     141";"      10";"      69";"       6";"       7";"      30";"      18"
"370";"PV29   ";"2019JJ00";"      12";"      14";"       4";"    5206";"     890";"     670";"      69";"     406";"      22";"      51";"      87";"      35";"     147";"      11";"      70";"       5";"      20";"      32";"       9"
"371";"PV29   ";"2020JJ00";"      10";"      11";"       2";"    4878";"     680";"     199";"      23";"     109";"       6";"      12";"      35";"      14";"      28";"       3";"      13";"       1";"       3";"       6";"       3"
"372";"PV29   ";"2021JJ00";"      11";"      12";"       1";"    5247";"       .";"     342";"      61";"     118";"      27";"      32";"      64";"      39";"      47";"       6";"      14";"       3";"       9";"      10";"       4"
"373";"PV29   ";"2022JJ00";"      11";"      13";"       3";"    4306";"     760";"     734";"      85";"     334";"      29";"      74";"     140";"      72";"     126";"      10";"      55";"       3";"      18";"      32";"       8"
"374";"PV29   ";"2023JJ00";"       9";"      11";"       3";"    3396";"     750";"     512";"       .";"     316";"       .";"       .";"      57";"      42";"     109";"       .";"      64";"       .";"       .";"       .";"       6"
"375";"PV30   ";"1999JJ00";"      49";"      56";"      24";"   27713";"   24790";"    5192";"    1491";"    1462";"     366";"     591";"     851";"     431";"    2354";"     274";"     590";"     104";"     302";"     314";"     770"
"376";"PV30   ";"2000JJ00";"      48";"      58";"      24";"   29514";"   24790";"    5127";"    1401";"    1502";"     308";"     634";"     873";"     409";"    2355";"     313";"     609";"      94";"     351";"     476";"     512"
"377";"PV30   ";"2001JJ00";"      46";"      58";"      24";"   29514";"   24790";"    5426";"    1504";"    1606";"     302";"     625";"     892";"     498";"    2458";"     411";"     749";"      87";"     274";"     332";"     605"
"378";"PV30   ";"2002JJ00";"      46";"      59";"      24";"   30314";"   24790";"    5729";"    1275";"    1898";"     425";"     730";"     900";"     501";"    2444";"     283";"     752";"      97";"     387";"     325";"     601"
"379";"PV30   ";"2003JJ00";"      44";"      58";"       .";"   29902";"       .";"    5945";"    1344";"    2072";"     487";"     726";"     952";"     364";"    2005";"     256";"     743";"     146";"     399";"     346";"     116"
"380";"PV30   ";"2004JJ00";"      45";"      59";"       .";"   30781";"       .";"    5881";"    1398";"    2275";"     362";"     592";"    1002";"     252";"    2000";"     216";"     913";"      89";"     299";"     383";"      99"
"381";"PV30   ";"2005JJ00";"      44";"      64";"      18";"   33255";"   17165";"    5858";"    1155";"    2360";"     285";"     647";"    1089";"     322";"    2286";"     193";"    1079";"      62";"     532";"     345";"      75"
"382";"PV30   ";"2006JJ00";"      45";"      65";"      18";"   34571";"   47085";"    6690";"    1360";"    2595";"     329";"     830";"    1172";"     404";"    2622";"     220";"    1164";"      96";"     692";"     365";"      85"
"383";"PV30   ";"2007JJ00";"      46";"      69";"      20";"   35370";"   57890";"    7265";"    1549";"    2353";"     356";"    1027";"    1443";"     537";"    2805";"     250";"    1364";"      88";"     502";"     475";"     125"
"384";"PV30   ";"2008JJ00";"      47";"      69";"      19";"   35212";"   51135";"    7239";"    1917";"    2340";"     394";"     877";"    1183";"     528";"    2730";"     247";"     980";"      90";"     460";"     390";"     563"
"385";"PV30   ";"2009JJ00";"      49";"      71";"      26";"   35325";"   52960";"    8203";"    1970";"    3082";"     331";"     838";"    1400";"     581";"    2790";"     284";"    1115";"      67";"     427";"     411";"     486"
"386";"PV30   ";"2010JJ00";"      47";"      67";"      21";"   33978";"   50885";"    7533";"    1818";"    2406";"     361";"     813";"    1208";"     926";"    3007";"     304";"    1136";"     106";"     452";"     385";"     626"
"387";"PV30   ";"2011JJ00";"      49";"      70";"      23";"   32242";"   52558";"    7292";"    1768";"    2545";"     351";"     724";"    1346";"     557";"    2687";"     271";"    1078";"      75";"     347";"     360";"     557"
"388";"PV30   ";"2012JJ00";"      46";"      69";"      17";"   31435";"   44070";"    6279";"    1674";"    2162";"     300";"     636";"    1138";"     369";"    2412";"     280";"    1016";"      74";"     266";"     337";"     440"
"389";"PV30   ";"2013JJ00";"      43";"      63";"      19";"   30253";"   53595";"    6084";"    1293";"    2313";"     318";"     585";"    1100";"     475";"    2143";"     209";"     836";"      85";"     234";"     349";"     429"
"390";"PV30   ";"2014JJ00";"      42";"      65";"      15";"   31181";"   43695";"    6107";"    1414";"    2150";"     331";"     506";"    1074";"     632";"    2176";"     274";"     838";"      85";"     208";"     325";"     448"
"391";"PV30   ";"2015JJ00";"      42";"      65";"      15";"   32945";"   43695";"    5894";"    1194";"    2119";"     260";"     595";"    1004";"     722";"    2159";"     217";"     828";"      70";"     259";"     327";"     459"
"392";"PV30   ";"2016JJ00";"      44";"      73";"      14";"   34376";"   46545";"    5944";"    1028";"    2610";"     253";"     535";"    1077";"     440";"    1966";"     184";"     976";"      63";"     242";"     295";"     207"
"393";"PV30   ";"2017JJ00";"      42";"      70";"      16";"   32212";"   46020";"    6089";"    1058";"    2419";"     263";"     689";"    1064";"     596";"    2080";"     187";"    1029";"      67";"     291";"     334";"     173"
"394";"PV30   ";"2018JJ00";"      46";"      78";"      10";"   33385";"   46466";"    6601";"    1024";"    2703";"     291";"     733";"    1036";"     813";"    2211";"     191";"    1087";"      67";"     319";"     344";"     202"
"395";"PV30   ";"2019JJ00";"      47";"      75";"      10";"   33514";"   46396";"    6578";"    1143";"    2582";"     262";"     762";"    1146";"     684";"    2093";"     187";"     948";"      69";"     345";"     374";"     170"
"396";"PV30   ";"2020JJ00";"      43";"      72";"       9";"   33742";"       .";"    3262";"     711";"    1127";"     188";"     368";"     651";"     217";"     590";"      74";"     225";"      31";"      98";"     140";"      22"
"397";"PV30   ";"2021JJ00";"      42";"      76";"      10";"   34033";"    4303";"    3043";"     527";"    1112";"     122";"     204";"     503";"     575";"     414";"      47";"     188";"      10";"      42";"      94";"      33"
"398";"PV30   ";"2022JJ00";"      42";"      72";"       .";"   32883";"       .";"    5563";"     781";"    2730";"     205";"     498";"     953";"     396";"    1595";"     112";"     940";"      40";"     142";"     305";"      56"
"399";"PV30   ";"2023JJ00";"      40";"      71";"       .";"   30616";"       .";"    7137";"     983";"    3039";"     249";"     740";"    1092";"    1034";"    2283";"     151";"    1222";"      61";"     309";"     354";"     186"
"400";"PV31   ";"1999JJ00";"      22";"      25";"       8";"   10101";"   23675";"    2199";"     616";"     584";"     176";"     240";"     266";"     317";"     647";"      86";"     216";"      66";"     112";"     106";"      60"
"401";"PV31   ";"2000JJ00";"      22";"      25";"       8";"   10101";"   23675";"    2466";"     833";"     568";"     127";"     229";"     345";"     364";"     693";"      96";"     228";"      47";"     107";"     116";"      99"
"402";"PV31   ";"2001JJ00";"      21";"      25";"       8";"   10101";"   23675";"    2158";"     724";"     535";"     142";"     253";"     291";"     213";"     696";"      96";"     229";"      76";"     126";"     105";"      64"
"403";"PV31   ";"2002JJ00";"      21";"      25";"       8";"   10101";"   23675";"    2449";"    1015";"     488";"     158";"     274";"     276";"     237";"     724";"     116";"     215";"      67";"     139";"      96";"      92"
"404";"PV31   ";"2003JJ00";"      19";"      25";"       .";"   10887";"       .";"    1918";"     615";"     384";"     135";"     262";"     275";"     247";"     649";"     120";"     155";"      46";"     145";"     109";"      75"
"405";"PV31   ";"2004JJ00";"      18";"      24";"       .";"    9767";"       .";"    1896";"     625";"     391";"     100";"     254";"     289";"     236";"     543";"      79";"     144";"      30";"     128";"     101";"      60"
"406";"PV31   ";"2005JJ00";"      17";"      24";"       6";"   12458";"   24155";"    2393";"     716";"     772";"     111";"     294";"     338";"     162";"    1430";"     145";"     555";"      59";"     447";"     165";"      59"
"407";"PV31   ";"2006JJ00";"      17";"      24";"       5";"   12610";"   23390";"    2571";"     615";"     778";"     157";"     294";"     363";"     365";"     653";"      92";"     224";"      45";"     136";"     100";"      56"
"408";"PV31   ";"2007JJ00";"      17";"      29";"       6";"   14556";"   20800";"    2372";"     632";"     816";"     139";"     284";"     288";"     213";"     664";"     101";"     232";"      36";"     147";"      95";"      53"
"409";"PV31   ";"2008JJ00";"      18";"      28";"       6";"   15674";"   23389";"    2515";"     733";"     913";"     133";"     352";"     268";"     116";"     754";"      95";"     278";"      49";"     198";"     101";"      32"
"410";"PV31   ";"2009JJ00";"      18";"      30";"       6";"   15684";"   24080";"    2746";"     812";"     954";"     133";"     350";"     300";"     198";"     768";"     112";"     263";"      39";"     187";"     107";"      60"
"411";"PV31   ";"2010JJ00";"      18";"      28";"       6";"   15521";"   24080";"    2588";"     871";"     814";"     117";"     306";"     256";"     224";"     650";"     104";"     197";"      33";"     153";"      84";"      78"
"412";"PV31   ";"2011JJ00";"      17";"      27";"       2";"   11620";"      20";"    3318";"    1176";"     864";"     171";"     385";"     371";"     352";"     796";"     128";"     252";"      39";"     172";"     113";"      92"
"413";"PV31   ";"2012JJ00";"      18";"      28";"       6";"   13080";"    5800";"    3292";"    1333";"     855";"     158";"     295";"     318";"     334";"     665";"     126";"     233";"      35";"     126";"      84";"      60"
"414";"PV31   ";"2013JJ00";"      17";"      28";"       4";"   13870";"    5800";"    2533";"     652";"     766";"     170";"     320";"     386";"     239";"     662";"     106";"     246";"      34";"     130";"     110";"      35"
"415";"PV31   ";"2014JJ00";"      17";"      27";"       2";"   14257";"    5785";"    2254";"     473";"     865";"     145";"     205";"     363";"     203";"     635";"      72";"     278";"      35";"      72";"     110";"      68"
"416";"PV31   ";"2015JJ00";"      17";"      28";"       1";"   13992";"     785";"    2688";"     606";"    1056";"     139";"     291";"     403";"     192";"     759";"     107";"     322";"      35";"     126";"     130";"      40"
"417";"PV31   ";"2016JJ00";"      17";"      29";"       1";"   13254";"       .";"    2485";"     492";"    1059";"     118";"     311";"     346";"     160";"     690";"      85";"     298";"      32";"     129";"     103";"      43"
"418";"PV31   ";"2017JJ00";"      16";"      28";"       1";"   12884";"       .";"    2668";"     477";"    1029";"     163";"     323";"     410";"     266";"     688";"      86";"     266";"      40";"     127";"     124";"      44"
"419";"PV31   ";"2018JJ00";"      16";"      30";"       3";"   12231";"    1185";"    2661";"     491";"    1094";"     165";"     317";"     377";"     216";"     693";"      77";"     310";"      36";"     124";"     114";"      33"
"420";"PV31   ";"2019JJ00";"      16";"      31";"       3";"   13219";"    1185";"    2453";"     529";"     885";"     156";"     330";"     402";"     151";"     675";"      82";"     273";"      37";"     117";"     136";"      31"
"421";"PV31   ";"2020JJ00";"      16";"      31";"       3";"   13219";"    1185";"    1082";"     246";"     375";"      64";"     141";"     169";"      87";"     231";"      37";"      84";"      12";"      44";"      39";"      15"
"422";"PV31   ";"2021JJ00";"      17";"      28";"       3";"   13210";"       .";"     975";"     165";"     278";"      73";"     155";"     139";"     165";"     145";"      18";"      50";"       6";"      28";"      26";"      16"
"423";"PV31   ";"2022JJ00";"      18";"      29";"       .";"   12750";"       .";"    3013";"     352";"    1507";"     226";"     408";"     360";"     160";"     723";"      63";"     365";"      35";"     130";"     103";"      27"
"424";"PV31   ";"2023JJ00";"      17";"      30";"       .";"   13748";"       .";"    2657";"     235";"    1469";"      93";"     379";"     235";"     246";"     858";"      54";"     423";"      25";"     217";"      80";"      59"
"425";"G04    ";"1999JJ00";"      85";"     108";"      82";"   43864";"   67050";"   13713";"    4817";"    4114";"    1279";"    1376";"    1173";"     954";"    6065";"     650";"    2918";"     511";"    1211";"     485";"     292"
"426";"G04    ";"2000JJ00";"      85";"     107";"      82";"   43864";"   67050";"   13980";"    5111";"    3902";"    1189";"    1496";"    1076";"    1205";"    6490";"     679";"    3097";"     493";"    1395";"     406";"     422"
"427";"G04    ";"2001JJ00";"      83";"     114";"      82";"   45967";"   67050";"   15144";"    5073";"    4853";"     838";"    1702";"    1129";"    1551";"    7306";"     818";"    3340";"     341";"    1607";"     573";"     630"
"428";"G04    ";"2002JJ00";"      84";"     119";"      82";"   50203";"   67050";"   15712";"    5348";"    5226";"     998";"    1557";"    1351";"    1233";"    7392";"     760";"    3492";"     395";"    1677";"     545";"     523"
"429";"G04    ";"2003JJ00";"      84";"     126";"       .";"   54058";"       .";"   18635";"    6529";"    5373";"    1290";"    1914";"    1664";"    1865";"    7653";"     846";"    3517";"     372";"    2028";"     523";"     364"
"430";"G04    ";"2004JJ00";"      82";"     124";"       .";"   57260";"       .";"   19431";"    6235";"    6262";"    1351";"    1691";"    2068";"    1826";"    7820";"     780";"    3899";"     324";"    1758";"     698";"     361"
"431";"G04    ";"2005JJ00";"      89";"     141";"      57";"   76886";"  185180";"   19625";"    5430";"    6266";"    1488";"    2080";"    2405";"    1957";"    7905";"     869";"    3442";"     345";"    1987";"     756";"     506"
"432";"G04    ";"2006JJ00";"      90";"     140";"      54";"   76140";"  141630";"   18757";"    5432";"    6259";"    1275";"    2201";"    2179";"    1411";"    8493";"     715";"    3937";"     493";"    2267";"     655";"     426"
"433";"G04    ";"2007JJ00";"      91";"     154";"      61";"   77875";"  140655";"   21372";"    6234";"    6766";"    1620";"    2141";"    2424";"    2186";"    8735";"     737";"    4182";"     377";"    2031";"     633";"     775"
"434";"G04    ";"2008JJ00";"      89";"     137";"      29";"   77277";"  154685";"   20647";"    6209";"    7243";"     887";"    2920";"    2068";"    1321";"    9045";"     775";"    4064";"     332";"    2575";"     682";"     617"
"435";"G04    ";"2009JJ00";"      84";"     139";"      28";"   70819";"   69101";"   19729";"    5760";"    7395";"    1589";"    1929";"    1512";"    1544";"    8564";"     946";"    4170";"     279";"    1996";"     593";"     580"
"436";"G04    ";"2010JJ00";"      87";"     142";"      17";"   74719";"   69101";"   19077";"    6471";"    6774";"     857";"    1872";"    1617";"    1487";"    8260";"     968";"    3889";"     323";"    1831";"     586";"     663"
"437";"G04    ";"2011JJ00";"      90";"     146";"      28";"   70006";"   62216";"   20818";"    7494";"    6784";"    1038";"    2027";"    1902";"    1574";"    8282";"     964";"    3725";"     283";"    1890";"     622";"     798"
"438";"G04    ";"2012JJ00";"      86";"     138";"      33";"   87350";"   62946";"   19307";"    6728";"    6731";"     781";"    1533";"    1643";"    1891";"    7374";"     933";"    3956";"     195";"    1285";"     457";"     548"
"439";"G04    ";"2013JJ00";"      81";"     137";"      32";"   79495";"   66140";"   17831";"    5255";"    7287";"     840";"    1444";"    1637";"    1367";"    8235";"     763";"    4883";"     308";"    1218";"     499";"     565"
"440";"G04    ";"2014JJ00";"      80";"     135";"      30";"   87451";"   78877";"   19618";"    5298";"    6757";"     935";"    1654";"    1786";"    3189";"    8458";"     951";"    4756";"     365";"    1238";"     427";"     721"
"441";"G04    ";"2015JJ00";"      79";"     137";"      33";"   79478";"   75268";"   19086";"    5723";"    6766";"    1097";"    1440";"    1779";"    2282";"    8952";"     971";"    4967";"     512";"    1257";"     494";"     752"
"442";"G04    ";"2016JJ00";"      81";"     138";"      23";"   88564";"  110742";"   19445";"    5380";"    7319";"    1271";"    1700";"    1924";"    1850";"    9077";"     859";"    4894";"     469";"    1513";"     636";"     705"
"443";"G04    ";"2017JJ00";"      76";"     136";"      23";"   89484";"  120742";"   19685";"    5284";"    7392";"    1305";"    1884";"    1934";"    1888";"    9227";"     844";"    5043";"     381";"    1631";"     638";"     691"
"444";"G04    ";"2018JJ00";"      76";"     141";"      30";"   90200";"  119552";"   19838";"    4888";"    7391";"    1159";"    2036";"    2334";"    2029";"    9109";"     711";"    5202";"     348";"    1701";"     675";"     473"
"445";"G04    ";"2019JJ00";"      75";"     157";"      32";"   87506";"  120327";"   19738";"    4753";"    7300";"    1204";"    2155";"    2135";"    2190";"    9682";"     664";"    5269";"     367";"    2057";"     750";"     575"
"446";"G04    ";"2020JJ00";"      74";"     142";"      28";"   86991";"  108300";"    8897";"    2838";"    2314";"     667";"     875";"    1199";"    1005";"    2070";"     276";"    1121";"     122";"     182";"     258";"     111"
"447";"G04    ";"2021JJ00";"      78";"     148";"      32";"   95292";"   59892";"    9112";"    1884";"    2183";"     873";"     957";"    1151";"    2064";"    1962";"     216";"     809";"     115";"     411";"     189";"     223"
"448";"G04    ";"2022JJ00";"      81";"     146";"      36";"   90717";"  123459";"   19567";"    4308";"    6856";"    1598";"    2238";"    2049";"    2518";"    8946";"     503";"    5547";"     439";"    1287";"     527";"     643"
"449";"G04    ";"2023JJ00";"       .";"       .";"       .";"       .";"       .";"       .";"       .";"       .";"       .";"       .";"       .";"       .";"       .";"       .";"       .";"       .";"       .";"       .";"       ."
"450";"GM0344 ";"1999JJ00";"      10";"      13";"      15";"    5642";"   13600";"    2256";"     479";"    1140";"     123";"     258";"     117";"     139";"     961";"      97";"     559";"      31";"     180";"      61";"      34"
"451";"GM0344 ";"2000JJ00";"      10";"      13";"      15";"    5642";"   13600";"    2207";"     479";"     826";"      47";"     446";"      83";"     326";"    1045";"      93";"     407";"      21";"     359";"      44";"     121"
"452";"GM0344 ";"2001JJ00";"      11";"      15";"      15";"    5879";"   13600";"    2327";"     498";"    1145";"      55";"     443";"     110";"      76";"    1120";"      85";"     518";"      19";"     431";"      46";"      21"
"453";"GM0344 ";"2002JJ00";"      11";"      15";"      15";"    5879";"   13600";"    2813";"     908";"    1243";"      81";"     429";"      81";"      71";"    1194";"     132";"     541";"      25";"     440";"      37";"      18"
"454";"GM0344 ";"2003JJ00";"      10";"      14";"       .";"    6962";"       .";"    2710";"     724";"    1275";"     102";"     373";"     164";"      73";"    1062";"      99";"     526";"      23";"     346";"      53";"      15"
"455";"GM0344 ";"2004JJ00";"      10";"      14";"       .";"    8245";"       .";"    2788";"     820";"    1201";"     127";"     363";"     190";"      88";"    1202";"      82";"     528";"      30";"     462";"      73";"      27"
"456";"GM0344 ";"2005JJ00";"      11";"      15";"       1";"    9231";"       0";"    2872";"     732";"    1128";"     113";"     451";"     196";"     251";"    1328";"     117";"     464";"      25";"     553";"      71";"      97"
"457";"GM0344 ";"2006JJ00";"      11";"      14";"       0";"    8758";"       0";"    2511";"     669";"     878";"     115";"     425";"     206";"     219";"    1035";"     109";"     282";"      28";"     444";"      91";"      81"
"458";"GM0344 ";"2007JJ00";"      11";"      14";"       0";"    8831";"       0";"    2802";"     773";"     886";"     163";"     521";"     253";"     206";"    1095";"     106";"     234";"      30";"     565";"      97";"      62"
"459";"GM0344 ";"2008JJ00";"      11";"      14";"       0";"    7549";"       0";"    2781";"     727";"    1226";"     108";"     453";"     146";"     121";"    1208";"     116";"     439";"      26";"     484";"      76";"      67"
"460";"GM0344 ";"2009JJ00";"      10";"      13";"       0";"    7420";"       0";"    2660";"     641";"    1195";"      73";"     447";"     119";"     185";"    1070";"     111";"     372";"      17";"     466";"      60";"      44"
"461";"GM0344 ";"2010JJ00";"      11";"      14";"       0";"    7584";"       0";"    2649";"     705";"    1080";"     100";"     458";"     132";"     174";"    1132";"     122";"     408";"      32";"     440";"      65";"      66"
"462";"GM0344 ";"2011JJ00";"      11";"      14";"       0";"    6858";"       0";"    2942";"     962";"     962";"     113";"     497";"     147";"     259";"    1282";"     177";"     325";"      20";"     629";"      49";"      83"
"463";"GM0344 ";"2012JJ00";"       9";"      13";"       0";"    6937";"       0";"    2619";"     812";"     937";"      98";"     382";"     142";"     248";"    1021";"     109";"     392";"      22";"     374";"      54";"      71"
"464";"GM0344 ";"2013JJ00";"       9";"      14";"       0";"    7008";"       0";"    2777";"     766";"    1169";"     126";"     389";"     151";"     176";"     961";"      87";"     413";"      25";"     326";"      54";"      56"
"465";"GM0344 ";"2014JJ00";"       9";"      16";"       0";"    9571";"       0";"    2356";"     615";"     896";"     162";"     444";"     170";"      70";"    1048";"      70";"     439";"      42";"     382";"      67";"      48"
"466";"GM0344 ";"2015JJ00";"       9";"      17";"       5";"    6783";"    5118";"    2446";"     472";"    1114";"     231";"     368";"      95";"     166";"    1264";"      56";"     634";"     178";"     334";"      30";"      31"
"467";"GM0344 ";"2016JJ00";"       9";"      17";"       5";"    9875";"       .";"    3019";"     671";"    1436";"     184";"     410";"     212";"     105";"    1297";"      89";"       .";"      64";"       .";"      58";"       ."
"468";"GM0344 ";"2017JJ00";"       8";"      15";"       5";"    9338";"       .";"    3233";"     799";"    1526";"     145";"     446";"     161";"     156";"    1213";"      98";"       .";"       .";"       .";"       .";"      37"
"469";"GM0344 ";"2018JJ00";"       8";"      15";"       5";"    9396";"       .";"    3180";"     678";"    1564";"     202";"     454";"     157";"     124";"    1206";"      94";"       .";"       .";"       .";"      50";"      24"
"470";"GM0344 ";"2019JJ00";"       8";"      15";"       5";"    9396";"       .";"    3238";"     716";"    1615";"     153";"     476";"       .";"     131";"    1242";"      93";"       .";"       .";"       .";"       .";"       ."
"471";"GM0344 ";"2020JJ00";"       8";"      15";"       0";"    9686";"       .";"    1190";"     350";"     379";"      98";"     120";"     164";"      79";"     239";"      34";"       .";"       9";"      19";"      27";"      10"
"472";"GM0344 ";"2021JJ00";"       9";"      16";"       5";"    9908";"       .";"    1253";"     308";"     505";"      64";"     207";"      72";"      96";"     357";"      26";"       .";"       .";"       .";"      12";"      24"
"473";"GM0344 ";"2022JJ00";"       9";"      16";"       .";"    9586";"       .";"    2762";"       .";"    1406";"       .";"     458";"       .";"     169";"    1136";"       .";"     681";"       .";"       .";"      49";"      41"
"474";"GM0344 ";"2023JJ00";"       8";"      15";"       .";"    9745";"       .";"    2954";"     670";"    1456";"       .";"     409";"     159";"       .";"    1188";"     103";"     662";"       .";"       .";"      69";"      20"
"475";"GM0363 ";"1999JJ00";"      44";"      48";"      12";"   20671";"   15950";"    5983";"    2353";"    1702";"     640";"     466";"     511";"     311";"    2346";"     273";"    1142";"     266";"     329";"     168";"     169"
"476";"GM0363 ";"2000JJ00";"      44";"      48";"      12";"   20671";"   15950";"    7117";"    2986";"    2099";"     722";"     454";"     414";"     442";"    2690";"     361";"    1282";"     307";"     389";"     127";"     224"
"477";"GM0363 ";"2001JJ00";"      42";"      51";"      12";"   21087";"   15950";"    7694";"    2697";"    2573";"     438";"     504";"     622";"     861";"    2825";"     445";"    1414";"     210";"     330";"     264";"     163"
"478";"GM0363 ";"2002JJ00";"      42";"      52";"      12";"   21387";"   15950";"    7635";"    2452";"    2977";"     515";"     530";"     629";"     533";"    2980";"     350";"    1574";"     213";"     417";"     299";"     128"
"479";"GM0363 ";"2003JJ00";"      43";"      63";"       .";"   24707";"       .";"    9820";"    3512";"    2929";"     723";"     663";"     855";"    1137";"    3045";"     429";"    1460";"     203";"     486";"     276";"     191"
"480";"GM0363 ";"2004JJ00";"      42";"      62";"       .";"   25565";"       .";"   10574";"    3206";"    3565";"     832";"     638";"    1268";"    1065";"    3296";"     371";"    1764";"     193";"     439";"     416";"     113"
"481";"GM0363 ";"2005JJ00";"      47";"      72";"      22";"   33134";"  144680";"   10804";"    3111";"    3198";"     908";"     786";"    1472";"    1329";"    3207";"     366";"    1448";"     199";"     472";"     480";"     241"
"482";"GM0363 ";"2006JJ00";"      48";"      74";"      21";"   33863";"  113030";"   10158";"    2837";"    3780";"     683";"     844";"    1180";"     833";"    4094";"     307";"    2531";"     297";"     576";"     259";"     126"
"483";"GM0363 ";"2007JJ00";"      49";"      83";"      20";"   34839";"  112085";"   11650";"    2986";"    4260";"     953";"     746";"    1203";"    1501";"    3795";"     297";"    2240";"     228";"     497";"     296";"     236"
"484";"GM0363 ";"2008JJ00";"      47";"      73";"      20";"   36547";"   96685";"   11379";"    3383";"    4499";"     490";"    1232";"    1152";"     623";"    4095";"     345";"    2502";"     180";"     541";"     292";"     236"
"485";"GM0363 ";"2009JJ00";"      45";"      73";"      20";"   28987";"   61101";"   10709";"    3050";"    4580";"    1165";"     454";"     725";"     734";"    4192";"     518";"    2844";"     147";"     236";"     222";"     224"
"486";"GM0363 ";"2010JJ00";"      46";"      73";"       9";"   33461";"   61101";"   10474";"    3650";"    4171";"     500";"     639";"     853";"     661";"    3994";"     496";"    2498";"     175";"     383";"     236";"     206"
"487";"GM0363 ";"2011JJ00";"      48";"      78";"      20";"   30857";"   60966";"   11533";"    4400";"    4292";"     454";"     687";"    1040";"     660";"    3967";"     480";"    2398";"     105";"     447";"     295";"     242"
"488";"GM0363 ";"2012JJ00";"      47";"      78";"      19";"   39681";"   54946";"   11214";"    4098";"    4464";"     366";"     472";"     857";"     957";"    3875";"     480";"    2550";"      79";"     263";"     264";"     239"
"489";"GM0363 ";"2013JJ00";"      44";"      73";"      18";"   38096";"   54140";"   10045";"    2956";"    4697";"     359";"     352";"     873";"     807";"    4934";"     442";"    3519";"     162";"     220";"     297";"     293"
"490";"GM0363 ";"2014JJ00";"      42";"      67";"      16";"   39360";"   54877";"   10855";"    3033";"    4328";"     376";"     376";"    1055";"    1689";"    5107";"     642";"    3346";"     200";"     226";"     251";"     443"
"491";"GM0363 ";"2015JJ00";"      42";"      72";"      15";"   40750";"   56850";"   11193";"    3596";"    4052";"     472";"     407";"    1108";"    1558";"    5543";"     697";"    3489";"     228";"     296";"     338";"     496"
"492";"GM0363 ";"2016JJ00";"      42";"      66";"       9";"   40767";"   81850";"    9997";"    3021";"    3929";"     558";"     439";"    1069";"     981";"    5293";"     543";"    3380";"     253";"     332";"     392";"     392"
"493";"GM0363 ";"2017JJ00";"      41";"      68";"       9";"   42474";"   91850";"    9977";"    2789";"    4148";"     572";"     447";"    1123";"     898";"    5350";"     522";"    3880";"     188";"     227";"     307";"     226"
"494";"GM0363 ";"2018JJ00";"      41";"      75";"      16";"   43611";"   90660";"   10356";"    2513";"    4022";"     484";"     591";"    1431";"    1315";"    5405";"     373";"    3764";"     191";"     452";"     411";"     214"
"495";"GM0363 ";"2019JJ00";"      39";"      89";"      18";"   40576";"   91435";"   10321";"    2398";"    3876";"     599";"     609";"    1234";"    1605";"    5453";"     357";"    3570";"     228";"     614";"     427";"     257"
"496";"GM0363 ";"2020JJ00";"      38";"      70";"      19";"   39773";"   85000";"    4822";"    1726";"    1192";"     325";"     495";"     536";"     546";"    1183";"     182";"     643";"      63";"      81";"     137";"      76"
"497";"GM0363 ";"2021JJ00";"      38";"      75";"      18";"   43526";"       .";"    4130";"     809";"     988";"     383";"     346";"     550";"    1055";"    1022";"     135";"     461";"      71";"     121";"     129";"     104"
"498";"GM0363 ";"2022JJ00";"      41";"      71";"      26";"   43069";"       .";"    8734";"    1924";"    3561";"     730";"     562";"     645";"    1312";"    5399";"     292";"    3920";"     307";"     392";"     226";"     262"
"499";"GM0363 ";"2023JJ00";"      40";"      73";"      30";"   41078";"       .";"    8487";"    2041";"    3473";"     562";"     762";"     843";"     806";"    5662";"     381";"    3780";"     350";"     665";"     310";"     176"
"500";"GM0518 ";"1999JJ00";"      17";"      26";"      28";"   10324";"   21700";"    2825";"     992";"     620";"     318";"     426";"     342";"     127";"    1419";"     124";"     426";"     114";"     553";"     157";"      46"
"501";"GM0518 ";"2000JJ00";"      17";"      25";"      28";"   10324";"   21700";"    2484";"     882";"     387";"     293";"     351";"     368";"     203";"    1120";"     112";"     233";"      90";"     507";"     153";"      26"
"502";"GM0518 ";"2001JJ00";"      17";"      27";"      28";"   11774";"   21700";"    2498";"    1032";"     391";"     232";"     392";"     225";"     228";"    1216";"     151";"     199";"      74";"     603";"     163";"      27"
"503";"GM0518 ";"2002JJ00";"      17";"      30";"      28";"   14175";"   21700";"    2702";"    1144";"     476";"     195";"     367";"     445";"      75";"    1092";"     170";"     253";"      25";"     537";"      98";"      11"
"504";"GM0518 ";"2003JJ00";"      17";"      27";"       .";"   13595";"       .";"    3595";"    1426";"     651";"     313";"     477";"     463";"     265";"    1516";"     170";"     404";"     113";"     654";"     112";"      61"
"505";"GM0518 ";"2004JJ00";"      16";"      26";"       .";"   14196";"       .";"    3290";"    1256";"     837";"     213";"     396";"     367";"     222";"    1387";"     188";"     422";"      69";"     537";"      74";"      97"
"506";"GM0518 ";"2005JJ00";"      16";"      28";"       8";"   13620";"    2700";"    3117";"     780";"     747";"     302";"     606";"     501";"     181";"    1447";"      99";"     327";"      80";"     796";"      92";"      53"
"507";"GM0518 ";"2006JJ00";"      16";"      26";"      30";"   13418";"   21800";"    3068";"     847";"     797";"     328";"     580";"     441";"      74";"    1503";"      90";"     403";"      94";"     806";"      84";"      25"
"508";"GM0518 ";"2007JJ00";"      16";"      29";"      38";"   13814";"   21770";"    3762";"    1476";"     687";"     343";"     495";"     686";"      75";"    1400";"     205";"     314";"      75";"     687";"      90";"      29"
"509";"GM0518 ";"2008JJ00";"      15";"      24";"       5";"   13020";"    1200";"    3050";"     998";"     622";"     146";"     625";"     497";"     162";"    1517";"     119";"     273";"      68";"     866";"     123";"      69"
"510";"GM0518 ";"2009JJ00";"      14";"      26";"       5";"   14211";"    1200";"    3135";"    1053";"     674";"     189";"     590";"     358";"     272";"    1468";"     137";"     270";"      60";"     858";"      85";"      57"
"511";"GM0518 ";"2010JJ00";"      16";"      28";"       5";"   13583";"    1200";"    3097";"    1220";"     605";"     143";"     450";"     390";"     290";"    1310";"     185";"     236";"      55";"     670";"     111";"      53"
"512";"GM0518 ";"2011JJ00";"      17";"      29";"       5";"   12651";"    1000";"    3285";"    1178";"     662";"     310";"     462";"     442";"     232";"    1099";"     134";"     251";"      73";"     441";"     108";"      92"
"513";"GM0518 ";"2012JJ00";"      16";"      25";"       5";"   12522";"    1200";"    3056";"    1027";"     538";"     190";"     441";"     404";"     457";"    1084";"     135";"     195";"      59";"     559";"      90";"      46"
"514";"GM0518 ";"2013JJ00";"      16";"      28";"       5";"   12597";"    1200";"    2833";"     941";"     676";"     214";"     444";"     403";"     155";"    1092";"     125";"     223";"      78";"     540";"      96";"      30"
"515";"GM0518 ";"2014JJ00";"      16";"      28";"       5";"   12373";"    1200";"    3867";"     930";"     690";"     259";"     510";"     356";"    1122";"    1081";"     125";"     231";"      88";"     510";"      66";"      61"
"516";"GM0518 ";"2015JJ00";"      15";"      26";"       4";"   10333";"     500";"    2757";"     897";"     650";"     233";"     447";"     351";"     179";"    1029";"     125";"     224";"      67";"     512";"      78";"      21"
"517";"GM0518 ";"2016JJ00";"      16";"      27";"       0";"   11205";"       0";"    3267";"     933";"     960";"     334";"     440";"     349";"     251";"    1048";"     113";"     251";"      68";"       .";"      89";"      35"
"518";"GM0518 ";"2017JJ00";"      14";"      25";"       0";"   10901";"       0";"    3219";"     970";"     737";"     354";"     534";"     339";"     286";"    1231";"     116";"     205";"      77";"       .";"      84";"      59"
"519";"GM0518 ";"2018JJ00";"      14";"      27";"       0";"   11142";"       0";"    3366";"     998";"     831";"     279";"     545";"     426";"     286";"    1266";"     136";"     240";"      68";"       .";"     109";"      38"
"520";"GM0518 ";"2019JJ00";"      14";"      27";"       0";"   11152";"       .";"    3072";"     937";"     701";"     263";"     556";"     372";"     242";"    1294";"     135";"     242";"      64";"       .";"     103";"      45"
"521";"GM0518 ";"2020JJ00";"      13";"      25";"       0";"    9890";"       .";"    1451";"     470";"     356";"     121";"     109";"     198";"     197";"     204";"      33";"      71";"      27";"      30";"      32";"      11"
"522";"GM0518 ";"2021JJ00";"      15";"      28";"       0";"   14037";"       0";"    1696";"     335";"     218";"     204";"     164";"     181";"     595";"     369";"      30";"       .";"       .";"       .";"      24";"      81"
"523";"GM0518 ";"2022JJ00";"      15";"      29";"       .";"   13105";"       .";"    2890";"       .";"     862";"       .";"     532";"       .";"      79";"    1051";"       .";"     292";"       .";"       .";"      99";"       8"
"524";"GM0518 ";"2023JJ00";"      15";"      28";"       .";"   13168";"       .";"    3577";"    1202";"     827";"       .";"     497";"     409";"       .";"    1095";"     124";"     361";"       .";"       .";"      93";"      54"
"525";"GM0599 ";"1999JJ00";"      14";"      21";"      27";"    7227";"   15800";"    2649";"     993";"     652";"     198";"     226";"     203";"     377";"    1339";"     156";"     791";"     100";"     149";"      99";"      43"
"526";"GM0599 ";"2000JJ00";"      14";"      21";"      27";"    7227";"   15800";"    2172";"     764";"     590";"     127";"     245";"     211";"     234";"    1635";"     113";"    1175";"      75";"     140";"      82";"      51"
"527";"GM0599 ";"2001JJ00";"      13";"      21";"      27";"    7227";"   15800";"    2625";"     846";"     744";"     113";"     363";"     172";"     386";"    2145";"     137";"    1209";"      38";"     243";"     100";"     419"
"528";"GM0599 ";"2002JJ00";"      14";"      22";"      27";"    8762";"   15800";"    2562";"     844";"     530";"     207";"     231";"     196";"     554";"    2126";"     108";"    1124";"     132";"     283";"     111";"     366"
"529";"GM0599 ";"2003JJ00";"      14";"      22";"       .";"    8794";"       .";"    2510";"     867";"     518";"     152";"     401";"     182";"     390";"    2030";"     148";"    1127";"      33";"     542";"      82";"      97"
"530";"GM0599 ";"2004JJ00";"      14";"      22";"       .";"    9254";"       .";"    2779";"     953";"     659";"     179";"     294";"     243";"     451";"    1935";"     139";"    1185";"      32";"     320";"     135";"     124"
"531";"GM0599 ";"2005JJ00";"      15";"      26";"      26";"   20901";"   37800";"    2833";"     806";"    1192";"     165";"     238";"     236";"     196";"    1922";"     287";"    1202";"      41";"     166";"     112";"     115"
"532";"GM0599 ";"2006JJ00";"      15";"      26";"       3";"   20101";"    6800";"    3020";"    1078";"     803";"     149";"     353";"     352";"     285";"    1861";"     209";"     721";"      74";"     441";"     221";"     194"
"533";"GM0599 ";"2007JJ00";"      15";"      28";"       3";"   20391";"    6800";"    3158";"    1000";"     933";"     161";"     379";"     281";"     404";"    2445";"     129";"    1394";"      43";"     282";"     151";"     447"
"534";"GM0599 ";"2008JJ00";"      16";"      26";"       4";"   20161";"   56800";"    3437";"    1100";"     895";"     144";"     610";"     274";"     414";"    2224";"     196";"     851";"      58";"     684";"     190";"     246"
"535";"GM0599 ";"2009JJ00";"      15";"      27";"       3";"   20201";"    6800";"    3226";"    1015";"     946";"     162";"     439";"     309";"     354";"    1835";"     181";"     683";"      55";"     436";"     225";"     254"
"536";"GM0599 ";"2010JJ00";"      14";"      27";"       3";"   20091";"    6800";"    2857";"     897";"     919";"     112";"     325";"     242";"     363";"    1823";"     165";"     745";"      61";"     338";"     175";"     338"
"537";"GM0599 ";"2011JJ00";"      14";"      25";"       3";"   19640";"     250";"    3058";"     954";"     867";"     162";"     380";"     272";"     423";"    1935";"     173";"     751";"      85";"     373";"     170";"     382"
"538";"GM0599 ";"2012JJ00";"      14";"      22";"       9";"   28210";"    6800";"    2419";"     791";"     793";"     126";"     239";"     240";"     230";"    1394";"     210";"     819";"      35";"      90";"      49";"     191"
"539";"GM0599 ";"2013JJ00";"      12";"      22";"       9";"   21794";"   10800";"    2175";"     592";"     745";"     140";"     259";"     210";"     229";"    1248";"     109";"     727";"      43";"     132";"      52";"     186"
"540";"GM0599 ";"2014JJ00";"      13";"      24";"       9";"   26147";"   22800";"    2540";"     721";"     843";"     138";"     325";"     205";"     309";"    1221";"     115";"     740";"      35";"     121";"      43";"     168"
"541";"GM0599 ";"2015JJ00";"      13";"      22";"       9";"   21612";"   12800";"    2690";"     758";"     950";"     161";"     217";"     224";"     379";"    1116";"      93";"     619";"      38";"     115";"      47";"     204"
"542";"GM0599 ";"2016JJ00";"      14";"      28";"       9";"   26717";"   23300";"    3163";"     755";"     994";"     195";"       .";"     295";"     513";"    1439";"     116";"     552";"      84";"     329";"      97";"     261"
"543";"GM0599 ";"2017JJ00";"      13";"      28";"       9";"   26771";"   23300";"    3257";"     727";"     981";"     234";"     457";"     310";"     548";"    1433";"     108";"     380";"      89";"     291";"     197";"     369"
"544";"GM0599 ";"2018JJ00";"      13";"      24";"       9";"   26051";"   23300";"    2935";"     699";"     973";"     194";"     446";"     321";"     304";"    1233";"     108";"     549";"      58";"     215";"     105";"     196"
"545";"GM0599 ";"2019JJ00";"      14";"      26";"       9";"   26382";"   23300";"    3107";"     701";"    1108";"     190";"     514";"     383";"     212";"    1693";"      79";"     832";"      45";"     325";"     163";"       ."
"546";"GM0599 ";"2020JJ00";"      15";"      32";"       9";"   27642";"   23300";"    1435";"     292";"     386";"     122";"     150";"     302";"     183";"     444";"      28";"     266";"      22";"      53";"      62";"      13"
"547";"GM0599 ";"2021JJ00";"      16";"      29";"       9";"   27821";"   23300";"    2033";"     432";"     472";"     222";"     240";"     348";"     319";"     215";"      24";"     117";"      12";"      22";"      25";"      14"
"548";"GM0599 ";"2022JJ00";"      16";"      30";"       .";"   24957";"       .";"    5181";"    1203";"    1027";"     456";"     686";"     851";"     958";"    1360";"      74";"     653";"      50";"      98";"     153";"     332"
"549";"GM0599 ";"2023JJ00";"      15";"      28";"       .";"   23121";"       .";"    5369";"    1298";"    1125";"     267";"     809";"     966";"     904";"    1879";"      94";"    1013";"      99";"     252";"     168";"     253"
"550";"A028758";"1999JJ00";"      80";"     104";"      31";"   41805";"   63950";"   10799";"    3674";"    3049";"     905";"     859";"    1583";"     729";"    4257";"     582";"    1366";"     365";"     465";"     586";"     894"
"551";"A028758";"2000JJ00";"      78";"     106";"      31";"   43181";"   63950";"   11621";"    4113";"    3511";"     805";"     810";"    1379";"    1003";"    4253";"     679";"    1454";"     244";"     508";"     687";"     682"
"552";"A028758";"2001JJ00";"      74";"     108";"      31";"   45481";"   63950";"   11461";"    3638";"    3934";"     652";"     784";"    1541";"     912";"    4233";"     677";"    1622";"     222";"     401";"     564";"     748"
"553";"A028758";"2002JJ00";"      71";"     113";"      35";"   47877";"   64950";"   12151";"    3782";"    3840";"     958";"    1015";"    1439";"    1118";"    4329";"     644";"    1513";"     267";"     578";"     537";"     791"
"554";"A028758";"2003JJ00";"      68";"     104";"       .";"   45044";"       .";"   11447";"    3156";"    3814";"    1137";"     995";"    1426";"     919";"    3355";"     510";"    1261";"     281";"     578";"     529";"     195"
"555";"A028758";"2004JJ00";"      73";"     112";"       .";"   52375";"       .";"   12477";"    3750";"    4623";"     762";"     887";"    1662";"     794";"    3819";"     570";"    1707";"     218";"     508";"     620";"     195"
"556";"A028758";"2005JJ00";"      79";"     132";"      30";"   65521";"   99370";"   15676";"    4348";"    6060";"     801";"    1332";"    2112";"    1022";"    5598";"     659";"    2675";"     196";"    1207";"     661";"     200"
"557";"A028758";"2006JJ00";"      78";"     125";"      29";"   69529";"  118355";"   15402";"    4003";"    6207";"     876";"    1251";"    1970";"    1095";"    5048";"     578";"    2543";"     199";"     939";"     589";"     200"
"558";"A028758";"2007JJ00";"      80";"     134";"      42";"   78909";"  129336";"   16062";"    4669";"    5511";"     786";"    1608";"    2250";"    1238";"    5425";"     656";"    2745";"     183";"     816";"     768";"     257"
"559";"A028758";"2008JJ00";"      79";"     136";"      33";"   84243";"  129424";"   17216";"    5366";"    5847";"     900";"    1554";"    2156";"    1392";"    6042";"     671";"    2706";"     213";"     955";"     730";"     767"
"560";"A028758";"2009JJ00";"      80";"     138";"      56";"   71385";"  120003";"   17081";"    5053";"    6785";"     704";"    1401";"    1976";"    1162";"    5755";"     746";"    2734";"     183";"     824";"     689";"     579"
"561";"A028758";"2010JJ00";"      83";"     147";"      32";"   75687";"  125553";"   16126";"    4928";"    5865";"     682";"    1420";"    1843";"    1386";"    5609";"     684";"    2627";"     212";"     770";"     665";"     651"
"562";"A028758";"2011JJ00";"      79";"     140";"      27";"   67666";"  100640";"   16300";"    4994";"    5794";"     768";"    1253";"    2072";"    1419";"    5560";"     698";"    2717";"     205";"     640";"     643";"     657"
"563";"A028758";"2012JJ00";"      77";"     143";"      28";"   69914";"  107008";"   14939";"    4893";"    5463";"     664";"     991";"    1917";"    1011";"    4612";"     659";"    2162";"     209";"     424";"     617";"     541"
"564";"A028758";"2013JJ00";"      76";"     140";"      28";"   70024";"  107708";"   14551";"    4346";"    5234";"     684";"    1040";"    2191";"    1056";"    4536";"     652";"    2008";"     195";"     407";"     695";"     579"
"565";"A028758";"2014JJ00";"      80";"     149";"      23";"   76786";"   91408";"   14911";"    3902";"    5970";"     734";"    1018";"    2060";"    1228";"    4617";"     640";"    2088";"     215";"     400";"     664";"     610"
"566";"A028758";"2015JJ00";"      83";"     160";"      22";"   79257";"   88658";"   15845";"    4081";"    6514";"     619";"    1212";"    1999";"    1420";"    4862";"     681";"    2260";"     171";"     489";"     666";"     596"
"567";"A028758";"2016JJ00";"      82";"     170";"      29";"   85607";"   92588";"   16275";"    3702";"    7027";"     584";"    1259";"    2104";"    1600";"    4967";"     612";"    2501";"     175";"     537";"     705";"     436"
"568";"A028758";"2017JJ00";"      82";"     158";"      24";"   76874";"   93658";"   15749";"    3494";"    6720";"     611";"    1291";"    1954";"    1680";"    4904";"     542";"    2646";"     169";"     529";"     638";"     380"
"569";"A028758";"2018JJ00";"      83";"     165";"      23";"   72434";"  104074";"   16583";"    3690";"    6883";"     666";"    1435";"    2090";"    1819";"    5230";"     573";"    2718";"     193";"     619";"     728";"     400"
"570";"A028758";"2019JJ00";"      84";"     165";"      23";"   73814";"   96824";"   16708";"    3882";"    6774";"     688";"    1467";"    2304";"    1592";"    5136";"     601";"    2594";"     194";"     544";"     873";"     331"
"571";"A028758";"2020JJ00";"      82";"     159";"      26";"   75805";"   98788";"    7468";"    1672";"    2786";"     393";"     841";"    1216";"     560";"    1504";"     201";"     689";"      75";"     189";"     286";"      64"
"572";"A028758";"2021JJ00";"      83";"     165";"      14";"   80699";"    5268";"    6468";"    1314";"    2521";"     340";"     538";"     999";"     756";"     985";"     155";"     469";"      35";"     102";"     172";"      53"
"573";"A028758";"2022JJ00";"      92";"     179";"      21";"   84627";"   84375";"   14947";"    2387";"    7242";"     784";"    1529";"    2005";"    1000";"    4406";"     334";"    2613";"     164";"     439";"     708";"     149"
"574";"A028758";"2023JJ00";"       .";"       .";"       .";"       .";"       .";"       .";"       .";"       .";"       .";"       .";"       .";"       .";"       .";"       .";"       .";"       .";"       .";"       .";"       ."
"575";"A007400";"1999JJ00";"     169";"     195";"      47";"   78856";"   32964";"   13671";"    4195";"    3258";"     861";"    1686";"    2832";"     839";"    3980";"     756";"    1089";"     289";"     712";"     892";"     241"
"576";"A007400";"2000JJ00";"     167";"     194";"      47";"   78529";"   32964";"   13937";"    4288";"    3252";"     639";"    1489";"    3005";"    1264";"    3817";"     715";"    1030";"     205";"     690";"     857";"     321"
"577";"A007400";"2001JJ00";"     165";"     199";"      47";"   80539";"   32964";"   14599";"    4353";"    3517";"     721";"    1639";"    2953";"    1415";"    4130";"     836";"    1093";"     233";"     680";"     915";"     373"
"578";"A007400";"2002JJ00";"     163";"     201";"      47";"   81492";"   32964";"   15510";"    5074";"    3529";"     829";"    1612";"    3136";"    1330";"    4366";"     841";"    1132";"     258";"     724";"     996";"     415"
"579";"A007400";"2003JJ00";"     157";"     206";"       .";"   88321";"       .";"   16073";"    4353";"    3900";"     760";"    1907";"    3305";"    1848";"    5016";"     883";"    1421";"     258";"     852";"    1142";"     461"
"580";"A007400";"2004JJ00";"     152";"     198";"       .";"   81748";"       .";"   14091";"    3581";"    3481";"     631";"    1681";"    3288";"    1429";"    3966";"     638";"    1032";"     184";"     714";"    1093";"     304"
"581";"A007400";"2005JJ00";"     168";"     229";"      49";"   98074";"   24272";"   18483";"    4684";"    5370";"    1038";"    2062";"    3920";"    1410";"    4885";"     832";"    1426";"     205";"     839";"    1267";"     315"
"582";"A007400";"2006JJ00";"     170";"     234";"      51";"  103093";"   24352";"   20637";"    5376";"    5717";"    1159";"    2462";"    4268";"    1656";"    5512";"     848";"    1625";"     297";"    1052";"    1309";"     381"
"583";"A007400";"2007JJ00";"     170";"     245";"      61";"  105517";"   28063";"   19957";"    5008";"    5973";"    1070";"    2258";"    4133";"    1516";"    5157";"     827";"    1496";"     229";"     969";"    1296";"     340"
"584";"A007400";"2008JJ00";"     172";"     238";"      58";"  106349";"   28167";"   20317";"    5280";"    5799";"    1000";"    2407";"    4246";"    1585";"    5205";"     801";"    1446";"     233";"    1040";"    1314";"     371"
"585";"A007400";"2009JJ00";"     175";"     245";"      50";"  107170";"   23079";"   21554";"    5279";"    7220";"    1091";"    2511";"    4014";"    1440";"    5262";"     810";"    1718";"     201";"     991";"    1193";"     349"
"586";"A007400";"2010JJ00";"     173";"     239";"      55";"  105138";"   22541";"   20730";"    5865";"    5578";"     922";"    2346";"    3857";"    2162";"    5280";"     941";"    1381";"     222";"     971";"    1135";"     631"
"587";"A007400";"2011JJ00";"     181";"     251";"      46";"  100120";"   12750";"   21887";"    6166";"    6106";"     971";"    2452";"    4288";"    1904";"    5362";"     923";"    1486";"     212";"     918";"    1217";"     607"
"588";"A007400";"2012JJ00";"     182";"     249";"      38";"  101829";"   18914";"   20635";"    5750";"    5560";"     780";"    2534";"    3965";"    2045";"    5078";"     843";"    1470";"     170";"    1143";"    1047";"     405"
"589";"A007400";"2013JJ00";"     179";"     245";"      52";"  102266";"   24570";"   18310";"    4514";"    5519";"     772";"    1976";"    4019";"    1512";"    4914";"    1139";"    1367";"     200";"     773";"    1087";"     348"
"590";"A007400";"2014JJ00";"     179";"     259";"      46";"  101408";"   24055";"   17354";"    3968";"    5070";"     717";"    1955";"    3750";"    1894";"    4283";"     677";"    1248";"     163";"     794";"     944";"     458"
"591";"A007400";"2015JJ00";"     175";"     245";"      44";"  101252";"   22405";"   17173";"    3813";"    5040";"     600";"    2101";"    3722";"    1898";"    4358";"     643";"    1233";"     137";"     883";"     983";"     479"
"592";"A007400";"2016JJ00";"     172";"     248";"      51";"   99834";"   28250";"   16227";"    2823";"    5723";"     516";"    1792";"    3511";"    1862";"    4042";"     509";"    1355";"     110";"     778";"     879";"     410"
"593";"A007400";"2017JJ00";"     175";"     252";"      53";"   99770";"   27730";"   17240";"    2610";"    5960";"     633";"    2140";"    3949";"    1948";"    4335";"     461";"    1449";"     149";"     867";"    1006";"     404"
"594";"A007400";"2018JJ00";"     176";"     264";"      51";"  103429";"   26185";"   17162";"    2556";"    5944";"     539";"    2546";"    3759";"    1818";"    4508";"     459";"    1540";"     126";"     985";"    1047";"     352"
"595";"A007400";"2019JJ00";"     179";"     272";"      54";"  104537";"   28145";"   17508";"    2655";"    5733";"     589";"    2801";"    4034";"    1696";"    4543";"     446";"    1480";"     139";"    1037";"    1114";"     327"
"596";"A007400";"2020JJ00";"     169";"     251";"      39";"  102092";"   25150";"    9137";"    1507";"    2979";"     329";"    1417";"    2112";"     793";"    1774";"     240";"     570";"      60";"     359";"     423";"     121"
"597";"A007400";"2021JJ00";"     173";"     261";"      34";"  105681";"   23958";"    8842";"    1513";"    2303";"     463";"     981";"    1692";"    1891";"    1175";"     153";"     393";"      27";"     204";"     273";"     126"
"598";"A007400";"2022JJ00";"     171";"     260";"      46";"   97145";"   22124";"   15797";"    2209";"    6040";"     497";"    1978";"    3371";"    1702";"    3609";"     363";"    1408";"      94";"     653";"     857";"     235"
"599";"A007400";"2023JJ00";"       .";"       .";"       .";"       .";"       .";"       .";"       .";"       .";"       .";"       .";"       .";"       .";"       .";"       .";"       .";"       .";"       .";"       .";"       ."
