title;album;artist;date;duration(ms);popularity;danceability;energy;key;loudness;mode;speechiness;acousticness;instrumentalness;liveness;valence;tempo;time_signature
Bohemian Rhapsody;Bohemian Rhapsody (The Original Soundtrack);Queen;2018-10-19;354947;72;39;397;0;-9963;0;513;287;0;207;246;144031;4
Roller Coaster;Pressure Makes Diamonds;Danny Vera;2019-02-15;269985;62;401;383;9;-10048;1;279;51;78;121;285;96957;4
Hotel California;Hotel California (2013 Remaster);Eagles;1976-12-08;391376;83;579;508;2;-9484;1;27;574;494;575;609;147125;4
Piano Man;The Essential Billy Joel;Billy Joel;2001-10-02;336093;64;334;472;0;-8791;1;277;6;362;317;431;179173;3
Fix You;X&Y;Coldplay;2005-06-07;295533;83;209;417;3;-874;1;338;164;196;113;124;138178;4
Stairway To Heaven;Greatest 70's Classic Hits;Led Zeppelin;2023-01-27;482830;38;339;34;7;-12049;1;34;582;297;116;198;83495;4
Black;Ten;Pearl Jam;1991-08-27;342653;73;36;684;4;-6457;0;308;323;0;34;2;7715;4
Avond;Een Nieuwe Herfst;Boudewijn de Groot;1996-01-01;274293;55;456;37;0;-1524;1;405;617;939;136;186;99455;4
Nothing Else Matters;Metallica;Metallica;1991-08-12;388266;79;553;362;4;-11218;0;263;458;601;75;158;142352;3
Love Of My Life;A Night At The Opera (Deluxe Edition 2011 Remaster);Queen;1975-11-21;217386;71;329;179;5;-11589;1;299;933;504;115;255;154175;4
Wish You Were Here;Echoes - The Best Of Pink Floyd;Pink Floyd;2001;321080;44;499;318;7;-13776;1;485;718;101;379;282;121498;4
Brothers In Arms;Brothers In Arms - 20th Anniversary Edition;Dire Straits;1985-05-13;419773;67;214;423;8;-9454;0;323;53;876;119;136;76145;4
Radar Love;The Long Versions - Part One;Golden Earring;2008-10-22;386706;57;504;719;1;-9155;0;431;878;149;75;177;102144;4
Comfortably Numb;The Wall (Remastered);Pink Floyd;1979-11-30;379213;68;479;309;11;-14751;0;299;153;22;134;182;127155;4
November Rain;Use Your Illusion I;Guns N' Roses;1991-09-17;536066;79;294;641;11;-9316;1;291;163;22;112;226;79759;4
The Sound Of Silence (by Disturbed);Immortalized;Disturbed;2015-08-21;248466;71;322;28;6;-9367;0;281;468;11;102;175;85794;4
Child In Time;Deepest Purple: The Very Best of Deep Purple;Deep Purple;1990-07-23;619266;55;331;34;9;-14784;0;369;313;607;234;365;126672;4
Soldier On;Soldier On;DI-RECT;2020-02-21;207853;55;358;44;3;-7563;1;284;843;0;105;195;180044;4
Purple Rain;Purple Rain;Prince;1984-06-25;520786;73;367;452;10;-10422;1;307;353;228;689;189;113066;4
Sultans Of Swing;Dire Straits;Dire Straits;1978-10-07;348400;81;733;794;5;-10023;1;307;614;367;33;931;148174;4
Africa;Toto IV;TOTO;1982-04-08;295893;83;671;373;9;-18064;1;323;257;801;481;732;92718;4
Viva La Vida;Viva La Vida or Death and All His Friends;Coldplay;2008-06-19;242373;73;486;617;5;-7115;0;287;954;323;109;417;138015;4
The River;The River;Bruce Springsteen;1980-10-17;301546;64;587;536;7;-11248;1;304;179;275;305;59;117498;4
Heroes;Heroes (2017 Remaster);David Bowie;1977;371413;75;489;758;7;-6491;1;297;678;49;92;435;112113;4
Shine On You Crazy Diamond;Echoes - The Best Of Pink Floyd;Pink Floyd;2001;1052453;36;251;4;7;-10756;0;306;642;75;127;552;13603;3
One (by Metallica);...And Justice For All;Metallica;1988-08-25;447440;73;437;695;7;-9447;1;617;111;857;124;413;102178;3
Telegraph Road;Love Over Gold;Dire Straits;1982-09-20;858133;57;381;59;2;-10108;0;321;152;464;169;282;123272;4
Thunderstruck;The Razors Edge;AC/DC;1990-09-24;292880;83;502;89;4;-5175;1;364;147;117;217;259;13352;4
Paradise By The Dashboard Light;Bat Out Of Hell;Meat Loaf;1977-10-21;508333;65;326;872;2;-7602;1;122;214;0;461;492;173381;4
A Forest;Seventeen Seconds;The Cure;1980-04-18;354640;64;587;493;0;-14927;1;505;423;712;909;451;161222;4
Oceaan;The Singles Collection;Racoon;2013-03-15;164757;62;593;313;9;-8961;1;383;866;0;108;219;95904;4
Master Of Puppets;Master Of Puppets (Remastered);Metallica;1986-03-03;515386;77;543;836;4;-911;0;353;647;431;153;56;105173;4
Imagine;Imagine;John Lennon;1971-09-09;187866;77;547;257;0;-12358;1;252;907;183;935;169;75752;4
Killing In The Name;Rage Against The Machine - XX (20th Anniversary Special Edition);Rage Against The Machine;1992;313573;79;466;833;7;-4215;1;304;266;0;327;661;88785;4
Smells Like Teen Spirit;Nevermind (Remastered);Nirvana;1991-09-26;301920;82;502;912;1;-4556;1;564;255;173;106;72;116761;4
Just Breathe;Backspacer;Pearl Jam;2009-09-19;215853;67;473;348;0;-111;1;288;721;742;823;283;107819;4
The Sound Of Silence (by Simon & Garfunkel);The Singer;Simon & Garfunkel;2012-08-28;184786;62;535;225;6;-13865;1;301;869;157;988;338;107384;4
Dancing Queen;Arrival;ABBA;1976;230400;83;543;87;9;-6514;1;428;358;939;792;754;100804;4
Go Your Own Way;Greatest Hits;Fleetwood Mac;1988-11-21;218400;59;597;812;5;-12062;1;315;219;106;102;823;13568;4
Sweet Child O' Mine;Appetite For Destruction;Guns N' Roses;1987-07-21;356066;85;446;952;6;-5321;1;523;901;857;112;624;125303;4
Over De Muur;Het Beste Van Klein Orkest;Klein Orkest;1987-01-01;209493;52;612;321;0;-15231;1;506;629;105;144;287;95977;4
A Whiter Shade Of Pale;Hits'n'Flips;Procol Harum;2019-05-03;248946;66;249;66;0;-6904;1;343;514;271;891;427;149822;4
Shallow;A Star Is Born Soundtrack;Lady Gaga,Bradley Cooper;2018-10-05;215733;83;572;385;7;-6362;1;308;371;0;231;323;95799;4
In The End;Hybrid Theory (Bonus Edition);Linkin Park;2000-10-24;216880;86;556;864;3;-587;0;584;958;0;209;4;105143;4
The Chain;Rumours (Super Deluxe);Fleetwood Mac;1977-02-04;270213;82;545;67;9;-881;1;496;9;822;451;481;151553;4
Cold Little Heart;Love & Hate;Michael Kiwanuka;2016-07-15;597600;64;489;404;8;-7815;1;261;487;485;14;153;10801;4
Somebody To Love (by George Michael & Queen);Ladies & Gentlemen;George Michael,Queen;1998-11-09;318866;60;333;863;7;-6918;1;515;518;0;972;384;110162;1
Innuendo;Innuendo (2011 Remaster);Queen;1991-02-05;393026;58;346;728;1;-5747;1;451;187;379;344;174;74939;4
Enter Sandman;Metallica;Metallica;1991-08-12;331266;80;577;828;6;-8691;0;298;213;114;581;604;123257;4
Creep;Pablo Honey;Radiohead;1993-02-22;238640;86;515;43;7;-9935;1;372;97;133;129;104;91844;4
Door De Wind;Beste Zangers 2020 (Miss Montreal);Miss Montreal,Beste Zangers;2020-10-30;170277;56;579;945;3;-18377;1;396;705;427;817;353;123994;4
In The Air Tonight;Face Value (Deluxe Editon);Phil Collins;1981-01-01;336453;76;446;239;0;-13945;1;316;551;41;697;298;189507;4
Lose Yourself;SHADYXV;Eminem;2014-11-24;320626;73;689;735;2;-4545;1;267;922;72;365;59;171403;4
Hurt (by Johnny Cash);American IV: The Man Comes Around;Johnny Cash;2002-01-01;216533;73;534;392;9;-7636;0;267;649;227;948;163;90379;4
Het Dorp;Sonneveld;Wim Sonneveld;1972-01-01;194400;46;368;32;7;-16267;1;437;752;351;103;462;111762;4
Yellow;Parachutes;Coldplay;2000-07-10;266773;89;429;661;11;-7227;1;281;239;121;234;285;173372;4
School;Crime Of The Century (Remastered);Supertramp;1974-09-01;335286;60;366;468;4;-14514;0;826;537;283;664;506;90281;4
Impossible;Impossible (Orchestral Version) [Live at Abbey Road];Nothing But Thieves;2020-11-17;250185;48;383;647;5;-6186;1;365;593;531;987;112;82963;4
Angels;Life Thru A Lens;Robbie Williams;1997-01-01;265000;75;429;594;4;-6251;1;277;156;495;1;236;15022;4
God Only Knows;50 Big Ones: Greatest Hits;The Beach Boys;2012-01-01;175786;51;433;469;6;-9853;0;32;156;0;479;334;115876;4
The Scientist;A Rush of Blood to the Head;Coldplay;2002-08-08;309600;84;557;442;5;-7224;1;243;731;146;11;213;146277;4
Under Pressure;Bohemian Rhapsody (The Original Soundtrack);Queen,David Bowie;2018-10-19;244484;60;672;699;2;-7831;1;475;395;0;94;46;113737;4
With Or Without You;U218 Singles;U2;2006-01-01;296226;61;546;537;2;-744;1;268;135;287;125;923;109908;4
Iron Sky;Caustic Love;Paolo Nutini;2014-04-11;373133;63;387;626;1;-7134;0;344;242;12;11;316;139724;4
Paint It Black;Aftermath;The Rolling Stones;1966-04-15;202266;82;464;795;1;-9267;1;926;493;244;399;612;158691;4
Papa;Is Dit Nu Later;Stef Bos;1990-03-16;193093;54;744;322;0;-13004;1;337;718;162;841;294;119941;4
Another Love;Long Way Down (Deluxe);Tom Odell;2013-06-24;244360;89;445;537;4;-8532;0;4;695;165;944;131;122769;4
A Sky Full Of Stars;Ghost Stories;Coldplay;2014-05-19;267866;85;545;675;6;-6474;1;279;617;197;209;162;12497;4
Sunday Bloody Sunday;U218 Singles;U2;2006-01-01;279960;52;343;985;6;-3174;1;138;409;119;517;724;201057;4
Fool's Overture;Even In The Quietest Moments;Supertramp;1977-01-01;652560;52;406;306;3;-10482;1;372;313;79;727;73;135272;4
Sweet Caroline;Sweet Caroline;Neil Diamond;1969-06-06;203573;76;529;127;11;-16066;1;274;611;109;237;578;6305;4
Lola Montez;Outlaw Gentlemen & Shady Ladies;Volbeat;2013-01-01;267680;53;513;875;2;-4819;1;336;139;328;715;677;151986;4
Uprising;The Resistance;Muse;2009-09-10;304840;75;602;905;2;-4046;1;775;202;64;117;411;128019;4
Alive;Ten;Pearl Jam;1991-08-27;340907;74;284;875;11;-6069;0;422;752;461;402;595;75009;4
Back To Black;Back To Black (Deluxe Edition);Amy Winehouse;2006;241293;80;403;422;7;-13964;0;373;134;205;861;378;122728;4
Brabant;Guus Meeuwis;Guus Meeuwis;2002;210173;56;407;466;7;-7054;1;311;561;894;103;387;81568;4
Het Regent Zonnestralen;Adem;Acda en de Munnik;2005-11-07;225733;52;62;752;7;-5647;1;309;411;0;109;829;10809;4
Bridge Over Troubled Water;Bridge Over Troubled Water;Simon & Garfunkel;1970-01-26;293120;69;149;206;3;-13888;1;323;822;649;115;264;79764;4
Sympathy For The Devil;The Rolling Stones Singles Collection: The London Years;The Rolling Stones;1989-08-15;376800;61;728;681;9;-10943;1;221;61;0;559;578;115944;4
Zombie;No Need To Argue (The Complete Sessions 1994-1995);The Cranberries;1994-10-03;306440;83;309;649;7;-8994;1;35;158;591;367;312;166915;4
Mr. Blue Sky;Out of the Blue;Electric Light Orchestra;1977;303373;78;388;338;10;-10054;1;329;652;373;248;478;177765;4
Multicolor;Multicolor;Son Mieux;2022-04-15;208680;56;682;799;10;-5227;1;275;445;27;15;661;114998;4
Clocks;A Rush of Blood to the Head;Coldplay;2002-08-08;307879;81;577;749;5;-7215;0;279;599;115;183;255;13097;4
Highway To Hell;Highway to Hell;AC/DC;1979-07-27;208400;83;574;913;6;-4793;0;133;61;158;156;423;115728;4
Old And Wise;Eye In The Sky (Expanded Edition);The Alan Parsons Project;1982;295253;55;375;317;0;-11741;0;315;727;292;123;12;112003;4
Let It Be;Let It Be (Remastered);The Beatles;1970-05-08;243026;77;443;403;0;-8339;1;322;631;0;111;41;143462;4
Somebody To Love (by Queen);A Day At The Races (Deluxe Edition 2011 Remaster);Queen;1976-12-10;296480;73;406;698;8;-7024;1;624;186;0;233;333;109266;3
Don't Stop Me Now;Greatest Hits (Remastered);Queen;1981-10-26;209653;52;567;803;5;-7345;1;128;336;164;728;661;156395;4
Another Brick In The Wall;The Wall (Remastered);Pink Floyd;1979-11-30;228586;71;693;353;0;-17852;1;414;704;113;503;75;104143;4
Sorry (by Kensington);Control;Kensington;2016-10-28;227440;55;461;409;4;-8479;0;315;502;0;979;895;133956;4
Here Comes The Sun;Abbey Road (Remastered);The Beatles;1969-09-26;185733;82;557;54;9;-10484;1;347;339;248;179;394;129171;4
Suspicious Minds;From Elvis in Memphis;Elvis Presley;1969-06-17;261279;72;487;382;7;-10889;1;309;422;474;411;714;116557;4
Jolene;Jolene;Dolly Parton;1974-02-04;161533;71;674;537;1;-10971;0;363;566;0;131;809;110578;4
Noodgeval;Betaalbare Romantiek;Goldband;2021-08-13;214383;65;856;89;2;-6463;0;627;131;143;614;77;139003;4
Who Wants To Live Forever;Bohemian Rhapsody (The Original Soundtrack);Queen;2018-10-19;314488;53;18;371;4;-9033;0;332;583;217;116;388;139671;4
Pastorale;Ramses Shaffy - Laat Me;Liesbeth List,Ramses Shaffy;2009-01-01;256186;41;483;392;2;-1433;1;285;498;0;389;395;111794;4
Private Investigations;Love Over Gold;Dire Straits;1982-09-20;405893;56;356;967;9;-20084;1;315;696;691;801;67;84486;4
Nothing Compares 2 U;I Do Not Want What I Haven't Got;Sinéad O'Connor;1990-07-01;280040;74;512;574;5;-7016;1;273;425;231;105;161;119917;4
Phantom Of The Opera;Beste Zangers Seizoen 12 (Aflevering 8 - Duetten);Floor Jansen,Henk Poort;2019-10-12;244176;46;471;869;0;-6136;0;473;251;241;246;271;131956;4
One (by U2);Achtung Baby (Deluxe Edition);U2;1991-11-18;276186;76;392;534;0;-8793;1;369;245;104;155;325;181305;4
Under The Bridge;Blood Sugar Sex Magik (Deluxe Edition);Red Hot Chili Peppers;1991-09-24;264306;84;559;345;4;-13496;1;459;576;105;141;458;84581;4
Troy;Lion and the Cobra;Sinéad O'Connor;1987-11-04;391200;52;315;311;10;-9232;1;32;482;137;44;185;116262;4
Riders On The Storm;L.A. Woman;The Doors;1971-04-19;434720;71;55;722;11;-11729;0;283;25;129;11;716;103886;4
Enjoy The Silence;The Singles 86-98;Depeche Mode;1998-09-28;255133;72;663;838;0;-5744;0;286;2;177;782;752;112788;4
Don't Stop Believin';Greatest Hits;Journey;1988-11-29;249093;56;494;805;4;-7087;1;422;256;0;356;465;119026;4
Gimme Shelter;Let It Bleed;The Rolling Stones;1969-12-05;270773;76;634;63;1;-8277;0;31;447;39;17;489;118628;4
Chasing Cars;Eyes Open;Snow Patrol;2006-01-01;267960;81;56;595;9;-453;1;274;199;647;132;144;104011;4
Belfast Child;Themes - Volume 4;Simple Minds;2008-01-01;404000;43;143;392;7;-13005;1;477;302;862;103;295;81036;4
Deutschland;Rammstein;Rammstein;2019-05-17;322339;75;521;895;7;-5242;1;442;554;349;985;237;120117;4
Wuthering Heights;The Kick Inside;Kate Bush;1978-02-17;269066;66;481;392;1;-11381;1;312;366;452;124;52;124572;4
Dreams (by Fleetwood Mac);Greatest Hits;Fleetwood Mac;1988-11-21;254453;65;823;338;0;-15899;1;413;139;129;5;785;120473;4
Whole Lotta Rosie;Let There Be Rock;AC/DC;1977-03-21;333800;64;292;838;9;-4459;1;78;14;479;953;423;159176;4
Running Up That Hill ;Hounds Of Love;Kate Bush;1985-09-16;298933;81;629;545;10;-13123;0;546;719;308;604;194;108376;4
Du Hast;Sehnsucht;Rammstein;1997-08-25;234226;68;64;922;9;-6283;0;385;369;55;332;716;125105;4
Sign Of The Times;Harry Styles;Harry Styles;2017-05-12;340706;82;516;595;5;-463;1;313;275;0;109;222;119972;4
Mr. Brightside;Hot Fuss;The Killers;2004;222973;85;352;911;1;-523;1;747;121;0;995;236;148033;4
Careless Whisper;Ladies And Gentlemen... The Best Of George Michael;George Michael;1998-11-09;300106;81;574;628;2;-8815;0;36;13;0;271;803;153119;4
Have You Ever Seen The Rain;Pendulum (Expanded Edition);Creedence Clearwater Revival;1970-12-07;160133;85;741;697;0;-7028;1;277;664;228;133;774;116109;4
Angie;Goats Head Soup (Remastered 2009);The Rolling Stones;1973-08-31;272000;72;429;554;9;-6128;0;291;67;152;105;407;136302;4
Bitter Sweet Symphony;This Is Music: The Singles 92-98;The Verve;2004-01-01;359546;58;356;913;9;-6015;1;499;339;0;221;537;171157;4
Fields Of Gold (by Sting);Ten Summoner's Tales;Sting;1993-03-09;222120;74;651;339;2;-11917;1;246;372;141;739;32;103996;4
When The Lady Smiles;N.E.W.S.;Golden Earring;1984;340026;50;704;816;11;-7121;1;309;438;891;354;83;131577;4
Knights Of Cydonia;Black Holes and Revelations;Muse;2006-06-19;366213;67;366;963;11;-5301;0;142;273;122;115;211;137114;4
Losing My Religion;Out Of Time (25th Anniversary Edition);R.E.M.;1991-03-12;268426;83;666;855;9;-5051;0;295;179;12;987;803;125639;4
Sonne;Mutter;Rammstein;2001-04-02;272440;78;51;917;4;-4806;0;854;54;133;396;313;75098;4
Blackbird;The Beatles (Remastered);The Beatles;1968-11-22;138386;75;686;127;7;-14361;1;342;754;141;573;372;93699;4
Paranoid;Reunion;Black Sabbath;1998-10-05;267506;32;239;961;8;-6695;1;128;944;619;964;182;176343;4
Where The Streets Have No Name;The Best Of 1980 - 1990;U2;1998-11-02;275040;52;5;851;2;-6027;1;38;128;698;136;358;125599;4
The Pretender;Echoes, Silence, Patience & Grace;Foo Fighters;2007-09-25;269373;78;433;959;9;-404;1;431;917;0;28;365;172984;4
The Winner Takes It All;Super Trouper;ABBA;1980;294720;74;454;788;6;-6748;1;371;574;766;859;52;12615;4
Mag Ik Dan Bij Jou;Wat ik zeker weet;Claudia De Breij;2010-11-03;206133;49;541;291;0;-9478;1;344;968;85;708;188;133444;4
Zoutelande;Zoutelande (feat. Geike);BLØF,Geike;2017-10-20;223266;51;67;643;6;-7198;0;286;221;158;142;893;129013;4
The Show Must Go On;Bohemian Rhapsody (The Original Soundtrack);Queen;2018-10-19;271611;61;425;675;11;-679;0;409;433;451;112;671;84156;4
Space Oddity;David Bowie (aka Space Oddity) [2015 Remaster];David Bowie;1969-11-04;318026;70;31;403;0;-13664;1;326;726;927;139;466;13448;4
Tears In Heaven;Rush (Music from the Motion Picture Soundtrack);Eric Clapton;1992-01-10;271760;68;498;242;9;-12238;1;257;835;536;133;312;153744;4
Hey Jude;Love;The Beatles;2006-11-17;238854;64;462;632;5;-7438;1;248;91;0;397;585;74268;4
Money For Nothing;Brothers In Arms - 20th Anniversary Edition;Dire Straits;1985-05-13;504333;70;642;766;2;-682;0;401;407;103;593;593;134185;4
Stil In Mij;Van Dik Hout;Van Dik Hout;1995-04-18;244933;54;586;653;11;-8576;1;315;215;555;133;388;99454;4
Don't Look Back In Anger;(What's The Story) Morning Glory?;Oasis;1995-10-02;287826;65;349;917;0;-3645;1;71;26;725;968;206;164036;4
Fragile;Fields Of Gold - The Best Of Sting 1984 - 1994;Sting;1994-11-08;233221;36;39;34;4;-14091;0;333;915;157;118;262;83654;4
Nobody's Wife;Together Alone;Anouk;1997-01-01;205733;55;506;903;6;-6684;1;374;764;606;144;5;98074;4
Proud Mary (by Ike & Tina Turner);Workin' Together;Ike & Tina Turner;1970-04-19;297613;58;599;46;2;-10729;1;152;686;365;15;715;96429;4
(Sittin' On) The Dock Of The Bay;The Dock of the Bay (Mono);Otis Redding;1968;163755;79;769;367;2;-11226;1;312;684;162;81;535;103621;4
I Still Haven't Found What I'm Looking For;The Joshua Tree (Super Deluxe);U2;1987-03-03;277476;78;564;774;1;-9424;1;368;135;191;861;657;100894;4
Je Blik Richting Mij;Je Blik Richting Mij;Bankzitters;2022-02-11;145500;56;833;587;11;-10848;1;102;597;0;124;649;80008;4
Somewhere Only We Know;Hopes And Fears;Keane;2004-05-10;237146;85;448;665;9;-4203;1;26;6;255;828;304;172004;4
Stapelgek;Stapelgek;Bankzitters;2021-01-29;175205;50;813;432;0;-8034;0;498;426;0;821;83;125009;4
Billie Jean;Thriller 25 Super Deluxe Edition;Michael Jackson;2008-02-08;293826;80;92;654;11;-3051;0;401;236;153;36;847;117046;4
Sterrenstof;De Lachende Derde;De Jeugd Van Tegenwoordig;2010-01-01;220946;59;714;79;5;-3757;0;109;317;127;198;904;97012;4
Your Song;Elton John;Elton John;1970-04-10;241786;79;554;315;3;-11028;1;298;828;553;101;325;128157;4
Gotta Catch 'Em All;Pokémon Theme-New Studio Recording;Jason Paige;2017-11-23;196832;34;568;909;7;-4806;0;473;325;0;139;397;144973;4
House Of The Rising Sun;The Singles Plus;The Animals;1987-10-19;269906;74;316;484;9;-911;0;308;334;445;912;299;117363;3
Kleine Jongen;Kleine Jongen;Andre Hazes;1990-01-01;223133;56;56;741;9;-4755;1;31;244;0;111;503;91202;4
Californication;Californication (Deluxe Edition);Red Hot Chili Peppers;1999-06-08;329733;83;592;767;9;-2788;0;27;21;165;127;328;96483;4
Nights In White Satin;Nights In White Satin;The Moody Blues;2017-05-19;264997;58;19;344;4;-12064;0;309;252;327;194;218;156888;3
Voilà;Voilà;Barbara Pravi;2020-11-06;176815;62;447;337;2;-8665;0;631;773;0;298;603;135379;4
Goodnight Saigon;The Nylon Curtain;Billy Joel;1982-06-23;423266;49;598;398;0;-14208;1;613;152;0;116;135;129125;4
Yesterday;Help! (Remastered);The Beatles;1965-08-06;125666;77;332;179;5;-1183;1;326;879;0;886;315;96529;4
Dream On;Aerosmith;Aerosmith;1973-01-05;267596;82;392;476;1;-7583;1;249;397;163;309;234;78031;4
Jeanny;Falco 3;Falco;1985-02-19;355989;58;648;659;9;-10456;0;456;451;0;189;465;105914;4
Fear Of The Dark;Fear of the Dark (2015 Remaster);Iron Maiden;1992;438120;70;308;866;2;-5671;0;59;739;141;232;227;109825;4
Iris;Greatest Hits Volume One - The Singles;The Goo Goo Dolls;2007-11-06;289906;73;291;79;11;-5683;0;363;133;561;811;513;155667;3
Everlong;The Colour And The Shape;Foo Fighters;1997-05-20;250546;84;413;881;11;-5541;0;367;599;308;805;364;158066;4
Come As You Are;Nevermind (Remastered);Nirvana;1991-09-26;218920;79;5;824;4;-5846;0;388;16;161;916;539;120125;4
Ice Queen;Mother Earth;Within Temptation;2000-12-24;322800;50;271;561;8;-7911;0;306;382;314;109;145;9262;4
Wonderwall;(What's The Story) Morning Glory?;Oasis;1995-10-02;258906;70;41;854;2;-5609;1;366;236;0;133;456;174584;4
Laat Me;Dag En Nacht;Ramses Shaffy;1978-01-01;305253;50;337;331;1;-14199;0;342;645;752;153;35;101643;4
Streets Of Philadelphia;Philadelphia - Music From The Motion Picture;Bruce Springsteen;1994-01-03;252493;56;708;19;5;-16578;1;326;194;226;916;47;93669;4
Uncharted;Time;Kensington;2019-11-15;241480;49;594;527;10;-6805;1;308;14;0;294;226;138956;4
Chop Suey!;Toxicity;System Of A Down;2001-09-04;210240;83;417;934;7;-3908;0;119;278;15;132;287;127066;4
Summer Of '69;Reckless (30th Anniversary / Deluxe Edition);Bryan Adams;1984-11-05;216053;81;508;834;2;-6205;1;386;183;0;732;774;139131;4
Tennessee Whiskey;Traveller;Chris Stapleton;2015-05-04;293293;81;392;37;9;-10888;1;298;205;96;821;512;48718;4
Gimme Gimme Gimme;Voulez-Vous;ABBA;1979;292613;80;749;491;10;-9655;1;403;2;899;159;536;119528;4
Hallelujah (by Leonard Cohen);Various Positions;Leonard Cohen;1984-12-11;277160;63;28;344;0;-12577;1;293;715;642;133;232;171143;3
In The Ghetto;From Elvis in Memphis;Elvis Presley;1969-06-17;167413;66;404;266;10;-16688;1;334;716;133;107;491;88916;4
Into My Arms;The Boatman's Call (2011 - Remaster);Nick Cave & The Bad Seeds;1997-03-03;256120;63;484;874;0;-17796;1;394;894;154;11;219;94163;4
All Too Well;Red (Taylor's Version);Taylor Swift;2021-11-12;613026;84;631;518;0;-8771;1;303;274;0;88;205;93023;4
Fast Car;Tracy Chapman;Tracy Chapman;1988-04-05;296800;79;711;292;4;-15523;0;37;313;0;131;194;103951;4
Niemand In De Stad;Niemand In De Stad;De Dijk;1989-01-01;291066;41;632;407;2;-12885;1;258;598;148;314;701;90426;4
Stiekem;Stiekem ft. Goldband;Maan,Goldband;2022-11-04;203437;58;747;577;1;-8047;0;323;151;115;194;642;127965;4
The Last Resort;Hotel California (2013 Remaster);Eagles;1976-12-08;444911;53;549;28;7;-10692;1;311;474;612;16;299;12583;4
Bed Of Roses;Keep The Faith;Bon Jovi;1992-11-03;394400;72;309;596;5;-5599;1;293;101;0;21;161;164587;3
Earth Song;HIStory - PAST, PRESENT AND FUTURE - BOOK I;Michael Jackson;1995-06-16;406040;66;501;439;3;-7521;0;313;482;117;87;145;138377;4
Don't You (Forget About Me);Themes - Volume 2;Simple Minds;2008-01-01;397400;35;651;66;2;-10944;1;265;775;772;46;797;111189;4
Someone Like You;21;Adele;2011-01-24;285240;81;556;319;9;-8251;1;281;893;0;996;294;135187;4
Walk Of Life;Brothers In Arms - 20th Anniversary Edition;Dire Straits;1985-05-13;248893;74;437;965;4;-4448;1;136;326;28;144;766;172428;4
Fortunate Son;Willy And The Poor Boys (Expanded Edition);Creedence Clearwater Revival;1969-11-02;140773;84;64;663;0;-7516;1;374;201;806;152;663;13277;4
Three Little Birds;Legend - The Best Of Bob Marley And The Wailers;Bob Marley & The Wailers;2002-01-01;180440;68;825;494;9;-10486;1;698;974;515;361;626;74103;4
Insomnia;Reverence;Faithless,Rollo Armstrong,Sister Bliss;1996;527240;52;785;579;7;-10069;1;356;18;543;168;262;127003;4
Killer Queen;Bohemian Rhapsody (The Original Soundtrack);Queen;2018-10-19;179355;65;526;64;10;-6374;1;472;365;13;958;622;117132;4
Music;Decca Singles 1975-1979;John Miles;2012;353733;48;251;467;4;-7112;1;305;231;358;352;15;83347;4
Paradise City;Appetite For Destruction;Guns N' Roses;1987-07-21;405600;80;268;98;11;-5958;1;103;192;709;182;395;100315;4
September;The Best Of Earth, Wind & Fire Vol. 1;Earth, Wind & Fire;1978-11-23;215093;73;697;832;9;-7264;1;298;168;131;269;979;125926;4
Don't Let The Sun Go Down On Me;Ladies & Gentlemen;George Michael,Elton John;1998-11-09;346813;65;435;547;0;-8092;1;287;494;0;544;26;135453;4
Blinding Lights;After Hours;The Weeknd;2020-03-20;200040;89;514;73;1;-5934;1;598;146;954;897;334;171005;4
As It Was;Harry's House;Harry Styles;2022-05-20;167303;91;52;731;6;-5338;0;557;342;101;311;662;17393;4
Dancing In The Dark;Born In The U.S.A.;Bruce Springsteen;1984-06-04;241306;79;527;942;1;-564;0;366;115;0;188;495;148723;4
Kayleigh;A Singles Collection 1982-1992: Six of One, Half-Dozen of the Other;Marillion;1992-06-08;243413;49;562;671;2;-721;1;269;188;378;947;595;106002;4
Lay All Your Love On Me;Super Trouper;ABBA;1980;274466;76;678;727;2;-7844;0;258;117;396;354;71;133481;4
Dansen Op De Vulkaan;Wakker In Een Vreemde Wereld;De Dijk;1987-01-01;267333;44;583;804;11;-1379;0;391;338;304;484;854;150491;4
Saturday Night;Shpritsz;Herman Brood & His Wild Romance;1978;222506;44;634;614;2;-6917;1;258;598;521;681;546;92108;4
Zing, Vecht, Huil, Bid, Lach, Werk En Bewonder;Zijn Grootste Successen - Ramses Shaffy;Ramses Shaffy;1990-01-01;232933;40;625;332;11;-15002;1;379;835;162;398;375;129251;4
Rolling In The Deep;21;Adele;2011-01-24;228093;81;73;769;8;-5114;1;298;138;0;473;507;104948;4
One (by Mary J. Blige & U2);The Breakthrough;Mary J. Blige,U2;2005-01-01;260466;64;344;874;0;-3161;1;777;841;0;129;269;185888;4
Is Dat Nou Echt?;Is Dat Nou Echt?;Bankzitters;2022-07-15;148965;52;719;54;7;-8386;1;515;531;636;843;393;174029;4
Smoke On The Water;Deepest Purple: The Very Best of Deep Purple;Deep Purple;1990-07-23;337613;57;616;612;0;-11084;1;275;169;434;101;897;114558;4
Numb;Meteora;Linkin Park;2003-09-16;185586;86;496;863;9;-4153;1;381;46;0;639;243;110018;4
Englishman In New York;...Nothing Like The Sun;Sting;1987-01-01;267266;72;674;347;9;-17707;1;364;396;105;916;647;102013;4
Street Spirit (Fade Out);The Bends;Radiohead;1995-03-13;253853;68;488;454;4;-11544;0;304;317;694;179;131;138076;4
She Sells Sanctuary;Love;The Cult;1985-10-18;252533;68;55;765;7;-8684;1;287;476;873;132;419;13946;4
Islands In The Stream;Pure & Simple;Dolly Parton,Kenny Rogers;2016-08-19;250053;68;611;524;8;-8256;1;35;68;0;753;73;203787;4
Atemlos Durch Die Nacht;Farbenspiel;Helene Fischer;2013-01-01;219720;63;798;74;11;-4865;1;458;419;184;157;834;128054;4
Tonight (by Son Mieux);Tonight;Son Mieux;2023-10-12;272709;67;538;424;7;-1146;1;258;193;457;129;362;77438;4
Bloed, Zweet En Tranen;Strijdlustig;Andre Hazes;2002-01-01;241626;57;598;719;5;-4306;1;289;766;0;346;373;6801;4
Anti-Hero;Midnights;Taylor Swift;2022-10-21;200690;89;637;643;4;-6571;1;519;13;18;142;533;97008;4
Songbird (by Fleetwood Mac);Tusk (Deluxe Edition);Fleetwood Mac;1979-10-12;253213;32;293;145;5;-15282;1;353;905;531;955;203;15909;4
The Unforgettable Fire;The Best Of 1980 - 1990;U2;1998-11-02;293400;43;421;756;10;-8127;1;317;12;412;698;198;136314;4
The Unforgiven;Metallica;Metallica;1991-08-12;386493;73;54;584;7;-9579;1;254;108;296;253;244;139261;4
No One Knows;Songs For The Deaf;Queens of the Stone Age;2002-01-01;278746;72;509;584;0;-4907;1;57;368;996;384;685;170411;4
While My Guitar Gently Weeps;Love;The Beatles;2006-11-17;226756;49;417;163;5;-14445;1;369;676;211;112;216;12261;4
I Want To Break Free;Bohemian Rhapsody (The Original Soundtrack);Queen;2018-10-19;223080;71;807;414;4;-8903;1;352;105;257;813;502;108944;4
Thriller;Thriller 25 Super Deluxe Edition;Michael Jackson;2008-02-08;357266;71;773;859;11;-4913;1;747;855;187;914;813;118459;4
Perfect;÷ (Deluxe);Ed Sheeran;2017-03-03;263400;87;599;448;8;-6312;1;232;163;0;106;168;9505;3
Perfect Day;Transformer;Lou Reed;1972-12-01;225000;67;4;267;10;-12488;1;323;744;734;103;872;144799;3
The Boxer;Bridge Over Troubled Water;Simon & Garfunkel;1970-01-26;308520;70;439;488;11;-14464;1;615;702;339;16;629;93017;4
Stan;The Marshall Mathers LP;Eminem,Dido;2000-05-23;404106;82;78;768;6;-4325;0;238;371;234;518;507;80063;4
Echoes;Meddle (2011 Remastered Version);Pink Floyd;1971-11-05;1413306;50;254;296;6;-1792;0;426;428;574;117;139;14695;4
Twilight Zone;Cut;Golden Earring;1982;478106;49;656;756;11;-6516;0;399;785;349;927;542;11856;4
Always Remember Us This Way;A Star Is Born Soundtrack (Without Dialogue);Lady Gaga;2018-10-05;210200;81;553;502;0;-5972;1;409;299;0;764;296;129976;4
Jeremy;Ten;Pearl Jam;1991-08-27;318226;70;285;846;2;-6472;1;438;404;0;182;287;108808;4
Landslide;Fleetwood Mac;Fleetwood Mac;1975-07-11;199493;79;414;161;7;-2232;0;318;883;223;117;423;159375;4
Desperado;Take It To The Summit (Houston, TX 16th Nov '76);Eagles;1976;262713;34;343;198;7;-15354;1;359;841;217;935;2;118807;4
Sorry (by Kyteman);The Hermit Sessions;Kyteman;2009-02-20;150200;43;34;473;7;-8935;0;393;943;398;656;203;70381;4
Engel;Sehnsucht;Rammstein;1997-08-25;264266;63;637;658;2;-5775;1;291;918;229;295;328;96072;4
Everybody Wants To Rule The World;Songs From The Big Chair (Super Deluxe Edition);Tears For Fears;1985-02-25;251488;87;645;795;7;-12095;1;527;347;389;104;535;112067;4
Amsterdam (by Nothing But Thieves);Broken Machine (Deluxe);Nothing But Thieves;2017-09-08;272240;66;511;934;3;-4561;1;242;403;348;242;668;168062;4
Free Bird;Pronounced' Leh-'Nerd 'Skin-'Nerd;Lynyrd Skynyrd;1973-01-01;547106;77;249;834;0;-821;1;577;738;948;924;338;118223;4
Fade To Black;Ride The Lightning (Deluxe / Remastered);Metallica;1984-07-26;417226;68;256;924;7;-6685;1;113;369;234;114;28;113574;4
Kronenburg Park;Foto Van Een Mooie Dag;Frank Boeijen Groep;1985-04-26;243733;51;499;546;7;-12549;0;341;445;0;102;448;90251;4
Everybody Hurts;Automatic For The People;R.E.M.;1992-10-05;320266;74;467;324;2;-10451;1;255;615;248;118;166;94301;3
Wind Of Change;Crazy World;Scorpions;1990-01-01;312360;78;452;524;0;-10108;1;351;315;0;103;246;151505;4
Everywhere;Greatest Hits;Fleetwood Mac;1988-11-21;222733;67;69;54;4;-10516;1;317;218;657;115;764;114846;4
Engelbewaarder;Engelbewaarder;Marco Schuitmaker;2022-09-09;196520;66;799;919;8;-4821;1;398;112;0;105;973;130006;3
Oude Maasweg;Badmuts Verplicht;The Amazing Stroopwafels;1994-07-01;205520;44;751;259;8;-15428;1;409;698;29;123;131;89774;4
White Rabbit;Surrealistic Pillow;Jefferson Airplane;1967;150640;70;551;293;2;-12503;1;272;486;273;864;322;106798;4
Another 45 Miles;Very Best Of Vol. 1 - Part One;Golden Earring;2008-11-05;283840;46;563;585;2;-9696;1;289;28;594;232;477;91013;4
Angel Of Death;Reign In Blood (Expanded);Slayer;1986-01-01;291773;60;326;995;1;-438;1;147;941;386;145;92;105459;4
Papillon;In This Light and on This Evening;Editors;2009-10-12;324133;52;506;947;7;-5157;1;612;21;569;301;656;125993;4
L'enfer;L’enfer;Stromae;2022-01-09;189720;61;4;547;2;-8381;0;177;33;0;241;606;177595;4
Chiquitita;Voulez-Vous;ABBA;1979;326320;71;5;554;9;-8108;1;354;734;372;312;372;84229;4
Love You More;Another Day;Racoon;2005-03-28;197360;57;404;213;1;-10963;1;336;765;0;108;285;170314;3
Fairytale Of New York;If I Should Fall from Grace with God (Expanded Edition);The Pogues,Kirsty MacColl;1988-09-05;272466;82;271;551;2;-748;1;457;582;416;256;428;78111;4
Do I Wanna Know?;AM;Arctic Monkeys;2013-09-09;272394;87;548;532;5;-7596;1;323;186;263;217;405;8503;4
Bad (by U2);The Unforgettable Fire (Deluxe Edition Remastered);U2;1984-10-01;368440;43;373;681;2;-9055;1;296;116;827;905;34;987;4
Formidable;racine carrée;Stromae;2013-01-01;213933;75;513;628;4;-9056;0;19;997;0;146;501;70568;4
Rocket Man;Honky Chateau;Elton John;1972-05-19;281613;81;601;532;10;-9119;1;286;432;625;925;341;136571;4
Last Christmas;LAST CHRISTMAS;Wham!;1984-11-29;262960;94;735;478;2;-12472;1;293;189;248;355;947;107682;4
My Immortal;Fallen;Evanescence;2003-03-04;262533;74;19;265;9;-9206;1;356;863;0;134;101;79012;4
Whole Lotta Love;Led Zeppelin II (1994 Remaster);Led Zeppelin;1969-10-22;333893;74;412;902;9;-116;1;405;484;131;405;422;8974;4
Als Ze Er Niet Is;Het Beste Van;De Dijk;1998-01-01;211266;43;377;486;0;-11776;1;617;239;712;105;217;165893;4
Iedereen Is Van De Wereld;2007;The Scene;2007-05-17;227893;46;454;729;4;-683;1;417;307;459;288;38;118051;4
The Man With The Child In His Eyes;The Kick Inside;Kate Bush;1978-02-17;158693;52;249;261;0;-10592;1;334;962;154;136;195;90007;4
Video Games;Born To Die (Deluxe Version);Lana Del Rey;2012-01-01;281946;57;39;255;6;-9676;0;299;806;114;887;179;122056;4
Sara;Greatest Hits;Fleetwood Mac;1988-11-21;382373;60;741;388;10;-16693;1;31;384;235;933;589;126819;4
I'm Still Standing;Too Low For Zero;Elton John;1983-05-30;183440;83;504;904;6;-6863;1;179;356;121;14;772;176808;4
Whiskey In The Jar (by Metallica);Garage Inc.;Metallica;1998-01-01;304693;73;511;97;10;-372;1;414;56;136;18;566;132986;4
Boulevard Of Broken Dreams;Boulevard of Broken Dreams;Green Day;2004;261266;73;49;679;8;-368;1;309;394;154;383;506;167046;4
November;Kilomeaters ('T Beste Van 20 Joar Rowwen Hèze);Rowwen Hèze;2005-01-01;296426;37;316;396;2;-9388;1;429;632;0;222;23;185633;3
Karma Police;OK Computer;Radiohead;1997-05-28;264066;79;36;501;7;-9129;1;258;638;932;172;324;74807;4
Make It A Memory;Make it a Memory;Krezip,Danny Vera;2022-03-11;209512;53;65;313;4;-10897;1;297;768;0;105;302;128939;4
I Would Stay;Nothing Less;Krezip;2000;231693;53;471;256;7;-10537;1;405;82;0;124;266;95288;4
Born To Run;Born To Run;Bruce Springsteen;1975-08-25;269920;71;27;944;4;-4199;1;975;501;205;116;606;146347;4
I'm Gonna Be (500 Miles);Sunshine on Leith;The Proclaimers;1988;219466;76;851;551;4;-5177;1;396;151;0;827;807;131922;4
Forever Young;Forever Young;Alphaville;1984-09-27;226706;72;489;483;9;-9466;0;275;42;28;236;333;136822;4
Deurdonderen ;Gewoon Deurdonderen 1977-1984 (2017 Remaster);Normaal;2017-12-08;244067;25;217;887;4;-10201;1;644;387;193;918;632;174892;4
Barcelona;Greatest Hits III;Freddie Mercury,Montserrat Caballé;1999-11-09;265440;42;174;467;3;-7896;1;383;801;208;102;12;174049;4
Society;Into The Wild (Music For The Motion Picture);Eddie Vedder;2007-09-18;236306;67;561;327;11;-10835;0;327;902;469;111;298;161858;4
Ace Of Spades;Ace of Spades (Expanded Edition);Motörhead;1980-11-08;168320;72;322;991;6;-4453;1;213;313;35;708;198;140221;4
I'm On Fire;Born In The U.S.A.;Bruce Springsteen;1984-06-04;155880;76;62;446;1;-14451;0;347;589;299;727;868;88591;4
Grijs;Grijs;Jaap Reesema,Beste Zangers;2022-09-01;180773;58;555;328;0;-10356;1;289;515;0;153;303;139763;4
California Dreamin';All The Leaves Are Brown The Golden Era Collection;The Mamas & The Papas;2001-08-28;160373;71;548;728;1;-6631;0;367;424;0;525;649;112332;4
Lightning Crashes;Throwing Copper;Live;1994-01-01;325600;67;385;433;11;-9256;1;435;241;707;11;427;89974;4
Leave The Light On;Leave The Light On;Beth Hart;2003;243266;45;562;494;9;-6153;1;267;249;698;134;151;142006;4
Starman;The Rise and Fall of Ziggy Stardust and the Spiders from Mars (2012 Remaster);David Bowie;1972-06-06;254293;78;486;449;5;-10298;1;267;166;223;54;549;100456;4
Through The Looking Glass;Through The Looking Glass;DI-RECT;2022-04-01;229761;53;448;932;5;-475;1;457;152;0;129;699;165437;4
Sad Man's Tongue;Rock The Rebel / Metal The Devil;Volbeat;2007-02-26;185826;57;434;959;2;-4375;1;429;356;941;171;566;109938;4
Run To The Hills;The Number of the Beast (2015 Remaster);Iron Maiden;1982;233506;70;249;943;0;-5188;1;669;286;401;162;458;173671;4
The Rose;The Best Bette;Bette Midler;2008-09-22;215026;53;186;971;0;-13002;1;342;94;0;122;745;65776;5
Ghost Love Score;Showtime, Storytime (Live, at Wacken, 2013);Nightwish;2013-11-29;630706;46;441;861;5;-6132;0;502;127;154;974;141;101051;4
Dust In The Wind;Point Of Know Return (Expanded Edition);Kansas;1977;206266;78;475;322;7;-10687;1;283;367;56;11;387;93503;4
Still Got The Blues;Still Got The Blues;Gary Moore;1990-01-01;370866;65;189;39;9;-14497;0;353;257;152;122;32;169563;3
Set Fire To The Rain;21;Adele;2011-01-24;242973;83;603;67;2;-3882;0;249;408;168;112;446;107993;4
Voor Haar;Frans Halsema 1939-1984;Frans Halsema;1985-01-01;172426;46;344;22;3;-16309;1;323;849;696;165;332;8339;4
Skyfall;Skyfall;Adele;2012-10-04;286480;85;346;552;0;-6864;0;282;417;0;114;789;75881;4
God Is A DJ;Forever Faithless - The Greatest Hits;Faithless;2005-08-30;208506;59;606;897;10;-7469;0;448;176;882;17;393;13055;4
Don't Give Up;So (Remastered);Peter Gabriel;1986-05-19;394826;60;671;283;3;-14198;1;508;831;818;911;331;80806;3
Beautiful Day;All That You Can't Leave Behind;U2;2000-01-01;248400;74;536;928;11;-6492;0;589;154;134;2;389;136258;4
Pride (In The Name Of Love);The Best Of 1980 - 1990;U2;1998-11-02;228466;52;454;879;4;-544;1;305;861;281;794;727;105859;4
Kashmir;Physical Graffiti (Deluxe Edition);Led Zeppelin;1975-02-24;517125;68;483;615;2;-8538;1;497;452;414;512;594;80576;3
Zeg Me Dat Het Niet Zo Is;Een Zomer Aan Het Eind Van De Twintigste Eeuw;Frank Boeijen Groep;1989-01-01;161506;45;356;632;0;-203;0;39;859;111;235;314;75826;4
Knockin' On Heaven's Door (by Guns N' Roses);Use Your Illusion II;Guns N' Roses;1991-09-18;336000;78;496;739;6;-7193;1;415;211;444;106;378;13241;4
Psycho;Drones;Muse;2015-06-04;316717;66;555;883;2;-3426;1;341;114;41;868;507;12502;4
Livin' On A Prayer;Slippery When Wet;Bon Jovi;1986-08-16;249293;84;532;887;0;-3757;1;335;778;214;294;795;122511;4
Silent Lucidity;Hear In The Now Frontier (Remastered);Queensrÿche;2003-01-01;324573;39;345;706;7;-4673;1;33;931;407;723;108;1405;4
Bad Moon Rising;Green River (Expanded Edition);Creedence Clearwater Revival;1969-08-03;141600;80;508;774;2;-5973;1;321;586;487;63;942;178946;4
Bat Out Of Hell;Bat Out Of Hell;Meat Loaf;1977-10-21;590000;58;204;837;5;-7618;1;676;281;405;291;392;171514;4
I Was Made For Lovin' You;Dynasty;KISS;1979-03-23;271240;81;768;852;4;-6215;1;38;214;736;723;867;128373;4
Vincent;American Pie;Don McLean;1971;243493;68;419;85;7;-19387;1;362;908;533;34;458;91509;3
Ruthless Queen;Het Beste Uit De Top 2000 (Editie 2017);Kayak;2017-11-17;291906;37;517;455;5;-9029;1;306;971;21;814;174;123612;4
The Day Before You Came;The Visitors (Deluxe Edition);ABBA;1981;349080;53;801;388;0;-14594;0;354;498;421;525;736;108071;4
Op Fietse;Niks Is Zoas 't Lek;Skik;1997;290840;43;525;859;0;-5414;1;297;188;0;244;859;104123;4
Radio Ga Ga;The Works (2011 Remaster);Queen;1984-02-27;348226;73;744;502;5;-7719;1;359;183;228;189;66;112344;4
Dat Heb Jij Gedaan;Dat heb jij gedaan;MEAU;2021-09-10;211174;54;69;274;0;-12923;1;51;845;428;12;663;131704;4
Mamma Mia;Abba;ABBA;1975;213266;77;749;748;2;-7011;1;323;295;443;469;827;137547;4
Can't Help Falling In Love;Blue Hawaii;Elvis Presley;1961-10-20;182360;79;396;293;2;-14062;1;275;941;196;105;343;100307;3
Every Breath You Take;Synchronicity (Remastered 2003);The Police;1983-06-17;253920;86;82;452;1;-9796;1;348;543;294;714;74;117401;4
Take Me To Church;Hozier;Hozier;2014-07-20;241688;83;566;664;4;-5303;0;464;634;0;116;437;128945;4
Haus Am See;Stadtaffe;Peter Fox;2008-09-26;216000;62;801;599;5;-6071;0;473;324;0;237;589;123715;4
I Put A Spell On You;Creedence Clearwater Revival (Expanded Edition);Creedence Clearwater Revival;1968-07-05;271786;61;391;732;4;-8188;0;295;471;121;979;622;100354;4
Harder Dan Ik Hebben Kan;Boven;BLØF;1999-01-01;253893;54;615;395;7;-9737;1;247;919;132;146;345;90007;4
99 Luftballons;Nena;Nena;1983-09-23;231466;73;636;467;4;-101;1;421;915;17;117;58;96639;4
One Day Like This;The Seldom Seen Kid;Elbow;2008-01-01;394173;59;425;651;10;-6131;1;287;105;0;138;366;159363;4
Testament;Voor De Overlevenden;Boudewijn de Groot;1966-01-01;195333;44;575;32;2;-13459;1;469;537;0;134;647;122081;4
Lithium;Nevermind (Remastered);Nirvana;1991-09-26;257053;72;678;656;7;-641;1;381;174;0;631;485;123207;4
Born Slippy;1992 - 2012;Underworld;2014-01-01;456480;65;576;953;10;-8968;1;362;106;49;474;303;140042;4
Tonight (by Tina Turner & David Bowie);Tina Live in Europe;Tina Turner,David Bowie;1988-03-16;255000;50;593;722;4;-12516;1;465;195;108;933;719;101539;4
Hallelujah (by Jeff Buckley);Grace;Jeff Buckley;1994;413826;71;324;136;0;-1033;1;318;931;117;176;831;97256;3
Sinds 1 Dag Of 2 (32 Jaar);De Jonge Jaren van Doe Maar - 50 jaar Nederpop;Doe Maar;2008-01-01;200891;53;884;599;9;-10892;1;449;283;396;137;963;113743;4
Hold The Line;Toto;TOTO;1978-10-10;235546;80;473;898;6;-4797;0;561;783;618;173;808;96556;4
Time;The Dark Side Of The Moon (2011 Remastered Version);Pink Floyd;1973-03-01;422853;63;355;447;9;-13631;1;894;453;225;163;369;122473;4
Take On Me;Hunting High and Low;a-ha;1985-06-01;225280;87;573;902;6;-7638;0;54;18;125;928;876;84412;4
My Boy;Good Times;Elvis Presley;1974-05-20;198853;54;387;534;11;-11809;0;331;586;84;607;372;92475;4
Roxanne;Outlandos D'Amour (Remastered 2003);The Police;1978-11-02;191946;81;618;748;0;-8905;1;358;384;41;473;663;134114;4
She's Always A Woman;The Stranger (Legacy Edition);Billy Joel;1977;201373;73;292;324;3;-11996;1;346;797;473;12;384;176631;3
Always On My Mind (by Elvis Presley);Elvis (Fool);Elvis Presley;1973-07-16;218440;70;358;387;7;-14342;1;324;746;121;119;495;181183;4
Ring Of Fire;Ring Of Fire: The Best Of Johnny Cash;Johnny Cash;1963-08-06;158426;68;659;585;7;-8189;1;288;623;213;348;784;104111;4
Du;Für das Mädchen, das ich liebe;Peter Maffay;1970-06-07;298093;51;493;453;11;-1199;1;265;15;435;427;461;94021;3
Eagle;The Essential Collection;ABBA;2012-01-01;267440;36;485;661;2;-9812;1;259;179;413;182;611;8533;4
Blauw;Blauw;The Scene;1990-01-01;276773;45;564;616;7;-10245;1;277;25;109;845;124;131068;4
Against All Odds (Take A Look At Me Now);The Singles (Expanded);Phil Collins;2016-10-14;206360;75;58;498;1;-6901;1;277;198;0;132;111;116271;4
Window Of My Eyes;The American Original Motion Picture Soundtrack;Cuby & The Blizzards;2010-01-01;207946;24;579;334;7;-16021;0;265;23;501;331;371;91728;3
Heart Of Gold;Eat, Pray, Love;Neil Young;2010-01-01;188440;74;55;525;7;-8754;1;275;288;172;106;806;171172;4
My Way (by Frank Sinatra);My Way (Expanded Edition);Frank Sinatra;1969-03;276800;73;401;381;2;-7458;1;274;7;0;122;229;75454;4
Jesus To A Child;Older;George Michael;1996-05-13;411146;60;534;415;1;-11781;0;278;314;365;847;188;173561;4
Sorry (by Nothing But Thieves);Broken Machine (Deluxe);Nothing But Thieves;2017-09-08;214706;62;667;776;8;-4535;0;281;238;452;134;519;128005;4
Wake Me Up;True;Avicii;2013-01-01;247426;85;532;783;2;-5697;1;523;38;12;161;643;12408;4
Ne Me Quitte Pas;La Valse A Mille Temps (Vol.4);Jacques Brel;2004-01-01;229400;56;416;236;1;-10962;0;499;821;12;189;302;101069;4
Man In The Mirror;HIStory - PAST, PRESENT AND FUTURE - BOOK I;Michael Jackson;1995-06-16;319306;63;794;798;8;-5639;1;366;429;116;118;265;100338;4
Welcome To The Jungle;Appetite For Destruction;Guns N' Roses;1987-07-21;273480;81;453;987;8;-4485;1;889;195;283;268;316;123544;4
You Can't Always Get What You Want;Let It Bleed;The Rolling Stones;1969-12-05;448720;67;32;62;0;-9686;1;594;64;636;253;472;86327;4
Romeo And Juliet;Making Movies;Dire Straits;1980-10-17;360666;70;613;441;5;-11999;1;309;546;132;869;525;87573;4
De Peel In Brand;Kilomeaters ('T Beste Van 20 Joar Rowwen Hèze);Rowwen Hèze;2005-01-01;204706;38;281;361;0;-12699;1;362;609;0;142;331;199073;4
Onderweg;De Stilte Voorbij;Abel;2000-02-21;189986;56;619;688;9;-6295;0;243;356;0;847;419;98134;4
The Logical Song;The Very Best Of Supertramp;Supertramp;1990-01-01;249666;54;623;666;5;-9255;0;457;562;228;148;729;120247;4
We Will Rock You;I Love Dad;Queen;2006-06-05;121706;54;69;44;11;-8528;0;768;654;0;538;494;81234;4
The Man Who Sold The World (by Nirvana);MTV Unplugged In New York;Nirvana;1994-11-01;261093;75;483;753;1;-8937;0;832;425;142;257;42;115102;4
Another Day In Paradise;...But Seriously (Deluxe Edition);Phil Collins;1989-11-20;322133;75;78;565;3;-732;0;306;736;269;63;365;101967;4
All Along The Watchtower;Electric Ladyland;Jimi Hendrix;1968-10-25;240800;75;438;805;8;-6237;1;624;255;569;842;564;113253;4
Thank You For The Music;The Album;ABBA;1977;229453;63;283;417;4;-9124;1;404;835;0;102;373;201145;4
She (by Charles Aznavour);Collected;Charles Aznavour;2016-02-26;152240;37;404;387;1;-9701;1;305;23;0;175;35;130139;4
Zeit;Zeit;Rammstein;2022-04-29;321686;64;55;569;7;-7683;0;462;132;147;174;518;123179;4
Take Me Home, Country Roads;Poems, Prayers and Promises;John Denver;1971;190160;73;462;395;9;-9376;1;264;758;0;121;625;82259;4
Une Belle Histoire;France mon amour, Vol. 2;Michel Fugain;2014-01-01;197706;44;265;581;9;-9046;0;441;497;0;374;65;83405;4
La Bohème;La Bohème (Remastered 2014);Charles Aznavour;1966;245186;66;377;337;0;-7346;0;341;808;0;238;545;117316;3
Solsbury Hill;Peter Gabriel 1: Car (Remastered);Peter Gabriel;1977;261560;70;678;631;11;-8624;1;301;355;268;376;463;102378;1
Mother Earth;Mother Earth;Within Temptation;2000-12-24;331280;46;425;589;1;-5876;0;284;223;101;26;144;104948;3
Paradise;Mylo Xyloto;Coldplay;2011-10-24;278719;83;449;585;5;-6761;1;268;509;875;833;212;139631;4
Tougher Than The Rest;Tunnel Of Love;Bruce Springsteen;1987-10-09;273866;61;6;514;5;-11178;1;249;2;774;107;603;98957;4
Rainbow In The Sky;May The Forze Be With You;Paul Elstak;1995-06-01;207933;57;464;936;1;-6864;0;349;145;516;305;294;167983;4
Holiday In Spain;Hier - Het Beste Van 20 Jaar BLØF;Counting Crows,BLØF;2012-01-01;232666;48;645;32;2;-11163;1;313;664;0;132;277;125649;4
Oerend Hard;De Jonge Jaren van Normaal - 50 Jaar Nederpop;Normaal;2008-01-01;224569;48;664;66;9;-1039;1;989;122;0;75;836;126566;4
Black Hole Sun;Superunknown (Deluxe Edition);Soundgarden;1994-03-09;318586;77;35;828;6;-5373;1;41;217;161;774;147;105435;4
Treur Niet (Ode Aan Het Leven);Golven;Diggy Dex,JW Roy;2016-09-23;224928;54;684;717;6;-8561;0;638;202;0;127;571;97993;4
Wicked Game;Heart Shaped World;Chris Isaak;1989-06-13;289066;79;663;296;9;-1809;1;294;68;837;879;359;112306;4
Graceland;Graceland (25th Anniversary Deluxe Edition);Paul Simon;1986-08-12;291200;60;732;705;9;-9271;1;349;626;68;813;848;117925;4
More Than A Feeling;Boston;Boston;1976;285133;78;377;681;7;-8039;1;298;88;23;504;285;108789;4
Mama;The Platinum Collection;Genesis;2004-11-29;408826;42;559;941;9;-5183;1;818;38;164;323;632;82919;4
Zij Gelooft In Mij;Gewoon Andre;Andre Hazes;1981-01-01;229973;56;459;442;10;-9145;1;258;273;176;251;155;79971;4
Waterloo;Waterloo;ABBA;1974;168960;73;445;949;2;-4682;1;471;395;818;902;653;147604;4
De Vlieger;Alle 40 Goed;Andre Hazes;2010-01-01;219573;42;491;703;8;-5496;1;265;12;0;314;344;105109;3
505;Favourite Worst Nightmare;Arctic Monkeys;2007-04-22;253586;85;526;866;0;-5822;1;568;287;778;945;248;140266;4
Beat It;Thriller 25 Super Deluxe Edition;Michael Jackson;2008-02-08;258040;76;776;867;3;-3704;0;479;495;792;197;918;138827;4
The Load Out/Stay;Running on Empty (Remastered);Jackson Browne;1977;335257;51;516;319;7;-11709;1;343;739;983;129;305;105704;4
Het Het Nog Nooit Zo Donker West;Mien Toentje;Ede Staal;1984-12-01;274266;35;62;206;3;-2042;1;315;58;0;89;423;98105;4
Worn Down Piano;Double Take;The Mark & Clark Band;1977-02-01;488066;34;367;712;10;-9942;0;614;963;159;127;322;112404;3
Empire State Of Mind;The Blueprint 3;JAY-Z,Alicia Keys;2009-09-08;276920;82;491;956;11;-1538;1;392;295;0;46;811;173585;4
Make You Feel My Love;19;Adele;2008-01-27;212040;76;317;172;10;-10636;1;326;907;383;105;963;6518;3
Linger;Everybody Else Is Doing It, So Why Can't We?;The Cranberries;1993-03-01;274706;79;439;434;7;-14918;1;265;783;487;14;204;94845;4
Lopen Tot De Zon Komt;Acda & De Munnik;Acda en de Munnik;1997-06-27;205680;50;434;329;4;-9075;1;346;885;459;144;361;99504;4
Little Lies;Greatest Hits;Fleetwood Mac;1988-11-21;218040;64;63;688;2;-9816;1;266;124;478;158;893;124825;4
Me And Bobby McGee;Pearl (Legacy Edition);Janis Joplin;1971-01-11;271333;68;43;463;2;-1096;1;442;303;584;152;66;93405;4
The Best;All The Best;Tina Turner;2004-11-01;330253;62;651;87;0;-5149;1;318;103;815;979;729;103857;4
Poison;Trash;Alice Cooper;1989-07-25;270080;72;28;908;2;-5509;0;109;327;885;18;26;118698;4
Hurricane;Desire;Bob Dylan;1976-01-16;512732;65;509;827;0;-7715;1;782;409;0;12;743;135601;4
Back In Black;Back In Black;AC/DC;1980-07-25;255493;83;31;7;9;-5678;1;47;11;965;828;763;188386;4
Basket Case;Dookie;Green Day;1994-02-01;181533;82;442;943;3;-3205;1;602;293;871;91;781;85064;4
Dochters;Wit Licht;Marco Borsato;2008-01-01;270466;48;644;523;7;-9787;1;304;568;0;111;358;127941;4
Sad But True;Metallica;Metallica;1991-08-12;323933;70;633;846;7;-6347;1;337;819;139;762;448;8923;4
Does Your Mother Know?;Voulez-Vous;ABBA;1979;193440;68;728;865;7;-568;1;364;151;243;906;975;135571;4
Kryptonite;The Better Life;3 Doors Down;2000;233933;80;545;865;11;-5708;0;286;664;11;168;543;99009;4
Gangsta's Paradise;Gangsta's Paradise;Coolio,L.V.;1995-11-07;240693;85;647;514;8;-1005;1;593;655;0;398;386;79975;4
A Day In The Life;Love;The Beatles;2006-11-17;308191;49;322;394;4;-12798;0;335;364;282;163;192;78513;4
My Hometown;Born In The U.S.A.;Bruce Springsteen;1984-06-04;279666;59;652;338;9;-1158;1;367;486;59;744;392;116881;4
Baba O'Riley;Who's Next (Deluxe Edition);The Who;1971-08-14;300400;75;489;724;5;-8367;1;352;313;185;287;15;117292;4
Zo Stil;Hier - Het Beste Van 20 Jaar BLØF;BLØF;2012-01-01;237280;46;572;694;9;-6889;1;333;351;115;111;778;169994;4
Is Dit Nu Later;Is Dit Nu Later;Stef Bos;1990-03-16;215733;45;699;398;11;-13862;0;318;802;0;117;451;133834;4
River Deep Mountain High;River Deep-Mountain High;Ike & Tina Turner;1966-01-01;214880;53;389;745;3;-6998;1;384;777;159;143;271;83037;4
Stop Loving You;The Seventh One;TOTO;1988-03-01;269226;58;555;649;5;-13345;1;302;234;695;554;596;101743;4
Mag Het Licht Uit;Wakker In Een Vreemde Wereld;De Dijk;1987-01-01;259000;43;754;309;0;-13925;1;334;339;282;947;482;113344;4
These Are The Days Of Our Lives;Greatest Hits III;Queen;1999-11-09;262200;43;683;421;0;-10538;1;28;432;736;713;546;112495;4
Eye In The Sky;Eye In The Sky (Expanded Edition);The Alan Parsons Project;1982;276280;72;823;417;2;-12643;1;32;562;98;765;522;111928;4
Het Is Al Laat Toch;Het Is Al Laat Toch;Racoon;2020-01-22;208758;48;575;369;9;-7993;1;296;848;106;129;509;81985;4
Little Lion Man;Sigh No More (Benelux Edition);Mumford & Sons;2012-11-16;247000;51;521;496;5;-8018;1;271;244;731;895;445;138633;4
If I Can Dream;ELVIS (Original Motion Picture Soundtrack);Elvis Presley;2022-06-24;191840;60;325;715;7;-7744;1;368;708;279;987;282;93914;3
Cardigan;folklore;Taylor Swift;2020-07-24;239560;87;613;581;0;-8588;0;424;537;345;25;551;130033;4
Estranged;Use Your Illusion II;Guns N' Roses;1991-09-18;563893;64;359;762;11;-8323;1;32;105;281;368;167;89259;4
Zeg Maar Niets Meer;Gewoon Andre;Andre Hazes;1981-01-01;168760;57;272;58;7;-8684;1;391;161;334;103;397;195751;3
Verdronken Vlinder;Voor De Overlevenden;Boudewijn de Groot;1966-01-01;147000;44;348;481;10;-12218;1;396;516;832;164;781;12873;4
Run;Final Straw;Snow Patrol;2004-01-01;354546;64;371;64;9;-602;0;301;464;443;168;197;74537;4
Arcade;Arcade;Duncan Laurence;2019-03-07;183624;76;45;329;9;-12603;0;441;818;109;135;266;71884;3
Vivo Per Lei;Bocelli (Remastered);Andrea Bocelli,Giorgia;1995-01-01;265584;65;533;456;2;-6392;1;265;703;0;18;289;136117;4
Someone You Loved;Divinely Uninspired To A Hellish Extent;Lewis Capaldi;2019-05-17;182160;88;501;405;1;-5679;1;319;751;0;105;446;109891;4
Even Flow;Ten;Pearl Jam;1991-08-27;292580;77;394;944;10;-6506;0;761;178;454;298;265;105338;4
(I Can't Get No) Satisfaction;Singles 1965-1967;The Rolling Stones;2004-07-12;222973;45;723;881;2;-6801;1;332;412;263;95;935;136277;4
Laat Me/Vivre;Laat Me / Vivre;Gerard Alderliefste,Alderliefste;2005-09-05;263400;29;624;405;1;-8843;0;309;638;136;11;325;80489;4
The Great Gig In The Sky;The Dark Side Of The Moon (2011 Remastered Version);Pink Floyd;1973-03-01;284413;65;274;195;5;-15289;1;339;753;739;774;168;115227;4
The Whole Of The Moon;The Whole of the Moon: The Music of Mike Scott & The Waterboys;The Waterboys;1998-09-22;299413;43;538;852;0;-568;1;321;715;395;602;597;105662;4
Private Dancer;80s Soft Pop;Tina Turner;2019-08-23;434373;28;587;572;2;-9656;1;413;363;871;915;471;115466;4
Als Het Avond Is;Als Het Avond Is;Suzan & Freek;2018-11-02;205714;53;724;469;11;-7216;1;303;527;0;113;448;10498;4
Geef Mij Je Angst (by Andre Hazes);Voor Jou;Andre Hazes;1983-01-01;259026;50;439;478;7;-9168;0;278;136;0;2;321;139638;4
Hello (by Adele);25;Adele;2015-11-20;295502;75;578;43;5;-6134;0;305;33;0;854;288;78991;4
The Loneliest;THE LONELIEST;Måneskin;2022-10-07;247067;73;519;595;2;-5001;1;283;151;0;762;237;129786;4
Money;The Dark Side Of The Moon (2011 Remastered Version);Pink Floyd;1973-03-01;380080;65;47;505;11;-11966;0;171;194;104;206;767;124065;1
I Want To Know What Love Is;Feels Like The First Time;Foreigner;2011-09-13;285666;57;445;554;3;-7793;0;315;231;0;685;229;162081;4
Foto Van Vroeger;Het Beste Van Rob de Nijs;Rob De Nijs;2022-04-08;279240;33;461;515;9;-8938;1;324;594;0;205;142;89097;4
One Of These Nights;One of These Nights (2013 Remaster);Eagles;1975-06-10;291685;72;655;606;7;-10385;1;285;603;789;757;765;110061;4
La Grange;Rock Classics: The Collection;ZZ Top;2017-05-05;230706;51;556;453;4;-16237;0;174;726;13;149;642;161975;4
Seven Nation Army;Elephant;The White Stripes;2003-04-01;232106;84;743;446;4;-7807;0;683;39;118;337;278;123596;4
Goud;Goud;Suzan & Freek;2021-03-05;202943;51;736;486;0;-7627;0;43;162;0;121;562;110026;4
Omarm;Hier - Het Beste Van 20 Jaar BLØF;BLØF;2012-01-01;256760;42;279;447;2;-9099;1;34;331;419;709;754;182571;3
Eleanor Rigby;Yellow Submarine Songtrack;The Beatles;2014-01-01;125226;63;521;301;4;-7118;0;356;836;0;398;621;137382;4
Ain't No Sunshine;Just As I Am;Bill Withers;1971-05-01;125093;83;527;415;4;-11451;0;122;457;172;117;515;78169;4
Annie's Song;Back Home Again;John Denver;1974-06-15;180693;69;304;305;2;-10879;1;298;871;368;367;464;146066;3
Born In The U.S.A.;Born In The U.S.A.;Bruce Springsteen;1984-06-04;278680;72;398;952;4;-6042;1;61;373;775;1;584;122093;4
Sweet Dreams (Are Made Of This);Sweet Dreams (Are Made Of This);Eurythmics,Annie Lennox,Dave Stewart;1983-01-04;216933;82;692;711;0;-7498;0;317;225;0;12;875;125135;4
Vienna (by Ultravox);Vienna [Deluxe Edition]: 40th Anniversary;Ultravox;2020-01-01;294146;49;571;417;5;-15738;1;449;134;402;105;384;79768;4
Het Werd Zomer;Tussen Zomer En Winter (Expanded Edition);Rob De Nijs;1977-01-01;247814;47;352;532;2;-9924;1;362;284;0;178;4;136013;4
Take It Easy;Eagles (2013 Remaster);Eagles;1972-06-01;211577;78;575;67;7;-1039;1;318;343;495;129;74;139191;4
Valerie;Version;Mark Ronson,Amy Winehouse;2007-04-16;219413;77;699;83;1;-4898;1;633;243;24;995;889;105809;4
Love Story (Taylors Version);Love Story (Taylor’s Version);Taylor Swift;2021-02-12;235766;82;626;79;2;-4302;1;311;135;397;989;416;119082;4
De Overkant;De Overkant;Suzan & Freek,Snelle;2020-08-21;167848;47;628;57;2;-6693;1;84;116;0;861;822;79071;4
Total Eclipse Of The Heart;The Very Best of Bonnie Tyler;Bonnie Tyler;2009-03-26;267360;79;431;723;8;-5887;1;568;145;0;374;19;130141;4
Paranoid Android;OK Computer;Radiohead;1997-05-28;387213;69;251;848;5;-6501;1;579;377;591;545;207;163709;4
Aan De Kust;Hier - Het Beste Van 20 Jaar BLØF;BLØF;2012-01-01;213040;44;585;529;7;-7551;1;465;549;0;118;328;8079;4
Groot Hart;Het Beste Van;De Dijk;1998-01-01;196293;48;776;549;0;-10131;1;33;476;101;12;639;128739;4
Belle Hélène;Doris Day en Andere Stukken;Doe Maar;2008-06-13;169613;53;737;555;2;-10423;0;376;112;23;755;976;137912;4
I'd Do Anything For Love (But I Won't Do That);Bat Out Of Hell II: Back Into Hell...;Meat Loaf;1993;721000;57;395;562;2;-10383;1;811;467;413;143;363;103909;4
Liefs Uit Londen;Hier - Het Beste Van 20 Jaar BLØF;BLØF;2012-01-01;238626;35;396;279;0;-11186;1;378;81;337;135;131;155985;3
When Doves Cry;Purple Rain;Prince;1984-06-25;352906;69;729;989;9;-4613;0;49;102;445;443;84;12647;4
Bring Me To Life;Fallen;Evanescence;2003-03-04;235893;83;331;943;4;-3188;0;698;721;206;242;296;94612;4
Ik Wil Dansen;Ik Wil Dansen;Froukje;2020-05-22;194526;53;657;629;6;-8402;0;38;498;0;106;453;104483;4
Time In A Bottle;Photographs & Memories: His Greatest Hits;Jim Croce;1974-09-26;148586;48;533;155;2;-16837;1;376;888;0;108;592;134019;3
Blue Monday;Substance;New Order;1987-08-17;449160;71;762;651;0;-1334;1;655;198;856;111;941;130395;4
Alive And Kicking;Once Upon A Time (Super Deluxe);Simple Minds;1985;289453;65;572;913;0;-426;1;362;753;15;128;561;103265;4
Voulez-Vous;Voulez-Vous;ABBA;1979;309173;70;708;774;11;-6931;0;372;149;109;169;903;126636;4
Smoorverliefd (by Doe Maar);De Jonge Jaren van Doe Maar - 50 jaar Nederpop;Doe Maar;2008-01-01;197626;53;692;752;9;-9551;0;974;134;0;122;915;166658;4
Wrong;Novastar;Novastar;2000-07-14;214493;49;539;656;2;-8143;1;35;141;261;545;488;89923;4
Time To Give;FIVE V2;White Lies;2019-11-08;454518;42;427;816;0;-6509;1;455;186;689;135;358;120048;4
Let It Happen;Currents;Tame Impala;2015-07-17;467586;78;602;881;1;-5875;0;443;462;266;111;577;125012;4
Ren Lenny Ren;Groeten Uit Maaiveld;Acda en de Munnik;2002-11-18;233440;47;506;873;7;-467;1;454;128;0;326;434;109575;4
We Are The Champions;News Of The World (2011 Remaster);Queen;1977-10-28;179200;74;268;459;10;-694;1;346;378;0;118;175;64177;4
No Woman No Cry;Natty Dread;Bob Marley & The Wailers;1974;226240;58;898;365;0;-10452;1;462;159;928;132;563;9853;4
Redemption Song;Uprising;Bob Marley & The Wailers;1980;233560;69;671;256;7;-10743;1;387;608;0;737;694;115871;4
Cloudbusting;Hounds Of Love;Kate Bush;1985-09-16;310160;60;681;248;1;-17465;0;328;696;888;839;812;112806;4
The End;The Doors;The Doors;1967-01-04;703373;59;347;302;0;-12104;1;291;163;917;14;332;105702;4
I Am... I Said;Stones;Neil Diamond;1971-11-05;213200;60;246;375;10;-14409;1;272;141;497;109;511;9053;4
De Bom;Doe Maar - De Singles (Het Complete Singles Overzicht);Doe Maar;2008-07-01;161286;52;859;812;7;-8211;0;43;305;0;124;856;132575;4
Dansen Aan Zee;Watermakers;BLØF;2000-01-01;274866;50;348;431;7;-10546;1;333;16;0;969;257;193753;3
With A Little Help From My Friends;With A Little Help From My Friends;Joe Cocker;1969-05-01;312173;65;307;43;2;-11333;1;629;288;994;988;305;145224;3
Penny Lane;Sgt. Pepper's Lonely Hearts Club Band (Super Deluxe Edition);The Beatles;1967-05-26;182053;52;633;385;9;-9967;1;358;411;872;95;647;113956;4
Why Tell Me Why;Best Of Anita Meyer;Anita Meyer;2010-10-22;213773;52;649;77;1;-5779;0;591;234;0;587;382;112344;4
Message In A Bottle;Reggatta De Blanc (Remastered 2003);The Police;1979-10-02;290280;76;577;808;1;-704;0;39;338;133;221;869;151008;4
Radioactive;Night Visions;Imagine Dragons;2012-09-04;186813;81;448;784;9;-3686;1;627;106;108;668;236;136245;4
Diamonds (by The Boxer Rebellion);Promises;The Boxer Rebellion;2013-05-13;245573;49;45;747;5;-5949;1;596;174;557;173;412;169999;4
Another One Bites The Dust;Bohemian Rhapsody (The Original Soundtrack);Queen;2018-10-19;214640;60;928;526;5;-6486;0;161;969;263;153;753;109958;4
Lost (by Anouk);Hotel New York;Anouk;2004-10-25;222400;48;518;254;7;-10377;1;281;222;858;136;136;89911;3
A Different Corner;Ladies And Gentlemen... The Best Of George Michael;George Michael;1998-11-09;243533;54;263;286;6;-1034;1;335;857;898;105;151;99001;4
I Feel Love;I Remember Yesterday;Donna Summer;1977-05-13;355173;55;674;711;0;-15581;1;423;31;691;925;961;126696;4
There Is a Light That Never Goes Out;(500) Days of Summer (Music from the Motion Picture);The Smiths;2009-07-10;242906;39;465;69;1;-9782;0;297;105;0;183;836;136275;4
When We Were Young;25;Adele;2015-11-20;290900;78;376;595;3;-5936;1;496;303;0;95;265;144361;4
Alles Geprobeerd;Mooi En Onverslijtbaar;Het Goede Doel;1986-01-01;387906;42;589;559;10;-14987;1;396;101;223;756;846;76341;4
Fantasy;All 'N All;Earth, Wind & Fire;1977-11-21;277413;57;608;745;4;-8772;0;857;323;428;135;614;88941;4
Without Me;The Eminem Show;Eminem;2002-05-26;290320;88;908;669;7;-2827;1;738;286;0;237;662;112238;4
In Your Arms;Passing Through;Chef'Special;2014-01-01;215269;55;669;406;5;-12186;1;501;646;127;112;362;92964;4
Stayin' Alive;How Can You Mend A Broken Heart;Bee Gees;2020-12-11;285373;72;702;773;10;-9256;0;343;288;871;147;953;103564;4
Supermassive Black Hole;Black Holes and Revelations;Muse;2006-06-19;212439;77;668;921;7;-3727;1;439;492;517;877;782;120;4
Sex On Fire;Only By The Night;Kings of Leon;2008-09-23;203346;82;542;905;9;-5653;1;54;172;104;136;374;153398;4
American Pie;American Pie;Don McLean;1971;516893;75;531;481;4;-11709;0;6;699;0;842;491;13845;4
Nao 't Zuuje;Nao 't Zuuje;Lex Uiting;2017-02-12;212526;32;255;525;7;-5996;1;365;392;0;457;451;189981;3
Papaoutai;racine carrée;Stromae;2013-01-01;232146;73;734;809;10;-7264;0;839;266;0;642;254;116024;4
Brown Eyed Girl;Blowin' Your Mind!;Van Morrison;1967-09;183306;79;491;583;7;-10964;1;376;185;0;406;908;150566;4
Plug In Baby;Origin of Symmetry;Muse;2001;218000;66;408;965;2;-4232;1;5;694;402;11;349;136018;4
Still Loving You;Comeblack;Scorpions;2011-11-07;403453;72;282;605;6;-4916;0;294;47;144;103;783;103929;4
Bad Guy;WHEN WE ALL FALL ASLEEP, WHERE DO WE GO?;Billie Eilish;2019-03-29;194087;81;701;425;7;-10965;1;375;328;13;1;562;135128;4
Golden Brown;La Folie;The Stranglers;1981;206760;69;562;383;6;-15474;1;304;143;124;138;599;93764;3
Kom Terug;tot ziens, Justine Keller;Spinvis;2011-11-04;230826;44;501;725;5;-5637;1;257;149;492;204;233;97001;3
The Trooper;Piece of Mind (2015 Remaster);Iron Maiden;1983;252733;73;285;908;4;-4601;0;705;318;909;311;669;159756;4
Learn To Fly;There Is Nothing Left To Lose;Foo Fighters;1999-11-02;235293;76;465;919;4;-4025;1;408;183;207;262;537;135997;4
Badlands;Darkness On the Edge of Town;Bruce Springsteen;1978-06-02;242453;59;609;777;4;-7548;1;487;862;116;278;852;122612;4
Going To The Run;Bloody Buccaneers;Golden Earring;1991-05-11;233906;42;473;512;7;-10534;1;328;367;431;493;199;124146;4
Demons;Night Visions;Imagine Dragons;2012-09-04;177506;85;505;71;3;-3015;1;321;19;25;269;428;89938;4
Niet Of Nooit Geweest;Naar Huis;Acda en de Munnik;1998-09-21;242493;53;478;506;7;-9542;1;356;381;0;166;509;122174;3
Under The Pressure;Lost In The Dream;The War On Drugs;2014-03-18;532306;57;324;71;6;-6545;1;297;309;173;132;195;134385;4
Joan Of Arc (Maid Of Orleans);The Best Of Orchestral Manoeuvres In The Dark;Orchestral Manoeuvres In The Dark;1988-01-01;252306;41;522;533;8;-14142;1;342;724;69;456;348;109649;3
De Echte Vent;De Echte Vent;Racoon;2020-08-28;235262;51;641;349;6;-7569;1;264;823;717;125;412;92445;4
The Real Slim Shady;The Marshall Mathers LP;Eminem;2000-05-23;284200;87;949;661;5;-4244;0;572;302;0;454;76;104504;4
Rain Down On Me;What If;KANE;2003-09-01;246866;43;463;879;5;-3456;0;602;116;114;11;334;132884;4
Long Blond Animal;Prisoner Of The Night;Golden Earring;1980;216626;40;441;701;2;-7555;1;441;532;763;283;779;168951;4
Smooth Criminal;Bad 25th Anniversary;Michael Jackson;2012-09-18;257760;74;853;981;8;-3947;1;751;247;468;306;595;118193;4
Ik Kan Het Niet Alleen;Niemand In De Stad;De Dijk;1989-01-01;238733;48;528;845;7;-1213;1;359;307;103;304;905;142086;4
Layla (by Eric Clapton);Clapton Chronicles: The Best of Eric Clapton;Eric Clapton;1999-10-12;260440;32;514;386;2;-14336;0;369;286;376;655;633;9374;4
Cowboys And Angels;Ladies And Gentlemen... The Best Of George Michael;George Michael;1998-11-09;434866;43;577;512;10;-13032;0;287;417;654;127;285;128087;3
How Deep Is Your Love;Greatest;Bee Gees;1979-01-01;245200;77;633;357;5;-9366;0;264;105;0;133;674;104938;4
Crazy Little Thing Called Love;Bohemian Rhapsody (The Original Soundtrack);Queen;2018-10-19;163342;55;626;762;7;-6846;1;432;673;21;325;766;76793;4
Starlight;Black Holes and Revelations;Muse;2006-06-19;240213;73;55;874;4;-4046;1;321;436;102;206;318;12161;4
De Vondeling Van Ameland;Collected (1964 - 2016);Boudewijn de Groot;2016-09-16;301880;35;364;354;0;-11073;1;301;479;121;109;248;110257;4
Don't Stop;Greatest Hits;Fleetwood Mac;1988-11-21;190773;53;602;851;9;-6613;1;359;615;129;564;87;119057;4
Wasted Years;Somewhere in Time (2015 Remaster);Iron Maiden;1986;309640;65;314;959;4;-4657;0;908;263;148;161;492;154221;4
Narcotic;Narcotic;Liquido;1998-07-10;236150;68;617;607;1;-7015;1;231;876;701;918;446;102068;4
Smokers Outside The Hospital Doors;An End Has a Start;Editors;2007-01-01;297640;50;528;676;7;-3792;1;37;469;652;116;528;122988;4
The Power Of Love;Welcome To The Pleasuredome;Frankie Goes To Hollywood;1984-10-20;332506;73;46;162;5;-17142;0;335;376;125;181;102;122767;4
Hald Mich 's Vas;Krak;Neet oét Lottum;2004-12-02;250733;36;291;535;7;-8018;1;425;294;0;12;155;179262;3
Breaking The Habit;Meteora (Bonus Edition);Linkin Park;2003-09-16;196906;73;579;849;4;-5218;0;303;108;0;909;581;100021;4
Toen Ik Je Zag;Toen Ik Je Zag;Hero;1997-01-01;201733;36;365;217;5;-14273;1;326;748;339;321;198;101992;3
A Horse With No Name;Hits;America;2011-03-15;227453;47;673;64;11;-9252;0;338;781;167;168;89;122883;4
Witch Doctor;I_CON;De Staat;2013-09-13;207160;43;6;563;1;-75;0;57;316;853;499;334;144991;4
Let's Dance;Montreal 1983;David Bowie;1983;284499;34;499;855;10;-9816;0;784;129;324;955;498;124842;4
High Hopes;The Division Bell (2011 Remastered Version);Pink Floyd;1994-03-28;511013;55;521;441;0;-11176;0;248;232;149;362;238;75221;4
Old Man;Austin City Limits;Neil Young;1984;233038;41;424;408;7;-13904;1;49;552;529;768;48;144201;4
You'll Be In My Heart;Tarzan (Original Motion Picture Soundtrack);Phil Collins;1999-05-18;256733;66;568;748;8;-654;1;299;626;218;947;623;9659;4
What's Going On;What's Going On;Marvin Gaye;1971-05-21;233000;69;283;716;1;-9632;0;986;447;0;399;828;20196;4
Happy New Year;Super Trouper;ABBA;1980;263693;67;51;375;9;-9185;1;288;813;0;145;25;132552;4
I Walk The Line;I Walk the Line (Original Soundtrack Recording);Johnny Cash;1970-11-11;176533;61;713;258;9;-1459;1;384;877;606;967;56;98805;4
Élan;Endless Forms Most Beautiful (Deluxe Version);Nightwish;2015-03-27;287000;58;576;588;5;-9553;1;308;124;177;148;316;127969;4
Kiss From A Rose;Seal;Seal;1994-05-31;288426;73;584;533;10;-711;0;305;684;0;306;224;131745;3
Love Will Tear Us Apart;The Best Of;Joy Division;2008-03-20;206866;63;443;956;2;-6198;1;511;524;825;135;909;146754;4
Who'll Stop The Rain?;Cosmo's Factory (Expanded Edition);Creedence Clearwater Revival;1970-07-25;147493;61;598;797;7;-6793;1;332;424;407;717;622;123566;4
Feel;Escapology;Robbie Williams;2002;263866;75;599;732;5;-6843;1;26;145;467;143;295;97997;4
Welterusten Mijnheer De President;Het Beste Van Boudewijn De Groot;Boudewijn de Groot;1990-01-01;152600;40;582;335;5;-13359;1;535;558;0;28;754;131208;4
What About Us;Beautiful Trauma;P!nk;2017-10-13;269600;75;491;588;1;-6177;1;506;281;201;906;193;113608;4
Limburg;In De Wei;Rowwen Hèze;1992-09-01;202533;23;262;784;7;-1042;1;59;58;0;979;692;165192;4
Folsom Prison Blues;I Walk the Line;Johnny Cash;1964-06-13;155640;60;689;527;5;-9934;1;314;194;784;278;777;110519;4
Tusk;Greatest Hits;Fleetwood Mac;1988-11-21;210173;54;614;623;0;-17032;1;775;237;726;452;96;180512;4
Psycho Killer;Popular Favorites 1976 - 1992 / Sand in the Vaseline;Talking Heads;1992-10-13;260600;54;719;347;2;-14707;1;65;58;126;12;961;123396;4
Glory Days;Born In The U.S.A.;Bruce Springsteen;1984-06-04;254733;69;574;96;9;-4906;1;32;457;0;121;978;117486;4
Feel Good Inc.;Demon Days;Gorillaz;2005-05-23;222640;83;818;705;6;-6679;1;177;836;233;613;772;138559;4
You Shook Me All Night Long;Back In Black;AC/DC;1980-07-25;210173;81;532;767;7;-5509;1;574;287;513;39;755;127361;4
Fields Of Gold (by Eva Cassidy);Songbird;Eva Cassidy;1998;282093;59;461;859;9;-14676;1;309;974;112;77;31;79817;4
L.A. Woman;L.A. Woman;The Doors;1971-04-19;471160;63;354;731;2;-9178;1;382;812;124;115;697;170633;4
Non, Je Ne Regrette Rien;Eternelle;Édith Piaf;1987-10-31;142280;67;382;354;7;-6595;1;289;858;311;168;435;87018;4
België;Belgie;Het Goede Doel;1982;360706;50;584;662;0;-13559;0;412;114;413;741;658;140926;3
All Of Me;Love In The Future (Expanded Edition);John Legend;2013-08-30;269560;84;422;264;8;-7064;1;322;922;0;132;331;11993;4
Goodbye Yellow Brick Road;To Be Continued...;Elton John;1990-11-08;194560;48;558;438;5;-8707;1;275;522;337;993;382;120661;4
Believer;Evolve;Imagine Dragons;2017-06-23;204346;86;776;78;10;-4374;0;128;622;0;81;666;124949;4
Exit Music (For A Film);OK Computer;Radiohead;1997-05-28;267186;72;293;276;4;-11357;0;349;224;122;167;195;121603;4
The Final Countdown;The Final Countdown (Expanded Edition);Europe;1986;310333;76;529;843;6;-6908;0;616;628;827;608;188;117662;4
Champagne Supernova;(What's The Story) Morning Glory?;Oasis;1995-10-02;450506;59;303;853;2;-226;1;366;223;159;361;119;150381;4
Levels;Levels;Avicii;2011-10-28;199906;79;584;889;1;-5941;0;343;462;828;309;464;12604;4
Rhiannon;Fleetwood Mac;Fleetwood Mac;1975-07-11;252773;74;723;49;9;-14745;0;296;111;946;923;795;129012;4
Wake Me Up When September Ends;American Idiot;Green Day;2004-09-21;285653;79;546;814;7;-5146;1;314;23;0;972;146;10498;4
Unfinished Sympathy;Singles Collection;Massive Attack;1998-01-01;316160;45;595;715;7;-12393;1;303;25;182;192;709;114408;4
Halt Mich;Was Muss Muss - Best Of;Herbert Grönemeyer;2008-01-01;207480;41;294;442;9;-7127;1;32;788;472;845;158;104409;4
Strong;If You Wait (Deluxe Version);London Grammar;2013-01-01;275440;60;536;396;10;-11767;1;356;716;239;77;249;15201;4
Respect;I Never Loved a Man the Way I Love You;Aretha Franklin;1967-03-10;147600;75;805;558;0;-5226;1;41;164;22;546;965;11495;4
Slippery People;Essential: New Wave;Talking Heads;2011-06-27;252466;24;626;766;9;-10685;0;518;117;394;966;852;111084;4
Amigo;Amigo;Chef'Special;2017-03-03;180140;52;548;913;6;-466;1;658;796;0;347;639;144837;4
Snow (Hey Oh);Stadium Arcadium;Red Hot Chili Peppers;2006-05-09;334666;79;427;9;11;-3674;1;499;116;175;119;599;104655;4
Conquest Of Paradise;1492: Conquest of Paradise;Vangelis;1992-09-22;278199;61;43;295;2;-14255;1;283;698;569;226;159;74014;3
Where Did You Sleep Last Night;MTV Unplugged In New York;Nirvana;1994-11-01;306066;66;573;59;3;-843;1;557;667;397;691;364;108789;3
Life On Mars;Licorice Pizza (Original Motion Picture Soundtrack);David Bowie;2021-11-26;232773;44;459;528;10;-10292;1;376;646;694;623;26;12344;4
Lullaby;Greatest Hits;The Cure;2001-01-01;248973;56;73;676;9;-4436;1;467;894;385;534;551;93922;4
Leaving On A Jet Plane;Rhymes & Reasons;John Denver;1969-10-14;217026;49;486;279;7;-12263;1;307;676;0;141;469;132939;4
Changes (by 2Pac & Talent);Greatest Hits;2Pac,Talent;1998-01-01;268826;74;865;665;7;-6289;1;73;453;0;224;331;111113;4
This Is The Life;This Is The Life (eDeluxe);Amy Macdonald;2007-01-01;184413;77;628;882;1;-5024;0;323;259;0;65;853;95083;4
The Cave;Sigh No More (Benelux Edition);Mumford & Sons;2012-11-16;218000;42;595;51;4;-9489;1;378;453;154;105;355;141977;4
Streets;Rivals;Kensington;2014-08-08;185358;52;376;771;6;-58;1;422;874;898;274;419;168154;4
New Year's Day;The Best Of 1980 - 1990;U2;1998-11-02;257040;63;518;803;8;-6337;0;318;151;246;612;633;133462;4
Chan Chan;Buena Vista Social Club;Buena Vista Social Club;1997-06-23;258693;67;529;421;2;-1415;0;341;847;699;118;694;82923;4
Tribute;Tenacious D;Tenacious D;2001-09-25;248053;65;365;767;9;-6185;0;681;181;856;942;422;94174;4
Thinking Of A Place;A Deeper Understanding;The War On Drugs;2017-08-25;670666;57;481;632;11;-7117;1;333;385;817;116;156;103323;4
Let Her Go;All the Little Lights (Deluxe Version);Passenger;2013-08-26;252733;72;479;545;7;-7346;1;688;365;0;963;243;74897;4
Willow;evermore;Taylor Swift;2020-12-11;214706;79;392;574;7;-9195;1;17;833;179;145;529;81112;4
Geef Mij Je Angst (by Guus Meeuwis);Het Beste Van Guus Meeuwis;Guus Meeuwis;2010-01-01;226213;44;534;261;8;-11699;1;538;932;356;106;295;74542;4
Time To Say Goodbye;Romanza (Spanish Version);Andrea Bocelli,Sarah Brightman;1996-01-01;246266;63;203;457;7;-6095;1;323;922;188;139;409;158494;3
Lea;Cats;The Cats;1968-01-01;221986;44;177;522;8;-7724;1;332;391;242;618;417;166502;3
Scar Tissue;Californication (Deluxe Edition);Red Hot Chili Peppers;1999-06-08;215906;83;595;717;0;-4803;1;295;779;274;108;547;88969;4
Can I Play With Madness;Seventh Son of a Seventh Son (2015 Remaster);Iron Maiden;1988;211253;58;313;981;2;-3491;1;981;891;0;264;631;14056;1
Alone;Love Ballads;Heart;2021-02-12;218733;38;418;452;1;-13099;1;355;638;252;959;168;175124;4
Just A Little Bit Of Peace In My Heart;On The Double;Golden Earring;1969;319773;37;272;724;9;-6381;0;325;684;101;601;259;94599;4
Overcome (by Nothing But Thieves);Overcome;Nothing But Thieves;2023-05-10;214723;64;413;876;11;-4577;1;57;938;104;387;341;16408;4
Take A Chance On Me;The Album;ABBA;1977;243933;74;684;675;11;-8123;1;257;163;0;242;924;107064;4
Easy On Me;Easy On Me;Adele;2021-10-14;224694;81;604;366;5;-7519;1;282;578;0;133;13;141981;4
Never Tear Us Apart;Kick (Remastered 2011);INXS;1987;184586;74;664;613;0;-756;1;273;309;128;175;193;966;3
She (by Elvis Costello);In Motion Pictures;Elvis Costello;2012;187720;66;333;28;1;-1287;1;32;427;188;13;276;130876;4
Hey Brother;True;Avicii;2013-01-01;255093;78;545;78;7;-4867;0;436;309;464;828;458;125014;4
Shape Of My Heart;Ten Summoner's Tales;Sting;1993-03-09;279226;73;537;373;6;-10081;0;331;691;915;83;244;83936;4
Ironic;The Collection (Standard Edition);Alanis Morissette;2005-11-11;228573;60;456;635;11;-5731;1;573;245;0;194;293;170652;4
Thunder Road;Born To Run;Bruce Springsteen;1975-08-25;288720;62;369;758;5;-5871;1;364;623;178;531;663;14071;4
'k Heb Je Lief;Lief;Paul de Leeuw;1997-01-01;286093;47;524;369;11;-12321;1;361;73;0;835;212;135751;4
Russians;The Dream Of The Blue Turtles;Sting;1985-01-01;238266;54;437;282;0;-17567;0;35;458;0;18;198;115517;4
Numb/Encore;Numb / Encore: MTV Ultimate Mash-Ups Presents Collision Course;JAY-Z,Linkin Park;2004-11-30;205733;79;687;793;2;-4254;1;166;603;0;582;751;107045;4
Strawberry Fields Forever;Love;The Beatles;2006-11-17;271973;47;383;558;11;-10319;1;514;303;398;555;207;102508;4
Samba Pa Ti;Abraxas;Santana;1970-09-23;284800;61;407;358;9;-12908;0;343;829;424;827;267;92292;4
Wild Horses;The Rolling Stones Singles Box Set (1971-2006) [Sampler];The Rolling Stones;2011-01-01;344386;46;443;309;7;-975;1;267;666;785;813;178;140749;4
Circle Of Life;The Lion King Collection (Deluxe Edition);Elton John;2011-01-01;292413;43;265;563;10;-9358;1;347;194;255;109;115;160258;4
Vienna (by Billy Joel);The Stranger (Legacy Edition);Billy Joel;1977;214240;78;532;495;10;-6662;1;343;659;0;754;308;124936;4
I Will Always Love You (by Whitney Houston);The Bodyguard - Original Soundtrack Album;Whitney Houston;1992-11-17;271093;76;332;214;4;-12518;1;349;845;562;839;11;67531;4
Rosanna;Toto IV;TOTO;1982-04-08;331200;72;365;513;7;-13034;0;357;208;147;205;739;80647;4
Mutter;Mutter;Rammstein;2001-04-02;268600;61;491;616;4;-653;1;349;152;45;125;824;116145;4
Jump;Best of Volume 1;Van Halen;1996-09-24;239560;61;542;822;0;-7201;1;291;745;947;645;772;130011;4
Albatross;English Rose;Fleetwood Mac;1969-01-01;190106;58;468;105;6;-16289;0;327;804;874;109;25;67168;4
Memories (by Maroon 5);JORDI (Deluxe);Maroon 5;2021-06-11;189486;83;775;327;11;-7241;1;557;841;0;821;595;9105;4
Rockin' In The Free World;Paris 1989;Neil Young;1989;320400;38;383;649;2;-10974;0;497;769;81;942;37;130131;4
Patience;Appetite For Destruction (Super Deluxe Edition);Guns N' Roses;1987-07-21;354880;72;457;297;6;-12511;1;306;686;107;109;333;120021;4
Suzanne (by Leonard Cohen);Songs Of Leonard Cohen;Leonard Cohen;1967-12-27;229293;63;409;172;6;-1644;0;389;922;112;111;352;132151;4
Driving Home For Christmas;The Works;Chris Rea;2007-11-10;240213;83;497;661;9;-9047;1;361;328;317;211;894;180225;4
Trapped;The Essential Bruce Springsteen (Bonus Tracks);Bruce Springsteen;2003-11-11;308133;43;316;623;7;-6411;1;338;3;7;601;361;161589;4
Waterfront;Sparkle In The Rain;Simple Minds;1983;289920;48;541;789;2;-6419;1;321;393;489;166;48;120117;4
Ze Huilt Maar Ze Lacht;Ze Huilt Maar Ze Lacht;Maan;2019-12-13;186618;47;56;36;8;-13116;1;336;853;992;112;178;7808;4
Runnin' With The Devil;Best of Volume 1;Van Halen;1996-09-24;216133;45;458;931;8;-4988;0;634;148;84;303;477;95687;4
Sweet Goodbyes;Sweet Goodbyes;Krezip;2009-02-02;192853;54;629;332;11;-9207;1;269;738;0;105;465;110005;4
Little Black Submarines;El Camino;The Black Keys;2011-12-06;251266;67;365;466;2;-7514;1;418;161;668;106;487;95163;4
Banger Hart;De Band, De Zanger En Het Meisje (Expanded Edition);Rob De Nijs;1996-01-01;273031;52;71;72;2;-10512;1;367;46;0;893;844;124018;4
Dreamer;Crime Of The Century (Remastered);Supertramp;1974-09-01;213236;62;664;414;5;-14113;1;675;864;367;813;831;147883;4
Always;Cross Road;Bon Jovi;1994-10-18;353026;75;383;659;4;-5558;1;312;117;0;778;327;140795;4
The Less I Know The Better;Currents;Tame Impala;2015-07-17;216320;84;64;74;4;-4083;1;284;115;678;167;785;116879;4
Wonderful Tonight;Slowhand 35th Anniversary (Super Deluxe);Eric Clapton;1977-11-01;225026;73;572;214;7;-15625;1;293;649;129;125;485;95542;4
Shake It Off;1989 (Deluxe);Taylor Swift;2014-01-01;219200;81;647;8;7;-5384;1;165;647;0;334;942;160078;4
I'm Not In Love;The Original Soundtrack;10cc;1975;366640;69;404;523;4;-157;1;575;685;498;282;164;133738;4
Leningrad;Storm Front;Billy Joel;1989-10-17;242706;48;508;52;2;-632;1;273;38;591;117;233;138782;4
Human (by Rag'n'Bone Man);Human (Deluxe);Rag'n'Bone Man;2017-02-10;200186;78;602;707;9;-4097;1;302;393;0;165;554;75087;4
Hey You;The Wall (Remastered);Pink Floyd;1979-11-30;278706;61;59;245;0;-1717;1;305;243;454;142;22;112452;4
I Bet You Look Good On The Dancefloor;Whatever People Say I Am, That's What I'm Not;Arctic Monkeys;2006-01-29;173680;74;535;948;6;-419;0;356;225;0;376;778;103183;4
Would;Greatest Hits;Alice In Chains;2001;208133;38;301;923;6;-5458;1;665;594;756;541;426;100752;4
No Surprises;OK Computer;Radiohead;1997-05-28;229120;82;255;393;5;-10654;1;278;577;361;113;118;76426;4
Ladada (Mon Dernier Mot);Ladada (Mon Dernier Mot);Claude;2022-10-21;164903;61;755;569;5;-748;0;339;51;177;417;708;117938;4
I Have A Dream;Voulez-Vous;ABBA;1979;285413;63;549;374;10;-12049;1;244;6;0;178;439;104311;4
Lola;Everybody's in Show-Biz (Super Deluxe);The Kinks;1972-08-25;101391;28;455;522;9;-15997;1;667;114;974;706;417;134163;4
Als Ik Je Weer Zie;Als Ik Je Weer Zie;Thomas Acda,Paul de Munnik,Maan,Typhoon;2021-01-15;207733;54;74;604;7;-6784;1;379;372;0;829;602;101925;4
One Way Wind;Aglow;The Cats;1971-01-01;220893;50;645;653;4;-9576;1;249;388;229;179;723;108867;4
Nightswimming;Automatic For The People;R.E.M.;1992-10-05;258066;60;566;385;7;-11272;1;304;796;763;103;571;114227;4
Freedom! '90;Ladies And Gentlemen... The Best Of George Michael;George Michael;1998-11-09;388400;59;675;873;5;-7697;1;441;998;148;541;817;9177;4
Birds;Sad Songs;Anouk;2022-01-17;203026;36;186;379;11;-8486;1;319;794;0;106;788;80148;4
Halo Of Flies;Killer;Alice Cooper;1971;502160;36;387;572;9;-12565;1;483;394;747;851;399;121796;4
Immigrant Song;Led Zeppelin III (Remaster);Led Zeppelin;1970;146250;78;564;932;11;-10068;1;554;13;169;349;619;112937;4
Red Red Wine;The Very Best Of;UB40;2000;183733;71;857;468;1;-853;1;476;414;132;269;843;89119;4
Let Me Entertain You;Life Thru A Lens;Robbie Williams;1997-01-01;262000;66;478;965;10;-5022;1;642;169;251;854;347;125152;4
I Will Follow;The Joshua Tree (Super Deluxe);U2;1987-03-03;238895;40;234;902;3;-7353;0;581;123;1;957;49;140236;4
Us And Them;The Dark Side Of The Moon (2011 Remastered Version);Pink Floyd;1973-03-01;472626;58;361;259;2;-16279;1;306;835;303;612;137;72759;4
Somebody That I Used To Know;Making Mirrors;Gotye,Kimbra;2011-08-19;245755;59;865;511;0;-6983;1;362;544;938;102;774;129059;4
Smalltown Boy;The Age of Consent;Bronski Beat;1984-10-15;302413;74;685;584;5;-10616;0;276;288;918;124;939;134546;4
Like The Way I Do;Melissa Etheridge;Melissa Etheridge;1988-01-01;324333;54;596;835;2;-13021;0;418;418;111;59;637;101359;4
Happier Than Ever;Happier Than Ever;Billie Eilish;2021-07-30;298899;84;332;225;0;-8697;1;348;767;349;128;297;81055;3
You'll Never Walk Alone (by Gerry & The Pacemakers);The Very Best Of Gerry & Pacemakers;Gerry & The Pacemakers;1997-10-13;159546;57;474;365;0;-5446;1;306;251;202;186;219;113207;3
Faith;Ladies And Gentlemen... The Best Of George Michael;George Michael;1998-11-09;194493;55;915;497;11;-10435;1;102;547;108;67;553;95852;4
What A Wonderful World;What A Wonderful World;Louis Armstrong;1968-01-01;139226;78;271;165;5;-20652;1;351;729;16;118;203;77082;4
Now And Then;Now And Then;The Beatles;2023-11-02;248333;78;442;605;4;-4639;0;284;238;644;307;358;87194;4
De Verzoening;In Natura;Frank Boeijen Groep;1986-04-26;302066;41;608;307;0;-14798;1;259;699;236;628;284;100591;3
Hier Kom Ik Weg;Allennig II;Daniël Lohues;2008-04-13;208160;35;567;383;2;-9785;1;318;842;163;131;521;92144;4
Father Figure;Ladies And Gentlemen... The Best Of George Michael;George Michael;1998-11-09;340360;52;48;387;3;-10702;1;271;225;248;819;254;102027;4
Down Under;Business As Usual;Men At Work;1981-11-09;222320;75;739;459;11;-1442;0;294;129;194;474;892;107115;4
Teardrop;Mezzanine;Massive Attack,Elizabeth Fraser;1998-01-01;330773;70;615;419;11;-88;0;395;173;497;135;216;76997;4
Nikita;Ice On Fire;Elton John;1985-11-07;343240;68;632;656;7;-929;1;277;123;264;735;752;86605;4
Mrs. Robinson;Forrest Gump - The Soundtrack;Simon & Garfunkel;2001-10-02;230733;47;608;513;6;-11124;0;467;793;139;107;796;91946;4
Sometimes It Snows In April;Parade - Music from the Motion Picture Under the Cherry Moon;Prince;1986-03-31;409000;46;494;644;4;-23939;1;402;833;0;969;622;103757;4
Twee Motten;Die Goeie Ouwe Tijd Top 100;Dorus;2010-01-01;185866;52;77;496;0;-11879;1;359;811;0;795;911;92004;4
Hammer To Fall;Greatest Hits II (2011 Remaster);Queen;1991-10-28;218320;61;428;787;9;-4998;1;849;315;203;124;523;128582;4
Holding Back The Years;I'll Keep Holding On;Simply Red;2023-02-03;269840;29;71;514;9;-8885;0;278;58;159;953;517;8602;4
Once Upon A Time In The West;Morricone Film Music;Ennio Morricone;2003;190040;27;224;247;2;-25924;1;395;986;729;978;377;84388;5
I Say A Little Prayer;Aretha Now;Aretha Franklin;1968-06-14;216773;75;592;355;9;-14051;1;352;478;0;585;499;133032;4
Bliss;Origin of Symmetry;Muse;2001;251146;55;447;8;0;-9482;0;47;258;206;113;251;127956;4
Sweet Home Alabama;Second Helping (Expanded Edition);Lynyrd Skynyrd;1974-04-15;283800;80;596;605;7;-12145;1;255;181;331;863;886;97798;4
I See Fire;The Hobbit - The Desolation Of Smaug (Original Motion Picture Soundtrack / Special Edition);Ed Sheeran;2013-01-01;300840;70;581;549;10;-20514;0;397;559;0;718;234;152037;4
One More Light;One More Light;Linkin Park;2017-05-19;255066;73;593;2;8;-11063;1;311;904;0;897;17;83966;4
Dirty Diana;Number Ones;Michael Jackson;1979;280600;61;741;799;3;-456;1;62;239;795;421;348;131383;4
The Boys Of Summer;Building The Perfect Beast;Don Henley;1984-11-19;288733;75;516;549;6;-13741;1;373;501;572;184;907;176941;4
Roll Over Lay Down;On The Level;Status Quo;1975-02-01;340840;24;391;639;2;-7497;0;373;125;81;336;2;132543;4
Zij Maakt Het Verschil;Best Of De Poema's;De Poema's;2003-12-11;280386;51;337;552;11;-79;0;438;332;0;119;361;172823;4
Year Of The Cat;Running Man - Introducing... Al Stewart;Al Stewart;2003;394731;43;548;539;4;-1056;0;316;329;729;244;586;117092;4
Guaranteed;Into The Wild (Music For The Motion Picture);Eddie Vedder;2007-09-18;164500;59;436;4;7;-11485;1;272;904;105;125;351;100734;4
Whatever You Want;Whatever You Want;Status Quo;1979;243546;61;56;705;2;-6761;1;498;772;259;264;501;122456;4
Through The Barricades;Gold - The Best of Spandau Ballet;Spandau Ballet;2000-05-15;357733;36;448;468;7;-9102;1;277;147;19;102;184;146156;4
Baker Street;City to City;Gerry Rafferty;1978;365626;68;497;349;7;-14;1;297;929;28;259;421;113762;4
The Unforgiven II;Reload;Metallica;1997-01-01;396440;65;497;89;8;-4559;0;445;55;129;255;249;133047;4
Something;Abbey Road (Remastered);The Beatles;1969-09-26;182293;73;396;338;0;-10872;1;304;198;262;138;377;133522;4
No More Tears;No More Tears (Expanded Edition);Ozzy Osbourne;1991-09-17;443240;73;346;749;6;-6506;1;35;167;886;648;315;102591;4
I Don't Want To Miss A Thing;Armageddon - The Album;Aerosmith;1998-06-23;298760;72;383;662;2;-5162;1;333;165;0;248;138;121154;4
Woman In Chains;The Seeds Of Love;Tears For Fears,Oleta Adams;1989-09-25;390906;64;431;598;5;-8576;1;304;232;12;487;373;159965;4
Don't Fear The Reaper;Agents Of Fortune;Blue Öyster Cult;1976;308120;74;333;927;9;-855;0;733;29;208;297;385;141466;4
My Hero;Skin And Bones (Live);Foo Fighters;2006-11-07;291080;48;312;817;4;-616;1;604;137;465;959;184;134428;4
Leave The Door Open;An Evening With Silk Sonic;Bruno Mars,Anderson .Paak,Silk Sonic;2021-11-12;242096;69;586;616;5;-7964;1;324;182;0;927;719;148088;4
Knowing Me Knowing You;Arrival;ABBA;1976;241920;67;546;733;2;-7073;1;299;399;111;235;91;107285;4
Alors On Danse;Cheese;Stromae;2010-01-01;206066;77;791;59;1;-9206;0;793;994;203;65;714;119951;4
Dat Komt Door Jou;Het Beste Van Guus Meeuwis;Guus Meeuwis;2010-01-01;287146;50;59;525;2;-9584;1;431;378;503;122;309;13376;4
Major Tom (Völlig Losgelöst);Von Anfang An...Bis Jetzt !;Peter Schilling;1983-06-27;299560;59;791;469;4;-10782;0;63;146;187;108;862;163065;4
Dreadlock Holiday;Bloody Tourists;10cc;1978;267946;64;837;38;7;-13341;0;64;541;789;198;892;104995;4
De Kapitein Deel II;Hier Zijn;Acda en de Munnik;2000-12-06;181066;54;673;612;4;-11374;1;322;407;169;111;672;114883;4
Papa Was A Rolling Stone;Live As It Gets;The Temptations;2001;432893;43;847;599;5;-11607;0;422;559;483;192;873;119997;4
Let There Be Rock;Let There Be Rock;AC/DC;1977-03-21;366346;63;332;725;11;-5809;0;116;209;607;767;422;182364;4
Tiny Dancer;Madman Across The Water;Elton John;1971-11-05;377093;76;414;428;0;-11097;1;278;382;243;148;282;145075;4
Pompeii;Bad Blood;Bastille;2013-01-01;214147;77;679;715;9;-6383;1;407;755;0;271;571;127435;4
Slow Dancing In A Burning Room;Continuum;John Mayer;2006-09-11;242000;73;667;361;1;-869;0;273;575;506;805;29;134018;5
Thinking Out Loud;x (Deluxe Edition);Ed Sheeran;2014-06-21;281560;82;781;445;2;-6061;1;295;474;0;184;591;78998;4
Otherside;Californication (Deluxe Edition);Red Hot Chili Peppers;1999-06-08;255373;82;458;795;0;-3265;1;574;316;202;756;513;123229;4
Come Together;Abbey Road (Remastered);The Beatles;1969-09-26;259946;77;533;376;9;-11913;0;393;302;248;926;187;165007;4
Zonder Jou;Mooi Weer Een CD;Paul de Leeuw,Simone Kleinsma;2006-01-01;237666;43;424;421;8;-10252;1;368;844;0;163;249;133504;4
The Long And Winding Road;Let It Be (Remastered);The Beatles;1970-05-08;218186;64;299;329;3;-10096;1;279;756;105;559;392;132282;4
Als Het Vuur Gedoofd Is;Acda & De Munnik;Acda en de Munnik;1997-06-27;234346;47;558;635;2;-805;1;259;494;0;135;611;92029;4
Hey Joe;Are You Experienced;Jimi Hendrix;1967-05-12;210160;69;346;768;9;-5695;1;377;603;38;244;532;169492;4
Such A Shame;Natural History - The Very Best of Talk Talk;Talk Talk;1990-05-21;257626;56;598;68;3;-11431;0;29;209;172;3;708;112067;4
Is She Really Going Out With Him?;Night And Day;Joe Jackson;1982;269493;35;559;419;6;-8463;1;736;911;474;411;454;110771;4
Golden;Fine Line;Harry Styles;2019-12-13;208906;77;448;838;4;-5257;0;557;21;131;131;254;139863;4
Halo;I AM...SASHA FIERCE - Platinum Edition;Beyoncé;2008;261160;74;422;712;11;-5907;0;1;273;0;51;471;78454;4
Friday I'm In Love;Wish;The Cure;1992-01-01;215160;76;526;763;0;-12663;0;341;126;675;359;514;136205;4
Duurt Te Lang;Het Allerbeste Van Beste Zangers;Davina Michelle;2021-04-30;153527;28;609;444;7;-14222;1;22;127;0;905;15;173776;4
Don't Dream It's Over;Crowded House (Deluxe);Crowded House;1986-08-01;238173;68;451;752;8;-6993;1;412;939;202;844;358;81917;4
The Weight (by The Band);Best Of The Band;The Band;1976;274866;46;639;431;9;-12494;1;489;414;711;867;526;144048;4
Our House (by Crosby, Stills, Nash & Young);Deja Vu;Crosby, Stills, Nash & Young;1970-03-11;179760;67;592;205;9;-14601;1;48;896;546;119;378;140282;4
It's My Life (by Bon Jovi);Crush;Bon Jovi;2000-01-01;224493;79;551;913;0;-4063;0;466;263;135;347;544;119992;4
Der Weg;Was Muss Muss - Best Of;Herbert Grönemeyer;2008-01-01;259346;47;344;244;5;-10854;1;38;921;771;119;191;14236;1
Fernando;Arrival;ABBA;1976;252960;69;354;535;9;-8876;1;303;627;29;808;434;110821;4
Rehab;Back To Black;Amy Winehouse;2006-10-27;213760;62;434;872;0;-2974;1;702;473;183;396;732;71515;4
Super Trouper;Super Trouper;ABBA;1980;252853;71;764;626;0;-8274;1;288;457;635;201;961;11834;4
Candle In The Wind 1997;Candle In The Wind 1997 / Something About ...;Elton John;1997-01-01;250106;55;45;311;4;-8175;1;314;977;713;167;367;125648;4
Have I Told You Lately;Avalon Sunset;Van Morrison;1989-06-06;260385;63;329;477;4;-10266;1;34;276;139;136;182;143532;4
Light My Fire;The Doors;The Doors;1967-01-04;429760;69;413;725;3;-5787;0;324;369;216;905;44;124618;4
Michel;Urban Solitude;Anouk;1999-01-01;249106;49;615;296;3;-9951;1;311;741;0;916;158;122358;4
Story Of My Life;Midnight Memories (Deluxe);One Direction;2013-11-25;245493;82;6;663;3;-5802;1;477;225;0;119;286;12107;4
One Step Beyond;Complete Madness;Madness;1982-04-23;141320;25;495;934;0;-5677;0;416;141;578;2;971;154738;4
Firth Of Fifth;Selling England By The Pound;Genesis;1973-10-12;574840;47;247;594;4;-971;0;408;214;999;196;303;7492;4
Freak On A Leash;Follow The Leader;Korn;1998-08-18;255733;76;353;898;2;-5877;1;52;223;105;39;525;103293;4
Onderuit;Het Beste Van;De Dijk;1998-01-01;313026;35;677;574;7;-9458;0;268;102;113;873;651;118214;4
Just Give Me A Reason;The Truth About Love;P!nk,Nate Ruess;2012-09-18;242733;81;778;547;2;-7273;1;489;346;302;132;441;95002;4
Everglow;A Head Full of Dreams;Coldplay;2015-12-04;282693;67;534;445;4;-9155;1;292;456;684;112;136;146107;4
Jimmy;Collected (1964 - 2016);Boudewijn de Groot;2016-09-16;235973;26;653;756;11;-9996;1;288;178;371;234;861;110762;4
Smack My Bitch Up;The Fat of the Land;The Prodigy;1997-06-30;343386;63;604;995;10;-3641;0;164;306;626;109;262;136216;4
Good Vibrations;The Smile Sessions;The Beach Boys;2011-01-01;255400;54;414;528;1;-7733;1;343;495;26;117;335;74627;4
Try;The Truth About Love;P!nk;2012-09-18;247906;78;674;628;2;-7079;1;3;144;0;944;552;103998;4
Auto Vliegtuug;Kilomeaters ('T Beste Van 20 Joar Rowwen Hèze);Rowwen Hèze;2005-01-01;238253;35;32;521;7;-7125;1;246;484;848;155;245;96151;3
Het Is Een Nacht... (Levensecht);Verbazing;Guus Meeuwis,Vagant;1996;225040;56;631;623;7;-7013;1;297;541;53;157;495;138076;4
Bloedend Hart;Het Beste Van;De Dijk;1998-01-01;226693;43;641;64;11;-6432;0;538;336;187;973;67;114991;3
Zwart Wit;Onderweg;Frank Boeijen Groep;1988-02-26;185826;41;545;63;2;-11968;0;328;283;119;371;79;132224;4
Boys Don't Cry;Three Imaginary Boys;The Cure;1979-05-11;155973;79;462;836;11;-5766;0;621;517;0;18;671;168766;4
Sweet Sounds Of Heaven;Sweet Sounds Of Heaven;The Rolling Stones,Lady Gaga;2023-09-28;442667;55;444;676;5;-4941;1;368;123;55;108;322;130635;3
Dog Days Are Over;Lungs (Deluxe Version);Florence + The Machine;2009;252818;80;501;809;7;-5264;1;938;338;602;119;258;149964;4
Shape Of You;÷ (Deluxe);Ed Sheeran;2017-03-03;233712;85;825;652;1;-3183;0;802;581;0;931;931;95977;4
Blank Space;1989 (Deluxe);Taylor Swift;2014-01-01;231826;85;76;703;5;-5412;1;54;103;0;913;57;95997;4
All I Want For Christmas Is You;Merry Christmas;Mariah Carey;1994-10-28;241106;100;336;627;7;-7463;1;384;164;0;708;35;150273;4
Jailhouse Rock;Elvis' Golden Records;Elvis Presley;1958-03-21;146480;66;647;582;10;-9538;0;755;41;193;715;915;167396;4
A Boy Named Sue;A Boy Named Sue;Johnny Cash;2009-08-03;217478;40;52;454;9;-15708;1;494;933;202;752;89;105399;4
9 To 5;9 To 5 And Odd Jobs;Dolly Parton;1980;162466;76;554;783;6;-5852;1;457;416;154;631;813;10539;4
Weak;Paranoid & Sunburnt;Skunk Anansie;1995;211506;53;32;744;4;-6393;0;489;103;275;257;507;188768;4
Chandelier;1000 Forms Of Fear;Sia;2014-07-04;216120;80;399;787;1;-288;1;499;197;607;685;572;117089;5
Ordinary World;Duran Duran;Duran Duran;1993-02-15;340200;73;472;652;1;-10171;0;305;131;112;14;401;140124;4
Like A Hurricane;Slight Return;Neil Young,Vanja Orlandic;2010-01-01;484275;35;488;673;9;-10902;0;288;68;803;133;386;114042;4
Good Riddance (Time Of Your Life);Nimrod;Green Day;1997-10-14;153466;79;475;432;7;-7844;1;302;183;0;161;648;94605;4
Seventeen Going Under;Seventeen Going Under;Sam Fender;2021-07-07;302360;62;477;873;1;-4946;1;355;471;589;813;611;161948;4
Castle On The Hill;÷ (Deluxe);Ed Sheeran;2017-03-03;261153;78;461;834;2;-4868;1;989;232;114;14;471;135007;4
A Gentleman's Excuse Me;Vigil In A Wilderness Of Mirrors;Fish;1990;259466;38;331;174;5;-14439;1;352;863;136;318;19;12587;4
Binnen Zonder Kloppen;Het Beste Van;De Dijk;1998-01-01;285440;43;728;555;5;-1033;1;37;187;173;101;557;11746;4
How Do I Say Goodbye;How Do I Say Goodbye;Dean Lewis;2022-08-31;163603;75;4;641;8;-6303;1;674;214;0;656;393;81552;4
Dat Ik Je Mis;En Hoe Het Dan Ook Weer Dag Wordt;Maaike Ouboter;2015-06-19;256347;48;501;13;9;-12851;1;596;873;0;103;297;172596;3
I Want It All;Greatest Hits II (Remastered);Queen;1991-10-28;241253;50;398;834;11;-5786;0;472;298;235;385;389;92376;4
Burning Love;Elvis (Fool);Elvis Presley;1973-07-16;170293;74;66;748;2;-11206;1;284;993;585;283;972;143549;4
Gaia;Gaia;Valensia;1993-01-01;331226;36;383;326;4;-12509;0;281;736;631;213;199;174449;3
Smooth Operator;Diamond Life;Sade;1984-07-16;298893;58;794;559;9;-6491;0;319;367;107;371;963;11981;4
Watermelon Sugar;Fine Line;Harry Styles;2019-12-13;174000;85;548;816;0;-4209;1;465;122;0;335;557;9539;4
Song 2;Blur: The Best Of;Blur;2000-10-23;121880;66;658;709;8;-6736;1;904;188;447;657;855;129701;4
Zitti E Buoni;Teatro d'ira - Vol. I;Måneskin;2021-03-19;194786;72;625;939;4;-3115;0;669;138;0;424;644;102999;4
Sabotage;Ill Communication;Beastie Boys;1994-05-23;178440;73;324;938;6;-7332;0;102;32;321;961;543;168131;4
Tunnel Of Love;Making Movies;Dire Straits;1980-10-17;489506;61;488;792;5;-7882;1;373;242;147;217;617;137541;4
Sovereign Light Cafe;Strangeland;Keane;2012-05-07;218840;59;535;725;8;-5861;0;302;13;0;156;509;12284;1
Jungleland;Born To Run;Bruce Springsteen;1975-08-25;575653;48;299;584;5;-5984;1;334;374;126;73;183;133712;4
I Will Wait;Babel;Mumford & Sons;2012-11-16;276720;52;481;774;1;-5225;1;339;932;761;301;427;131159;4
Lavender;A Singles Collection 1982-1992: Six of One, Half-Dozen of the Other;Marillion;1992-06-08;224160;48;331;55;9;-6112;1;311;309;1;875;228;138071;4
American Idiot;American Idiot;Green Day;2004-09-21;176346;81;38;988;1;-2042;1;639;264;786;368;769;186113;4
Titanium;Virgin Records: 40 Years Of Disruptions;David Guetta,Sia;2013-01-01;246186;44;598;613;0;-8942;0;104;755;571;154;301;126034;4
1999;1999;Prince;1982-10-27;379266;58;866;73;5;-8201;1;767;137;0;843;625;118523;4
This Is What It Feels Like;Intense;Armin van Buuren,Trevor Guthrie;2013-05-03;204360;70;551;833;8;-5217;1;3;391;277;632;145;129885;5
Save Your Tears;After Hours;The Weeknd;2020-03-20;215626;87;68;826;0;-5487;1;309;212;124;543;644;118051;4
Zelfs Je Naam Is Mooi;Westbroek;Henk Westbroek;1998-01-01;269706;49;564;46;2;-7328;1;244;384;32;205;447;94007;4
New Kid In Town;Hotel California (40th Anniversary Expanded Edition);Eagles;1976-12-08;292733;35;559;654;4;-7977;1;312;126;159;979;623;110164;4
Take The Long Way Home;The Very Best Of Supertramp;Supertramp;1990-01-01;306466;44;433;636;5;-10603;1;297;226;203;813;351;76901;4
New Gold Dream (81-82-83-84);New Gold Dream (81/82/83/84);Simple Minds;1982-09-13;339480;46;592;825;9;-8927;1;318;605;291;496;732;12336;4
Son Of A Preacher Man;Dusty In Memphis;Dusty Springfield;1969-03-31;148053;76;404;43;4;-12327;1;224;538;0;802;641;180061;4
Hocus Pocus;The Best Of Focus / Hocus Pocus (Incl WC 2010 Version of 'Hocus Pocus');Focus;2001;402866;49;262;818;2;-5538;1;152;218;916;276;395;183629;4
They Don't Care About Us;HIStory - PAST, PRESENT AND FUTURE - BOOK I;Michael Jackson;1995-06-16;284160;73;859;905;0;-5539;0;129;205;837;322;731;89946;4
One Of Us;The Visitors (Deluxe Edition);ABBA;1981;237013;62;652;397;7;-15245;1;385;478;946;679;858;82235;4
On Every Street;On Every Street;Dire Straits;1991-09-10;301893;59;316;273;0;-11185;1;369;577;22;171;152;132035;4
Tubular Bells;Two Sides: The Very Best Of Mike Oldfield;Mike Oldfield;2012-01-01;808680;28;284;201;4;-16697;0;315;487;5;127;159;14936;4
She's A Rainbow;She's A Rainbow / Dandelion / We Love You;The Rolling Stones;2020-10-09;253720;61;464;824;10;-7359;1;374;467;18;33;539;109298;4
Beautiful Noise;In My Lifetime;Neil Diamond;1996-10-29;193333;53;525;346;7;-15218;1;287;119;0;152;729;127078;4
(Everything I Do) I Do It For You;Waking Up The Neighbours;Bryan Adams;1991-09-24;393640;75;533;36;1;-12633;1;282;805;103;631;299;131229;4
Not An Addict;Paradise In Me;K's Choice;1995-12-03;287600;46;276;661;4;-7027;1;402;242;708;121;321;168785;4
Bloemkôle;Prut an me leerze;Oôs Joôs;2015-08-17;216000;31;622;918;9;-428;1;733;136;0;191;494;124038;4
Before You Go;Before You Go;Lewis Capaldi;2019-11-19;215106;71;459;575;3;-4858;1;573;604;0;885;183;111881;4
Follow You Follow Me;Turn It on Again: The Hits;Genesis;1999-10-25;238440;43;506;6;7;-10992;1;34;268;591;156;774;93323;4
Unchained Melody;Just Once In My Life;The Righteous Brothers;1965-04-04;218013;75;339;208;0;-16725;1;308;396;519;18;288;9854;3
Overcome (by Live);V;Live;2001-01-01;256066;48;375;403;9;-7226;1;279;779;42;99;193;146282;4
Porcelain;Play;Moby;1999;241160;68;551;628;0;-7874;0;294;133;188;282;336;9503;4
Everything I Wanted;everything i wanted;Billie Eilish;2019-11-13;245425;83;704;225;6;-14454;0;994;902;657;106;243;120006;4
Bright Eyes (by Art Garfunkel);Fate For Breakfast;Art Garfunkel;1979-03-15;238600;56;38;21;7;-15603;1;319;745;45;829;207;11251;4
Cupido;Cupido;Bankzitters;2023-11-17;143437;66;792;682;6;-634;0;333;146;366;621;642;12802;4
Can't Stop;By the Way (Deluxe Edition);Red Hot Chili Peppers;2002-07-09;269000;83;618;938;9;-3442;1;456;179;0;167;875;91455;4
Gold (by Spandau Ballet);Gold - The Best of Spandau Ballet;Spandau Ballet;2000-05-15;231480;60;711;74;10;-7776;0;361;258;111;104;639;143053;4
Where Is My Mind;Death to the Pixies;Pixies;1997-10-06;229226;74;513;442;4;-13529;1;343;731;838;878;243;81201;4
Morning Has Broken;The Very Best Of Cat Stevens;Yusuf / Cat Stevens;2003-10-13;199746;42;446;33;7;-13162;1;314;61;119;921;39;133227;3
Blauwe Dag;Gedeeld Door Ons;Suzan & Freek;2019-09-27;182694;55;704;571;11;-7319;1;463;245;0;299;494;98007;4
Don't Cry;Use Your Illusion II;Guns N' Roses;1991-09-18;284266;54;43;614;8;-8241;0;317;383;416;101;247;124569;4
In The Dutch Mountains;In The Dutch Mountains;Nits;1987-11-18;206413;43;42;504;7;-11445;1;33;551;546;592;27;84735;4
Liefde Van Later;20 Jaar Herman Van Veen - In Vogelvlucht;Herman van Veen;1987-10-01;252493;38;5;765;1;-21615;0;459;973;108;106;13;12143;5
Mijn Houten Hart;Best Of De Poema's;De Poema's;2003-12-11;259146;46;434;585;9;-5623;0;306;455;0;898;247;70024;4
How You Remind Me;Silver Side Up;Nickelback;2001-09-11;223840;81;446;764;10;-5042;1;33;135;0;99;543;172094;4
Christmas Lights;Christmas Lights;Coldplay;2010-12-01;242495;86;315;418;7;-9146;1;299;131;679;836;237;129116;4
Self Esteem;Smash;The Offspring;1994-04-08;257826;76;488;862;0;-7595;1;476;204;0;359;706;10456;4
Easy Livin';The Ultimate Collection;Uriah Heep;2003;156333;51;24;824;9;-8298;0;773;723;503;33;525;160218;4
Civil War;Use Your Illusion II;Guns N' Roses;1991-09-18;462093;68;336;787;10;-8803;0;732;793;648;32;383;140003;4
Never Be Clever;My Way - The Hits;Herman Brood & His Wild Romance;2001-10-04;182906;36;555;888;9;-4956;1;362;539;743;321;963;138212;4
Welcome To The Black Parade;The Black Parade;My Chemical Romance;2006-10-23;311106;78;217;905;2;-4103;1;752;289;11;222;236;9695;4
China Girl;Montreal 1983;David Bowie;1983;312006;29;365;818;4;-10664;0;377;846;277;958;598;134958;4
Kiwi;Harry Styles;Harry Styles;2017-05-12;176386;72;375;93;2;-2631;1;561;64;0;318;491;147124;4
A Kind Of Magic;A Kind Of Magic (2011 Remaster);Queen;1986-06-02;264253;71;67;776;9;-5874;1;356;184;294;128;703;130128;4
Sign 'O' The Times;Sign O the Times;Prince;1987-03-30;302760;50;701;515;10;-6551;1;988;843;25;772;549;197768;4
Superstition;Talking Book;Stevie Wonder;1972-10-28;266133;66;611;578;1;-14171;1;676;598;219;983;884;100625;4
Walk;Wasting Light;Foo Fighters;2011-04-12;255960;69;234;865;9;-5131;1;516;362;532;289;194;137107;4
De Neus Umhoeg;Kilomeaters ('T Beste Van 20 Joar Rowwen Hèze);Rowwen Hèze;2005-01-01;214800;35;622;414;0;-14121;1;336;723;845;972;51;132137;4
Jersey Girl;Bruce Springsteen & The E Street Band Live 1975-85;Bruce Springsteen;1986-11-10;390320;49;239;323;2;-15853;1;35;402;125;978;366;83622;4
Land Of Confusion;Turn It On Again - The Hits;Genesis;1999-10-25;286266;42;637;914;1;-6962;1;375;226;135;147;809;115184;4
Clint Eastwood;Gorillaz;Gorillaz;2001-03-26;340920;75;663;694;10;-8627;0;171;253;0;698;525;167953;4
Something Just Like This;Something Just Like This;The Chainsmokers,Coldplay;2017-02-22;247626;72;607;649;11;-6695;0;362;306;246;174;505;102996;4
Father And Son;Tea For The Tillerman (Remastered 2020);Yusuf / Cat Stevens;1970-11-23;221120;74;495;326;7;-1229;1;365;541;885;996;371;136243;4
Like A Prayer;Celebration (double disc version);Madonna;2009-09-18;342680;73;624;842;5;-5285;1;376;264;211;181;257;111037;4
Layla (by Derek & The Dominos);Layla And Other Assorted Love Songs (Remastered 2010);Derek & The Dominos;1970-11-01;423840;72;404;902;1;-388;1;665;577;297;287;497;115669;4
Heading Up High;Embrace;Armin van Buuren,Kensington;2015-10-29;232853;48;52;926;1;-4774;0;873;34;188;111;196;128027;4
What It Is;Sailing To Philadelphia;Mark Knopfler;2000-09-26;295893;57;624;682;6;-7274;0;302;615;252;288;432;122084;4
Zandloper;Lobi Da Basi;Typhoon,Rico,Andre Manuel;2014-06-20;280080;42;756;724;7;-7706;0;235;458;139;948;513;134935;4
Start Me Up;Tattoo You (2009 Re-Mastered);The Rolling Stones;1981-08-24;213066;78;631;932;5;-4142;1;354;436;137;918;971;122429;4
Where The Wild Roses Grow;Murder Ballads;Kylie Minogue,Nick Cave;2021-05-28;247533;41;393;24;5;-16056;1;481;905;622;125;215;99537;4
War;Rivals;Kensington;2014-08-08;176652;51;641;806;8;-6281;1;323;79;158;708;721;125987;4
Never Gonna Give You Up;Whenever You Need Somebody;Rick Astley;1987-11-12;213573;77;721;939;8;-11823;1;376;115;379;108;914;113309;4
Sailing;Atlantic Crossing;Rod Stewart;1975;277960;66;43;374;11;-9949;1;292;372;379;316;191;12856;4
Cold Heart;The Lockdown Sessions;Elton John,Dua Lipa,PNAU;2021-10-22;202735;80;795;8;1;-632;1;309;354;725;915;934;116032;4
Lyin' Eyes;Take It To The Summit (Houston, TX 16th Nov '76);Eagles;1976;408267;31;573;441;7;-15007;1;282;761;403;418;588;1375;4
She's Not There;Moonflower;Santana;1977-10-01;249026;53;477;697;0;-7878;1;387;403;262;311;832;130365;4
Gravity;Continuum;John Mayer;2006-09-11;245826;71;753;326;7;-9883;1;342;731;131;24;237;123799;3
Firestarter;The Fat of the Land;The Prodigy;1997-06-30;279800;63;545;948;11;-5098;1;779;335;364;226;355;141507;4
Malle Babbe;In De Uren Van De Middag (Expanded Edition);Rob De Nijs;1973-01-01;253361;48;349;419;3;-9774;0;298;697;231;188;529;90347;3
When The Sun Goes Down;Whatever People Say I Am, That's What I'm Not;Arctic Monkeys;2006-01-29;202133;73;348;875;11;-4758;0;199;341;0;117;407;169152;4
Million Years Ago;25;Adele;2015-11-20;227065;63;72;274;1;-7623;0;276;742;0;11;179;105929;4
You Are So Beautiful;Classics (Vol.4);Joe Cocker;1987-03-01;162973;57;376;119;1;-17643;1;431;918;321;156;752;122679;4
Heal The World;Dangerous;Michael Jackson;1991-11-13;384306;68;545;485;9;-8045;1;485;537;18;104;101;80948;4
Uptown Funk;Uptown Special;Mark Ronson,Bruno Mars;2015-01-12;269666;82;856;609;0;-7223;1;824;801;815;344;928;114988;4
Take Me Out;Franz Ferdinand;Franz Ferdinand;2004-02-16;237026;79;277;663;4;-8821;0;377;409;51;136;527;104561;4
What's Up;Bigger, Better, Faster, More !;4 Non Blondes;1992-01-01;295533;80;565;564;2;-10044;1;292;161;0;114;454;134355;4
White Room;Wheels Of Fire;Cream;1968-07-01;298333;68;553;576;0;-13458;1;304;191;664;365;457;109827;4
I Gotta Feeling;THE E.N.D. (THE ENERGY NEVER DIES) [Deluxe Version];Black Eyed Peas;2009-01-01;289133;81;743;766;0;-6375;1;265;873;0;509;61;12796;4
Norwegian Wood;Rubber Soul (Remastered);The Beatles;1965-12-03;124693;71;425;369;4;-11876;1;379;183;126;112;65;176625;3
Through The Echoes;Last Night In The Bittersweet;Paolo Nutini;2022-07-01;221245;65;73;487;7;-7679;1;399;285;349;135;314;104933;4
Nothing Rhymed;The Essential Collection;Gilbert O'Sullivan;2016-06-10;203666;45;226;593;3;-9052;1;384;306;506;129;552;174801;3
Winter;Gold Dust;Tori Amos;2012-10-02;344560;38;244;201;3;-13913;0;313;979;264;105;271;78423;4
Moonlight Shadow;The Mike Oldfield Collection;Mike Oldfield;2009-01-01;218186;66;611;72;4;-8359;1;259;291;0;356;8;128594;4
Love Like Blood;Laugh? I Nearly Bought One!;Killing Joke;1992-01-01;265466;53;417;645;7;-10722;0;428;319;12;488;433;124685;4
Personal Jesus;Violator (Deluxe);Depeche Mode;1990-03-19;294773;59;682;742;11;-7595;1;492;135;209;979;356;130033;4
The Man Who Can't Be Moved;The Script;The Script;2008-07-14;241373;74;605;629;10;-5051;1;279;437;0;97;308;99894;4
Pain And Misery;Half Mile Harvest;The Teskey Brothers;2018-10-26;241080;57;555;35;0;-7072;0;313;749;103;246;485;178618;3
Con Te Partiro;Bocelli (Remastered);Andrea Bocelli;1995-01-01;250983;67;241;367;7;-795;1;311;844;279;873;302;135267;5
Lemon Tree;Dish of the Day;Fools Garden;1995-01-01;191026;74;663;477;1;-8839;1;414;644;0;122;643;143173;4
Red Eyes;Lost In The Dream;The War On Drugs;2014-03-18;298920;63;464;814;10;-6371;1;369;882;2;162;467;161845;4
Musica È;Musica è;Eros Ramazzotti;1988-06-27;659493;35;538;277;0;-14206;1;346;24;199;183;637;125283;4
You Need To Calm Down;Lover;Taylor Swift;2019-08-23;171360;80;771;671;2;-5617;1;553;929;0;637;714;85026;4
You;You;Ten Sharp;1991;272983;63;405;901;11;-7905;0;315;426;185;188;666;174041;4
Heart-Shaped Box;In Utero (Deluxe Edition);Nirvana;1993-09-21;281160;78;256;641;1;-10283;1;552;199;329;853;382;203006;4
Wonderfull Days;The Best Of Charly Lownoise & Mental Theo;Charly Lownoise & Mental Theo;2017-03-03;231333;46;503;958;10;-5064;1;124;147;267;993;312;165863;4
Thunder;Evolve;Imagine Dragons;2017-06-23;187146;85;605;822;0;-4833;1;438;671;134;147;288;167997;4
Is Dit Alles;Doris Day en Andere Stukken;Doe Maar;2008-06-13;323717;46;833;41;2;-13562;0;132;456;666;537;88;121387;4
This Town;Flicker (Deluxe);Niall Horan;2017-10-20;232852;80;677;401;9;-8467;1;308;712;0;116;195;111825;4
Your Latest Trick;Brothers In Arms - 20th Anniversary Edition;Dire Straits;1985-05-13;389333;44;698;526;4;-8955;1;315;687;124;201;25;122555;4
Tinseltown In The Rain;A Walk Across the Rooftops;The Blue Nile;1984;357826;47;776;816;11;-6698;0;346;575;133;782;908;1177;4
Both Sides Now;Acoustic: The Collection;Joni Mitchell;2017-03-03;273573;56;621;238;6;-1018;1;28;925;122;124;321;97211;4
Go With The Flow;Songs For The Deaf;Queens of the Stone Age;2002-01-01;187146;69;246;991;9;-3903;1;87;944;753;867;415;15939;4
Need Your Love So Bad;Fleetwood Mac's Greatest Hits;Fleetwood Mac;1989-03-10;233360;51;355;183;9;-18867;1;302;131;0;958;251;147188;3
Once In A Lifetime;Remain in Light;Talking Heads;1980-10-08;259600;55;646;88;2;-7753;1;637;623;157;355;802;116916;4
(You Make Me Feel Like A) Natural Woman;Lady Soul (With Bonus Selections);Aretha Franklin;1968-01-22;165333;69;603;271;5;-10083;1;284;679;0;141;405;11089;3
Afraid Of The Dark;Afraid Of The Dark;Chef'Special;2021-03-26;188663;53;728;619;6;-6647;0;336;171;214;405;597;120025;4
Owner Of A Lonely Heart;90125 (Deluxe Version);Yes;1983-06-01;268506;70;744;798;7;-5981;1;364;175;367;26;89;125061;4
In Nije Dei;Hollands Glorie;De Kast;2004;295680;39;406;492;9;-8541;1;292;505;233;958;154;130414;4
Black Betty;Ram Jam;Ram Jam;1977-06-20;238973;70;465;907;11;-6404;0;113;241;118;13;681;117293;4
Heaven;Reckless (30th Anniversary / Deluxe Edition);Bryan Adams;1984-11-05;243360;78;382;589;9;-7315;0;267;465;0;122;335;140059;4
Dirty Old Town;Rum Sodomy & The Lash (Expanded Edition);The Pogues;1985;225426;66;511;464;7;-10765;1;383;256;42;132;289;123412;4
Stand My Ground;The Silent Force;Within Temptation;2004-11-12;267986;53;271;866;5;-4072;0;578;489;762;116;127;175665;4
The Family Tree;Spin Art;VENICE;1999-01-01;205133;36;34;104;3;-15767;1;336;811;0;998;257;127236;4
Easy Lover;Chinese Wall;Philip Bailey,Phil Collins;1985-03-20;304506;66;749;699;1;-13108;1;371;674;192;763;935;128904;4
Slapeloze Nachten;Slapeloze Nachten;The Opposites;2012-01-01;229160;57;808;645;8;-6928;1;572;353;931;152;81;111962;4
Wild Is The Wind;Station to Station (2016 Remaster);David Bowie;1976-01-23;366360;51;522;58;9;-12914;0;324;156;168;543;493;98489;4
The Next Episode;2001;Dr. Dre,Snoop Dogg;1999-11-16;161506;79;922;909;10;-2429;0;27;281;0;856;309;95295;4
I Wanna Dance With Somebody (Who Loves Me);Whitney;Whitney Houston;1987-06-02;291293;80;709;824;1;-8824;1;453;207;307;888;867;118818;4
Think;The Blues Brothers Original Motion Picture Soundtrack;The Blues Brothers,Aretha Franklin;1980;195306;54;653;836;5;-5594;1;188;495;232;24;713;128628;4
Human (by The Killers);Day & Age (Bonus Tracks);The Killers;2008-11-18;245373;74;557;8;10;-8477;1;601;132;12;906;582;13547;4
Here I Go Again;Whitesnake's Greatest Hits;Whitesnake;1994-07-04;232800;56;484;877;7;-5434;1;337;151;17;14;687;92975;4
Leef;Leef;André Hazes Jr.;2016-03-11;217902;55;673;727;9;-6587;0;401;282;0;178;782;121016;4
Unintended;Showbiz;Muse;1999;237026;59;487;279;6;-11586;0;265;647;185;11;162;139362;4
Disarm;(Rotten Apples) The Smashing Pumpkins Greatest Hits;The Smashing Pumpkins;2001-01-01;198466;48;515;426;4;-9267;0;278;482;737;121;195;1293;4
State Of Independence;Donna Summer;Donna Summer;1982-07-19;351493;46;747;696;4;-8696;1;177;182;574;616;875;169502;4
Late Night Talking;Harry's House;Harry Styles;2022-05-20;177954;82;714;728;10;-4595;1;468;298;0;106;901;114996;4
Strange Machines;Mandylion;The Gathering;1995;364693;40;228;85;0;-623;1;489;223;136;56;391;130566;4
De Boer Dat Is De Keerl;Ajuu, De Mazzel!;Normaal;2016-06-24;239413;24;41;892;0;-5437;1;659;507;366;907;514;8445;4
Tijd Verliezen;Spijt Is Iets Voor Later;Racoon;2021-10-01;236352;48;26;429;6;-7747;1;346;857;272;98;263;183601;4
Anyplace, Anywhere, Anytime;It's All in the Game;Nena;1985-01-01;437426;40;526;807;4;-9752;0;487;102;368;176;359;101724;4
Faster;The Unforgiving;Within Temptation;2011-03-25;263973;61;505;932;6;-2894;0;412;115;195;135;486;120008;4
Eye Of The Tiger;Rocky IV;Survivor;1985;245640;75;817;599;0;-9249;0;328;132;311;873;548;108873;4
Circles;Hollywood's Bleeding;Post Malone;2019-09-06;215280;85;695;762;0;-3497;1;395;192;244;863;553;120042;4
The Passenger;Lust For Life;Iggy Pop;1977-08-29;283360;71;498;889;0;-5413;1;546;947;162;733;696;13488;4
Prachtig Mooie Dag;Hout Moet;Daniël Lohues;2011-02-11;160773;36;553;686;9;-4439;1;33;979;0;751;562;103053;4
The Rising;The Rising;Bruce Springsteen;2002-07-30;287040;53;499;761;10;-6381;1;324;655;0;895;326;110186;4
Tainted Love;Non-Stop Erotic Cabaret;Soft Cell;1981;153800;80;5;501;0;-8284;0;376;462;0;26;623;144438;4
Watskeburt?!;Parels Voor De Zwijnen;De Jeugd Van Tegenwoordig;2008-01-01;375973;53;946;491;1;-7931;1;231;521;0;226;586;130029;4
Ben;Ben;Michael Jackson;1972-08-04;165160;59;464;132;5;-12935;1;283;81;116;994;303;68152;4
Daughters;Heavier Things;John Mayer;2003-09-09;237906;65;674;413;2;-7816;1;274;836;195;98;503;124893;3
Go Like Elijah;Yesterday, Today & Forever;Chi Coltrane;2009-09-24;241800;40;634;879;3;-5268;1;381;394;892;171;485;134421;4
Venus;At Home;Shocking Blue;1969;187533;64;691;762;11;-647;0;367;462;286;804;957;128111;4
I Will Survive;Love Tracks;Gloria Gaynor;1978-11-27;296106;72;77;775;9;-9571;0;495;227;262;297;802;116935;4
Heaven Must Be Missing An Angel;Essential - No.1 Hits;Tavares;2012-01-01;210040;30;681;747;9;-8441;0;36;633;0;1;963;117304;4
Happy;G I R L;Pharrell Williams;2014-03-03;232720;79;647;822;5;-4662;0;183;219;0;908;962;160019;4
Love The Way You Lie;Recovery;Eminem,Rihanna;2010-06-18;263373;85;749;925;10;-5034;1;227;241;0;52;641;86989;4
Sebastian;The Cream of Steve Harley & Cockney Rebel;Steve Harley & Cockney Rebel;1999-01-01;417773;29;274;251;11;-13202;0;376;442;311;512;187;133207;3
Hallelujah (by Lisa Lois);Hallelujah;Lisa Lois;2009-05-11;226360;54;188;243;2;-13299;0;327;242;374;111;11;182438;3
Just Can't Get Enough;Live in Berlin Soundtrack;Depeche Mode;2014-11-17;363520;42;373;961;2;-7789;1;685;372;449;546;525;127935;4
Blauwe Ruis;Blauwe Ruis;BLØF;2002-01-01;267693;38;521;701;4;-7247;0;403;42;42;132;353;129943;4
Denis;Greatest Hits: Blondie;Blondie;2006-01-01;139413;41;529;771;0;-6726;1;462;376;508;601;863;138905;4
Only Time;A Day Without Rain;Enya;2000-11-11;218546;71;418;249;3;-13744;1;301;841;661;112;213;82803;4
Dark Necessities;The Getaway;Red Hot Chili Peppers;2016-06-17;302000;73;7;742;5;-6777;0;716;722;199;11;197;91959;4
My Way (by Herman Brood);Alle 40 Goed - Herman Brood;Herman Brood;2013-02-15;283680;37;411;11;2;-13868;1;438;827;0;922;165;77476;4
I Alone;Throwing Copper;Live;1994-01-01;231133;63;396;817;6;-7282;1;45;228;417;372;992;90264;4
Give A Little Bit;Even In The Quietest Moments;Supertramp;1977-01-01;248173;76;531;818;2;-5358;1;452;694;96;263;471;90767;4
In The Blood;The Search for Everything;John Mayer;2017-04-14;243666;59;546;655;8;-6526;1;255;386;104;983;518;80007;4
El Condor Pasa (If I Could);Bridge Over Troubled Water;Simon & Garfunkel;1970-01-26;187040;61;33;214;4;-17699;0;311;836;701;178;275;147795;4
Don't Give Up The Fight;Liverpool Rain;Racoon;2011-05-06;212200;42;293;296;6;-12564;1;325;882;117;117;232;91494;4
So Long;Going Deaf For A Living;Fischer-Z;1980-05;302733;47;556;384;0;-1498;1;407;697;926;545;891;126841;4
Why Does My Heart Feel So Bad;Play;Moby;1999;264840;63;597;628;7;-6924;1;348;109;151;85;529;98004;4
Cose Della Vita;All The Best;Tina Turner,Eros Ramazzotti;2004-11-01;290093;38;587;842;4;-429;0;632;964;336;252;685;89747;4
Every Little Thing She Does Is Magic;Ghost In The Machine (Remastered 2003);The Police;1981-10-02;260573;75;558;768;2;-9997;1;343;121;626;124;429;81909;4
Flowers;Endless Summer Vacation;Miley Cyrus;2023-08-18;200600;90;706;691;0;-4775;1;633;584;699;232;632;118048;4
Black Magic Woman;Ultimate Santana;Santana;2007-09-25;195866;60;497;552;9;-7102;0;307;679;314;89;633;124359;4
Breakfast In America;The Very Best Of Supertramp;Supertramp;1990-01-01;159440;50;568;526;0;-9349;0;298;517;0;735;749;75095;4
You Give Love A Bad Name;Slippery When Wet;Bon Jovi;1986-08-16;222706;81;541;96;0;-2947;0;505;663;225;344;812;122803;4
You Want It Darker;You Want It Darker;Leonard Cohen;2016-10-21;284373;61;674;327;4;-16986;0;574;613;199;756;494;108995;4
Als Het Golft;Zevende Hemel;De Dijk;2000-01-01;214200;37;543;88;7;-5717;0;307;234;891;528;585;101879;3
Love Hurts;The Anthology;Nazareth;2009-07-13;233293;68;48;427;7;-7961;1;243;315;442;338;148;80078;4
Niets Tussen;Niets Tussen;Froukje;2021-08-05;179576;51;659;69;8;-9372;0;298;663;0;157;532;120086;4
Treat People With Kindness;Fine Line;Harry Styles;2019-12-13;197346;65;653;869;5;-3725;1;382;128;22;46;697;122017;4
Blowin' In The Wind;The Freewheelin' Bob Dylan;Bob Dylan;1963-05-27;165426;67;38;993;2;-20567;1;509;914;232;605;44;174874;4
Teach Your Children;Deja Vu;Crosby, Stills, Nash & Young;1970-03-11;173466;62;497;285;2;-14537;1;264;643;169;389;667;154707;4
Dance Me To The End Of Love;Various Positions;Leonard Cohen;1984-12-11;280626;61;588;38;7;-11879;0;251;269;836;741;502;132885;4
Iederene Hef Een Reden;Schorem Uut De Schiettente;Bökkers;2017-11-03;185242;39;569;612;4;-8532;1;361;561;0;104;684;108493;4
You're The First, The Last, My Everything;Can't Get Enough;Barry White;1974-02-15;276466;59;678;571;5;-951;1;353;389;862;183;765;130285;4
You Took The Words Right Out Of My Mouth (Hot Summer Night);Bat Out Of Hell;Meat Loaf;1977-10-21;304440;56;459;681;2;-8773;1;794;254;0;498;68;12502;4
Hard Sun;Into The Wild (Music For The Motion Picture);Eddie Vedder;2007-09-18;322080;62;438;827;8;-6531;1;328;512;402;319;645;143377;4
You Can Call Me Al;Graceland (25th Anniversary Deluxe Edition);Paul Simon;1986-08-12;280000;73;776;763;5;-8124;1;534;182;647;77;82;128433;4
Could You Be Loved;Uprising;Bob Marley & The Wailers;1980;237000;79;916;72;0;-8548;1;1;36;16;958;76;103312;4
Be My Number Two;Body And Soul;Joe Jackson;1984-01-01;259693;44;405;313;7;-10097;1;304;336;0;367;279;111134;4
Perhaps Love;John Denver's Greatest Hits, Volume 3;John Denver,Plácido Domingo;1984-11-01;177306;48;393;248;9;-10942;1;363;794;188;953;203;80755;4
Almost Cut My Hair;Deja Vu;Crosby, Stills, Nash & Young;1970-03-11;269173;56;471;471;7;-10483;1;437;185;927;164;575;136829;4
The Turn Of A Friendly Card;The Essential Alan Parsons Project;The Alan Parsons Project;2007-01-19;165066;26;473;297;2;-1123;0;318;632;0;609;504;176573;4
Sailing To Philadelphia;The Best Of Dire Straits & Mark Knopfler - Private Investigations;Mark Knopfler;2005-01-01;353120;54;594;468;6;-10117;0;246;606;872;913;174;99067;4
S.O.S.;ABBA Gold;ABBA;2008-01-01;201360;60;393;719;5;-4773;1;279;629;432;219;497;124353;4
I Just Can't Help Believin';The Essential Elvis Presley;Elvis Presley;2007;278106;36;485;36;5;-11476;1;354;513;188;985;333;141593;4
You're So Vain;No Secrets;Carly Simon;1972;258411;75;659;678;0;-818;1;313;157;669;784;647;106186;4
Lonely Boy;El Camino;The Black Keys;2011-12-06;193653;78;356;872;2;-7837;1;68;417;975;997;607;1663;4
The A Team;+;Ed Sheeran;2011-09-09;258373;73;642;289;9;-9918;1;367;669;0;18;407;84996;4
Sound And Vision;Sound and Vision 2013;David Bowie;2013-10-04;110161;47;339;169;7;-13509;1;64;955;455;11;188;211862;4
Dancing In The Street;Dancing In The Street E.P.;David Bowie,Mick Jagger;1985-08-12;204786;58;6;816;4;-1364;1;431;117;0;126;744;13099;4
Get Back;Love;The Beatles;2006-11-17;125340;45;63;793;7;-9444;1;352;32;722;194;27;123562;4
Geef Je Hart Niet Zomaar Weg;Geef Je Hart Niet Zomaar Weg;Racoon;2021-09-10;245022;39;595;346;10;-9024;0;287;853;459;108;233;95246;3
Times Are Changing;This Is Who We Are;DI-RECT;2010-01-01;205533;49;501;81;6;-6106;1;407;386;145;147;285;122968;4
Shout;Songs From The Big Chair;Tears For Fears;1985-02-25;393666;72;511;942;0;-10407;1;429;174;187;139;498;97909;4
9 Crimes;9;Damien Rice;2006-11-06;217946;59;346;139;0;-15326;1;321;913;773;934;116;136168;4
That's Life;That's Life;Frank Sinatra;1966-11;187040;70;56;434;4;-14151;0;729;55;0;346;664;112803;3
Plush;Core;Stone Temple Pilots;1992-09-29;310346;68;423;954;7;-3157;0;47;21;0;177;5;144553;4
Real Men;Night And Day;Joe Jackson;1982-01-01;242573;44;676;452;2;-7283;1;265;494;189;8;345;113899;4
So Long Marianne;Songs Of Leonard Cohen;Leonard Cohen;1967-12-27;340560;57;543;395;9;-11396;1;267;701;424;961;231;94872;3
Someone Somewhere In Summertime;New Gold Dream (81/82/83/84);Simple Minds;1982-07-15;277688;55;558;527;6;-10922;0;259;163;152;11;674;99784;4
Road Trippin';Californication;Red Hot Chili Peppers;1999-06-08;204960;66;378;474;4;-8202;0;271;28;138;117;38;102379;4
Margherita;Als Geen Ander;Marco Borsato;1995-01-01;250066;45;541;251;1;-11655;0;354;516;511;14;142;119179;4
Wake Me Up Before You Go-Go;Make It Big;Wham!;1984-10-23;231333;79;62;573;0;-11893;1;423;271;0;607;897;81548;4
Jesus He Knows Me;The Platinum Collection;Genesis;2004-11-29;257506;48;602;933;8;-3628;1;443;585;625;85;632;94985;4
Les Lacs Du Connemara;Les Lacs Du Connemara;Michel Sardou;2004-01-01;363533;57;303;59;3;-10372;1;483;57;0;628;396;112297;4
Stiekem Gedanst;De Jonge Jaren van Toontje Lager - 50 Jaar Nederpop;Toontje Lager;2008-01-01;214975;47;659;629;7;-10463;1;608;206;993;595;844;96198;4
Rebel Rebel;Reality;David Bowie;2003-09-15;190666;41;676;412;5;-12171;0;396;554;81;667;437;73139;4
Four Seasons In One Day;Woodface;Crowded House;1991-06-24;170160;53;517;261;7;-17196;1;263;816;163;863;492;89221;4
More Than A Woman;How Can You Mend A Broken Heart;Bee Gees;2020-12-11;196213;68;601;703;7;-624;1;379;175;84;571;673;106164;4
The Lady In Red;Into The Light;Chris de Burgh;1986-01-01;256173;75;548;294;10;-17112;1;333;332;334;392;491;76698;4
Diamonds On The Soles Of Her Shoes;Graceland (25th Anniversary Deluxe Edition);Paul Simon;1986-08-12;349280;60;791;677;5;-9724;1;356;776;121;224;876;11064;4
Adventure Of A Lifetime;A Head Full of Dreams;Coldplay;2015-12-04;263786;80;638;924;7;-3887;1;36;205;175;149;53;111995;4
Droomland;De Hazes 100;Andre Hazes,Paul de Leeuw;2012-01-01;208040;35;323;466;2;-7279;1;287;261;0;946;247;99511;3
Colors;Black Pumas;Black Pumas;2019-06-21;246586;69;546;696;4;-6537;1;335;887;184;195;596;89882;4
Kan Ik Iets Voor Je Doen?;Scherp De Zeis;De Dijk;2011-01-01;200360;36;501;727;2;-609;0;263;138;653;311;45;7923;4
Kingston Town;Labour Of Love II;UB40;1989-01-01;231733;68;957;226;8;-14606;1;594;119;358;796;768;102072;4
It's All Coming Back To Me;Falling into You;Céline Dion;1996-03-11;456866;71;384;438;0;-9149;1;362;753;0;101;287;87903;4
Boogie Wonderland;I Am;Earth, Wind & Fire,The Emotions;1979-06;288293;75;802;756;2;-10791;0;349;843;765;521;963;131715;4
Riddles;Rivals;Kensington;2014-08-08;208544;46;488;704;6;-7897;1;361;367;989;763;624;147961;4
Vlinder;Dageraad;Rowwen Hèze;2003-01-01;230773;32;35;792;11;-4678;0;359;163;14;384;804;174995;4
Crime Of The Century;Crime Of The Century (Remastered);Supertramp;1974-09-01;332992;43;404;417;9;-1433;0;468;978;249;663;233;12344;3
Breakthru;The Miracle (2011 Remaster);Queen;1989-05-22;248386;56;569;864;5;-5697;1;862;614;955;353;318;9008;4
Wannabe;Spice;Spice Girls;1996-01-01;173026;80;768;864;11;-6145;1;324;101;0;162;891;110008;4
MacArthur Park;On The Radio: Greatest Hits Volumes I & II;Donna Summer;1979-10-15;235200;51;579;667;4;-12361;0;4;829;605;547;449;131022;4
Radio;Rammstein;Rammstein;2019-05-17;277397;68;652;894;0;-5145;0;409;404;381;124;76;13203;4
Praying For Time;Ladies And Gentlemen... The Best Of George Michael;George Michael;1998-11-09;281333;48;573;797;10;-8451;1;312;221;613;86;213;127856;4
Magic;Ghost Stories;Coldplay;2014-05-19;285014;72;738;482;6;-8917;0;402;266;621;106;352;93457;4
Come On Eileen;Too Rye Ay;Dexys Midnight Runners;1982-07-22;287306;75;45;656;2;-7049;1;472;664;302;259;782;10661;4
Miss You;Honk (Deluxe);The Rolling Stones;2019-04-19;288826;45;794;71;9;-4741;0;39;397;141;179;829;109685;4
She Flies On Strange Wings;Seven Tears;Golden Earring;1971;442840;31;319;698;4;-8104;1;426;19;372;112;254;130553;4
It's My Life (by Talk Talk);Natural History - The Very Best of Talk Talk;Talk Talk;1990-05-21;233453;46;599;907;0;-4406;1;445;733;533;474;833;126275;4
Marian;Colour Us Gold;The Cats;1969-01-01;240400;43;387;45;0;-10192;1;275;442;0;191;385;79652;4
What's Love Got To Do With It;What's Love Got to Do with It?;Tina Turner;1993;226880;68;851;406;1;-11631;1;661;219;641;853;792;9784;4
Nutbush City Limits;Tina!;Ike & Tina Turner;2008-09-30;181533;52;622;886;2;-5846;1;322;89;153;292;921;153079;4
Nederwiet;Skunk;Doe Maar;2008-08-01;414040;38;775;705;4;-9344;0;192;455;239;551;61;130663;4
I Want You;Blood And Chocolate;Elvis Costello & The Attractions;1986;401293;43;5;127;4;-17747;0;753;354;0;355;205;123107;4
The Fool On The Hill;Love;The Beatles;2006-11-17;209713;38;485;321;4;-12156;0;285;57;0;271;369;144531;4
You're My Best Friend;A Night At The Opera (2011 Remaster);Queen;1975-11-21;170786;70;51;76;0;-6995;1;411;148;116;706;55;118829;4
Stressed Out;Blurryface;Twenty One Pilots;2015-05-15;202333;85;734;637;4;-5677;0;141;462;229;602;648;169977;4
Drops Of Jupiter (Tell Me);Drops Of Jupiter;Train;2001-03-27;259933;78;481;638;0;-5862;1;276;153;0;154;497;79064;4
Behind Blue Eyes;Results May Vary;Limp Bizkit;2003-01-01;269973;75;595;489;7;-666;1;271;497;0;119;902;120315;4
Killer/Papa Was A Rollin' Stone;Ladies & Gentlemen;George Michael;1998-11-09;255373;53;714;976;10;-7349;0;548;284;695;756;577;12189;4
I'll Take Care Of You;Don't Explain;Beth Hart, Joe Bonamassa;2011-09-27;313093;50;236;492;10;-7492;0;393;212;262;109;464;171402;3
Orinoco Flow (Sail Away);Themes From Calmi Cuori Appassionati;Enya;2001;266226;58;685;46;0;-11223;1;283;797;257;101;566;114995;4
Hometown Glory;19;Adele;2008-01-27;271226;63;436;336;10;-8517;0;37;962;34;102;21;122456;4
Cowboy Like Me;evermore;Taylor Swift;2020-12-11;275040;69;604;517;0;-9014;1;347;768;155;123;511;127967;4
Mr. Bojangles;Swing When You're Winning;Robbie Williams;2001-11-19;197800;56;512;325;2;-10549;0;108;719;216;184;27;137118;3
All I Want Is You;Rattle And Hum;U2;1988-10-10;389933;60;239;442;1;-11494;1;308;106;411;738;4;185723;4
At Last;At Last!;Etta James;1960;179693;76;274;348;5;-8631;1;293;547;133;334;328;8743;3
Down Down;On The Level;Status Quo;1975-02-01;324960;49;47;899;4;-7127;1;333;113;689;287;213;89506;4
Hou Vol Hou Vast;Alles Blijft Anders;BLØF;2011-02-25;294520;42;383;612;4;-5492;1;267;105;0;787;233;172197;4
Our House (by Madness);The Rise & Fall;Madness;1982-10-08;203173;65;594;712;0;-6057;1;39;833;874;548;806;120881;4
Voodoo Child (Slight Return);Electric Ladyland;Jimi Hendrix;1968-10-25;313373;66;214;91;8;-6662;1;389;477;833;517;448;175549;4
Photograph;x (Deluxe Edition);Ed Sheeran;2014-06-21;258986;84;614;379;4;-1048;1;476;607;464;986;201;107989;4
Woman In Love;Guilty;Barbra Streisand;1980-09-23;231840;68;469;278;3;-16311;0;28;248;126;133;331;169735;4
Listen To Your Heart;Look Sharp! (Extended Version);Roxette;1988-10-21;328093;73;539;583;1;-4935;0;275;108;0;111;337;86063;4
California Love;Greatest Hits;2Pac,Roger,Dr. Dre;1998-01-01;284906;80;763;85;7;-3052;1;417;304;121;371;761;91519;4
You're The Voice;Whispering Jack;John Farnham;1986;300733;64;502;66;10;-11852;1;394;393;138;608;722;85209;4
Fluorescent Adolescent;Favourite Worst Nightmare;Arctic Monkeys;2007-04-22;183893;78;654;828;1;-5377;0;281;146;144;122;79;112056;4
Band On The Run;All The Best;Paul McCartney,Wings;1987-11-02;309333;53;468;444;0;-13822;1;335;552;331;285;668;125564;4
No Mercy;Liverpool Rain;Racoon;2011-05-06;167133;55;766;577;10;-6019;0;252;101;0;101;598;104018;4
Blijven Slapen;Blijven Slapen;Snelle,Maan;2021-02-26;170991;57;751;549;5;-7798;0;106;221;0;112;735;10601;4
Hymn For The Weekend;A Head Full of Dreams;Coldplay;2015-12-04;258266;82;491;693;0;-6487;0;377;211;692;325;412;90027;4
Brown Sugar;Hot Rocks (1964-1971);The Rolling Stones;1971-12-20;229173;49;64;874;0;-5772;1;317;164;141;775;965;128395;4
Adore You;Fine Line;Harry Styles;2019-12-13;207133;82;676;771;8;-3675;1;483;237;7;102;569;99048;4
I Want It That Way;Millennium;Backstreet Boys;1999-05-18;213306;81;689;694;6;-583;0;27;257;0;148;482;99039;4
Guilty;Guilty;Barbra Streisand,Barry Gibb;1980-09-23;264333;62;626;425;0;-15656;1;356;231;0;114;952;150875;4
Close To Me;The Head On The Door (Remastered);The Cure;1985-08-26;203266;71;724;523;11;-11139;1;116;745;703;811;965;185075;4
Tranen Gelachen;Het Beste Van Guus Meeuwis;Guus Meeuwis;2010-01-01;205653;38;297;539;2;-8116;1;341;145;628;131;521;185939;3
1979;(Rotten Apples) The Smashing Pumpkins Greatest Hits;The Smashing Pumpkins;2001-01-01;263573;56;768;782;3;-10231;1;33;21;683;802;964;127042;4
Munich;The Back Room;Editors;2005-01-01;226426;58;173;872;7;-439;0;533;52;353;324;39;149361;4
Walk On The Wild Side;Transformer;Lou Reed;1972-12-01;254173;72;575;318;0;-16729;1;109;683;202;934;385;104522;4
Lust For Life;Lust For Life;Iggy Pop;1977-08-29;313925;63;383;97;9;-5638;1;435;276;0;942;62;101603;4
De Diepte;De Diepte;S10;2022-03-03;176603;54;502;397;2;-8819;0;282;378;344;143;159;90043;4
L'Amour Toujours;L'Amour Toujours;Gigi D'Agostino;2001-05-23;242053;74;638;877;7;-4449;1;302;771;221;364;743;139052;4
What I've Done;Minutes to Midnight;Linkin Park;2007-05-14;205226;81;623;93;5;-5285;1;324;141;164;138;287;120119;4
Tragedy;Spirits Having Flown;Bee Gees;1979-02-05;303333;66;665;532;2;-10793;1;277;889;109;296;81;117955;4
Fat Bottomed Girls;Greatest Hits (Remastered);Queen;1981-10-26;202440;49;421;671;2;-7666;1;482;581;0;361;557;88176;4
Time Is Running Out;Absolution XX Anniversary;Muse;2023-11-17;236535;51;544;892;9;-3212;0;591;644;266;832;317;118005;4
I Still Cry;Here I Am (1998-2003);Ilse DeLange;2003-01-10;273906;37;514;348;1;-8886;1;276;315;15;125;155;97863;4
Absolute Beginners;Absolute Beginners;David Bowie;1986;337666;53;563;77;2;-8672;1;388;712;125;205;43;114229;4
Do I Ever;Control;Kensington;2016-10-28;204106;48;388;79;1;-5901;1;489;387;33;403;342;162982;4
Il Volo;Spirito DiVino;Zucchero;1995-01-01;330800;51;451;356;11;-13775;1;289;289;623;59;141;75006;4
People Are Strange;Strange Days;The Doors;1967-09-25;130173;75;699;467;4;-8578;0;375;685;0;315;764;119287;4
Fly Me To The Moon;A Man And His Music;Frank Sinatra;1965-12;148866;56;623;274;5;-14929;1;7;343;316;404;427;118052;4
Rood;#1;Marco Borsato;2011-11-25;319186;43;484;781;5;-8008;1;475;644;124;754;18;137977;4
Hurt (by Christina Aguilera);Back To Basics;Christina Aguilera;2006-08-14;243373;64;327;295;4;-6907;0;313;775;0;107;143;148574;4
Mooie Dag;Blauwe Ruis;BLØF;2002-01-01;278600;39;5;582;0;-10592;1;318;109;311;144;297;84985;4
Man On The Moon;Automatic For The People;R.E.M.;1992-10-05;314173;67;667;699;7;-7574;1;26;42;442;201;655;118567;4
You Do Something To Me;Stanley Road;Paul Weller;1995-01-01;218560;55;444;339;4;-13156;0;273;477;664;112;297;72637;4
Waiting On A Sunny Day;The Rising;Bruce Springsteen;2002-07-30;256133;57;584;82;0;-5228;1;271;116;404;991;869;106055;4
Girl;Hotel New York;Anouk;2004-10-25;210733;50;672;803;4;-4693;1;285;753;0;597;794;136007;4
Kristallnach;Vun Drinne Noh Drusse;BAP;1982-01-01;299000;41;346;572;9;-13598;1;118;487;0;575;439;159476;4
Glory Box;Dummy;Portishead;1994-01-01;308626;72;51;434;1;-10004;1;361;177;516;603;207;119695;4
Harvest Moon;Eat, Pray, Love;Neil Young;2010-01-01;299106;66;645;321;2;-1215;1;263;521;186;129;427;112938;4
My Silver Lining;Stay Gold;First Aid Kit;2014-06-03;215493;60;479;725;2;-4671;1;335;26;129;209;43;101938;4
Way Down We Go;A/B;KALEO;2016-06-10;213706;83;489;505;10;-8022;0;117;579;333;104;337;163255;4
Storm And Thunder;Song Of The Marching Children;Earth & Fire;1971-01-01;385626;34;268;289;0;-12871;0;366;497;181;146;573;133246;4
Ashes To Ashes;Montreal 1983;David Bowie;1983;222453;26;538;818;10;-10215;0;438;722;114;344;761;133883;4
Black Or White;Dangerous;Michael Jackson;1991-11-13;254933;68;518;901;9;-3749;1;93;174;314;712;873;115026;4
Chasing Pavements;19;Adele;2008-01-27;210506;74;616;47;5;-6092;0;253;291;0;111;325;8003;4
So Lonely;Outlandos D'Amour (Remastered 2003);The Police;1978-11-02;289586;67;541;571;7;-8308;1;16;123;155;933;73;77335;4
Like A Rolling Stone;Highway 61 Revisited;Bob Dylan;1965-08-30;369600;68;482;721;0;-6839;1;321;731;0;189;557;95263;4
Barracuda;Little Queen;Heart;1977-05-14;261933;74;548;691;4;-13553;0;369;15;106;144;667;137145;4
I Will Always Love You (by Dolly Parton);Jolene;Dolly Parton;1974-02-04;176093;60;446;142;9;-13498;1;335;96;114;101;156;135724;4
Give It Away;Blood Sugar Sex Magik (Deluxe Edition);Red Hot Chili Peppers;1991-09-24;282906;75;666;936;7;-9919;1;476;244;86;153;776;91577;4
You Oughta Know;The Collection (Standard Edition);Alanis Morissette;2005-11-11;249760;52;641;861;4;-69;1;697;228;0;868;473;105316;4
Nergens Goed Voor;Niemand In De Stad;De Dijk;1989-01-01;262093;43;774;586;2;-12247;1;323;115;255;272;713;102258;4
Two Out Of Three Ain't Bad;Bat Out Of Hell;Meat Loaf;1977-10-21;324440;59;586;48;9;-9138;1;243;385;0;947;488;79873;4
Don't Speak;Tragic Kingdom;No Doubt;1995-10-10;263560;77;52;709;5;-7125;0;352;247;178;18;536;76039;4
Better Man;Vitalogy;Pearl Jam;1994-11-22;268586;66;445;671;2;-7937;1;387;165;156;791;267;125712;4
Little Wing;Axis: Bold As Love;Jimi Hendrix;1967-12-01;145746;71;515;534;6;-8045;1;768;181;278;547;426;70776;4
'n Beetje Verliefd;Hazes Zingt Hazes;Andre Hazes;2013-01-01;250146;27;309;57;0;-8708;1;332;417;0;194;22;196169;3
Dani California;Stadium Arcadium;Red Hot Chili Peppers;2006-05-09;282160;79;556;913;0;-236;1;437;193;859;346;73;96184;4
Children;2gether 90 (Années 90);Robert Miles;2014-12-01;246706;50;604;768;0;-9066;1;331;288;716;789;432;137056;4
Waiting On A Friend;The Rolling Stones Singles Box Set (1971-2006) [Sampler];The Rolling Stones;2011-01-01;276853;30;611;691;0;-8592;1;278;222;553;108;884;116897;4
Ich Bin Wie Du;Ich bin wie du;Marianne Rosenberg;2003-01-13;218186;45;481;775;0;-8057;1;802;879;252;724;591;12902;4
Can't Hold Us;The Heist;Macklemore & Ryan Lewis,Macklemore,Ryan Lewis,Ray Dalton;2012-10-09;258342;79;641;922;2;-4457;1;786;291;0;862;847;146078;4
Homecoming;Graduation;Kanye West,Chris Martin;2007-09-11;203493;82;667;747;1;-7059;1;189;337;0;115;918;86917;4
Raspberry Beret;Around the World in a Day;Prince;1985-04-22;215173;66;761;67;2;-12759;1;438;21;426;685;91;120752;4
You've Got A Friend (by Carole King);Tapestry;Carole King;1971;308973;63;473;263;8;-10684;1;336;88;441;123;461;169094;4
Ode To My Family;No Need To Argue (The Complete Sessions 1994-1995);The Cranberries;1994-10-03;271533;71;365;443;7;-1011;1;235;472;144;344;149;93953;4
Bigmouth Strikes Again;Indie Rock Anthems;The Smiths;2020-03-27;193320;27;401;901;1;-5011;0;41;704;0;538;839;134799;4
Gimme All Your Lovin';Eliminator;ZZ Top;1983-03-23;241080;69;63;788;5;-67;1;298;322;237;883;63;120059;4
Words;Horizontal (Deluxe Version);Bee Gees;1968-02-01;198453;60;259;289;2;-10491;1;285;14;0;162;246;80326;4
Ain't Got No, I Got Life;Feeling Good: Her Greatest Hits And Remixes;Nina Simone;2022-02-11;140631;43;551;722;7;-3225;1;311;55;0;101;678;113979;4
Fake Plastic Trees;The Bends;Radiohead;1995-03-13;290706;72;463;229;2;-12592;1;297;167;997;202;135;73543;4
Sgt. Pepper's Lonely Hearts Club Band;Yellow Submarine Songtrack;The Beatles;2014-01-01;121360;38;33;85;7;-5788;1;374;126;151;834;602;189782;4
I Heard It Through The Grapevine (by Creedence Clearwater Revival);Chronicle: 20 Greatest Hits;Creedence Clearwater Revival;1976-01-01;664333;51;633;731;0;-10173;1;428;698;28;997;868;118674;4
Spirit Of Radio;Permanent Waves;Rush;1980-01-01;296466;63;365;924;4;-7066;1;488;144;254;423;632;135811;4
Euphoria;Heal;Loreen;2012-10-19;214133;66;518;679;11;-5406;0;355;79;485;588;106;132146;4
Drivers License;SOUR;Olivia Rodrigo;2021-05-21;242013;85;561;431;10;-881;1;578;768;142;106;137;143875;4
Follow The Sun;Spirit Bird;Xavier Rudd;2012-01-01;256266;70;611;394;0;-10757;1;416;534;468;108;202;123941;4
Where Is The Love;Elephunk;Black Eyed Peas;2003-06-24;272533;80;834;699;5;-3222;1;178;111;0;131;809;94086;4
Lippy Kids;build a rocket boys! (dutch festival edition);Elbow;2011-01-01;366200;34;421;2;7;-14919;1;326;964;162;802;94;155041;3
It's A Beautiful Day;Made In Heaven (2011 Remaster);Queen;1995-11-06;154066;40;121;13;7;-13406;1;374;673;673;844;362;48223;4
Club Tropicana;Fantastic;Wham!;1983-07-09;265600;63;658;714;11;-9247;1;519;294;57;651;806;117283;4
True Colors;True Colors;Cyndi Lauper;1986-10-14;227600;71;397;207;0;-13155;1;331;701;307;116;268;171282;4
Baby Can I Hold You;Tracy Chapman;Tracy Chapman;1988-04-05;193120;74;692;422;2;-10533;1;333;811;0;848;468;74375;4
Sing For The Moment;The Eminem Show;Eminem;2002-05-26;339546;77;668;824;5;-4164;0;137;17;305;426;185;163961;4
Stand By Me;Don't Play That Song (Mono);Ben E. King;1962-08-20;180055;77;65;306;9;-9443;1;393;57;707;707;605;118068;4
Midnight Train To Georgia;Imagination (Expanded Edition);Gladys Knight & The Pips;1973;279333;69;595;379;10;-12058;0;454;271;281;1;448;92006;4
I Follow Rivers;Faders up 2 - Live in Amsterdam;Triggerfinger;2012-05-18;213551;48;674;407;7;-9039;0;556;149;151;261;683;109997;4
Why'd You Only Call Me When You're High?;AM;Arctic Monkeys;2013-09-09;161123;87;691;631;2;-6478;1;368;483;113;104;8;92004;4
Automatisch;Automatisch;FLEMMING;2022-04-29;165768;53;804;634;11;-5636;0;588;32;156;192;852;122096;4
Liverpool Rain;Liverpool Rain;Racoon;2011-05-06;267626;43;464;498;3;-7364;1;305;25;365;106;206;183094;3
One Of These Days;Meddle (2011 Remastered Version);Pink Floyd;1971-11-05;355400;50;371;467;4;-17199;1;465;421;855;487;394;103685;4
You'll Never Walk Alone (by Lee Towers);One Hour Of Golden Songs;Lee Towers;1984;210240;37;351;268;10;-16205;1;307;611;956;255;143;7839;4
It's A Long Way There;Black Tie;Little River Band;2020-05-15;399706;22;341;93;2;-5137;0;121;883;43;979;496;189915;4
Goodbye Stranger;The Very Best Of Supertramp;Supertramp;1990-01-01;348493;49;422;6;1;-9739;1;471;617;207;883;334;12517;4
Trouble;Parachutes;Coldplay;2000-07-10;273426;72;565;546;11;-7496;0;314;189;15;17;195;139757;4
If You Leave Me Now;Chicago X;Chicago;1976-06-14;235373;76;434;563;11;-6784;1;268;197;824;128;275;104183;4
Higher Power;Music Of The Spheres;Coldplay;2021-10-15;206681;66;507;832;10;-5931;1;425;643;16;229;485;177894;4
Bedshaped;Hopes And Fears;Keane;2004-05-10;278000;56;501;407;4;-6947;1;301;633;198;918;922;74937;4
Don't Go Breaking My Heart;Rock Of The Westies;Elton John,Kiki Dee;1975-10-24;275440;78;729;844;5;-8824;1;344;149;287;604;777;131459;4
Een Teken;Een Teken;Froukje;2021-11-11;132881;49;684;433;8;-8352;1;317;757;0;155;25;137192;4
Angel Eyes;Voulez-Vous;ABBA;1979;260893;70;719;922;11;-6091;1;338;523;163;867;964;133113;4
Pa;Doe Maar - De Singles (Het Complete Singles Overzicht);Doe Maar;2008-07-01;219392;41;934;585;4;-12253;0;528;427;144;11;964;128865;4
Natural;Origins (Deluxe);Imagine Dragons;2018-11-09;189466;80;704;611;2;-6112;1;409;217;0;812;22;100;4
Best Song Ever;Midnight Memories (Deluxe);One Direction;2013-11-25;200106;75;652;877;1;-2986;1;465;227;0;789;486;118491;4
Luv U More;Super Dance Hits From The Nineties;Paul Elstak;2018-04-27;230920;44;499;935;9;-6667;1;352;396;845;128;109;167847;4
Bird Of Paradise;Bird of Paradise - An Anthology;Snowy White;2003-08-18;281466;52;474;443;1;-11422;1;365;6;607;316;313;143644;4
If You Tolerate This Your Children Will Be Next;This Is My Truth Tell Me Yours;Manic Street Preachers;1998-09-14;290960;57;267;81;0;-6189;1;418;19;18;84;267;127673;5
Suzanne (by Herman van Veen);20 Jaar Herman Van Veen - In Vogelvlucht;Herman van Veen;1987-10-01;239226;40;628;163;9;-21221;1;337;928;123;115;176;12905;4
De Zon Op;De Zon Op;Diggy Dex;2018-07-20;208959;41;74;572;6;-8374;0;419;507;11;995;567;100042;4
Everybody's Changing;Hopes And Fears;Keane;2004-05-10;215880;73;517;839;0;-3521;1;287;14;365;108;416;94015;4
I Knew You Were Waiting (For Me);ARETHA;Aretha Franklin,George Michael;2021-07-30;240120;62;705;842;9;-6171;1;503;231;0;382;712;107931;4
..In Paris;Watch The Throne;JAY-Z,Kanye West;2011-08-08;219333;82;789;858;1;-5542;1;311;127;0;349;775;140022;4
Why Worry;Brothers In Arms - 20th Anniversary Edition;Dire Straits;1985-05-13;503173;52;608;213;4;-16502;1;291;925;243;113;111;93689;4
Hee Joh Jip;Hee Joh Jip;Racoon;2021-03-18;180025;45;391;402;1;-5886;1;315;715;607;107;404;86291;3
Sharp Dressed Man;ZZ Top's Greatest Hits;ZZ Top;1992-04-13;251946;51;653;766;0;-8078;1;261;464;206;103;396;125113;4
Suzie Q;Creedence Clearwater Revival (Expanded Edition);Creedence Clearwater Revival;1968-07-05;517159;53;435;618;4;-11391;0;324;601;282;167;695;129911;4
In A Lifetime;Lore (Bonus Tracks Edition);Clannad,Bono;1996-03-25;187933;47;473;365;9;-15084;0;316;692;211;624;323;133562;4
September Morn;September Morn;Neil Diamond;1979-12-22;232000;56;419;23;10;-17102;1;359;628;585;222;199;128892;4
Love And Hate;Love & Hate;Michael Kiwanuka;2016-07-15;427093;63;278;494;7;-7853;0;29;157;407;173;527;169661;4
Have A Little Faith In Me;Bring The Family;John Hiatt;1987-01-01;241533;56;45;328;0;-14114;1;297;774;0;117;3;156665;4
House For Sale;As We Are;Lucifer;1975-01-01;280772;38;376;494;7;-9007;0;292;219;0;397;203;127659;4
How You Gonna See Me Now;From the Inside;Alice Cooper;1978;235973;44;544;336;5;-14413;1;38;458;348;133;298;136516;4
Whatever It Takes;Evolve;Imagine Dragons;2017-06-23;201240;81;672;655;10;-5021;0;311;362;0;117;556;134945;4
Pak Maar Mijn Hand;Vandaag;Nick & Simon;2007-11-29;211853;52;319;574;8;-5368;1;31;38;0;111;382;166829;4
Yesterday When I Was Young;Greatest Golden Hits;Charles Aznavour;1996;214800;46;325;509;11;-8762;0;645;401;13;366;294;68438;3
Non Non Rien n'a Changé;Les Annees Barclay;Les Poppys;1998;189666;51;503;482;7;-7685;1;879;481;0;204;466;83796;4
'39;A Night At The Opera (Deluxe Edition 2011 Remaster);Queen;1975-11-21;210800;55;524;571;8;-9686;1;273;271;0;111;373;101626;4
Traffic;60 Best Trance Hits Ever;Tiësto;2011-09-09;175680;34;693;646;8;-9376;0;916;259;882;576;855;137828;4
Money Money Money;ABBA Gold;ABBA;2008-01-01;186786;63;756;741;9;-6426;0;364;43;113;807;691;120445;4
Send Me An Angel;Crazy World;Scorpions;1990-01-01;273333;70;153;417;1;-11587;1;318;434;622;211;166;8087;3
Going To A Town;Release The Stars;Rufus Wainwright;2007-01-01;244760;48;561;454;5;-6886;0;343;713;296;967;2;124037;4
Hoe Het Danst;Hoe Het Danst;Marco Borsato,Armin van Buuren,Davina Michelle;2019-06-28;252923;54;686;86;4;-3358;1;517;597;0;19;417;130027;4
Tequila Sunrise;Take It To The Summit (Houston, TX 16th Nov '76);Eagles;1976;206184;25;628;494;7;-10854;1;276;767;425;506;738;115415;4
Carry On Wayward Son;Leftoverture (Expanded Edition);Kansas;1976;323000;74;482;786;7;-5735;1;32;321;888;446;793;126755;4
Daar Gaat Ze;Hoezo?;Clouseau;1989-01-01;229466;51;634;333;5;-14952;1;335;827;0;133;637;87024;4
Music For A Sushi Restaurant;Harry's House;Harry Styles;2022-05-20;193813;74;72;715;11;-4652;1;4;258;568;107;357;107041;4
My Universe;Music Of The Spheres;Coldplay,BTS;2021-10-15;226198;77;573;711;1;-6268;0;406;114;0;328;47;105006;4
Avalon;Avalon;Roxy Music;1982-05-01;256840;63;759;563;0;-8643;1;338;699;619;144;86;13667;4
Proud Mary (by Creedence Clearwater Revival);Bayou Country (Expanded Edition);Creedence Clearwater Revival;1969-01-05;187213;74;699;641;2;-7564;1;289;13;218;601;728;120745;4
Beds Are Burning;Diesel And Dust;Midnight Oil;1987-10-02;255680;71;753;427;0;-11112;1;387;787;65;58;295;11918;4
I Knew You Were Trouble;Red (Deluxe Edition);Taylor Swift;2012-10-22;219720;60;622;469;3;-6798;0;363;454;225;335;679;77019;4
Amerika;Reise, Reise;Rammstein;2004-09-27;226760;68;608;885;2;-4296;0;963;258;133;392;518;125023;4
Question;A Question Of Balance;The Moody Blues;1970-08-07;344226;47;222;659;0;-9942;1;487;169;209;471;322;75634;4
Keep On Loving You;Hi Infidelity (30th Anniversary Edition);REO Speedwagon;1980;200293;73;306;722;0;-5963;1;34;519;0;117;41;174732;4
Uninvited;The Collection (Standard Edition);Alanis Morissette;2005-11-11;276200;59;38;538;2;-5493;1;313;223;487;94;193;127416;4
London Calling;London Calling (Expanded Edition);The Clash;1979;199733;55;654;799;0;-692;1;501;706;0;844;755;133731;4
I Would Die 4 U;Purple Rain;Prince;1984-06-25;178986;58;731;75;2;-10457;1;321;862;388;202;639;135406;4
Eternal Flame;The Essential Bangles;The Bangles;2004;238026;67;526;358;4;-7239;0;243;525;0;942;399;78989;3
Tears Dry On Their Own;Back To Black;Amy Winehouse;2006-10-27;185186;61;643;871;1;-2734;0;118;491;0;29;452;121569;4
Homeward Bound;Parsley, Sage, Rosemary And Thyme;Simon & Garfunkel;1966-10-10;149613;66;485;378;3;-11773;1;337;831;0;103;528;92928;4
Frozen;Ray of Light;Madonna;1998-03-03;367333;62;602;616;1;-10917;1;353;662;153;149;31;108017;4
Scarborough Fair;Parsley, Sage, Rosemary And Thyme;Simon & Garfunkel;1966-10-10;190346;60;336;248;2;-15626;1;324;65;0;113;298;128548;3
Het Land Van Maas En Waal;Het Beste Van Boudewijn De Groot;Boudewijn de Groot;1990-01-01;178533;37;66;567;2;-10951;1;536;669;117;177;962;126071;4
Ik Wou Dat Ik Jou Was;Half Zo Echt;Veldhuis & Kemper;2003-01-01;236920;54;362;611;7;-6168;1;367;536;0;112;491;159875;4
Born This Way;Born This Way (International Special Edition Version);Lady Gaga;2011-05-23;260252;73;587;828;11;-5108;1;161;327;0;331;494;123907;4
Top Of The World;A Song For You;Carpenters;1972;179173;67;379;343;10;-12993;1;385;806;0;991;694;184301;4
Life's What You Make It;Natural History - The Very Best of Talk Talk;Talk Talk;1990-05-21;220200;42;532;801;1;-685;1;332;357;25;985;951;91948;4
Help!;Love;The Beatles;2006-11-17;138285;52;552;734;6;-7126;0;291;221;0;116;846;94887;4
Running To Stand Still;The Joshua Tree (Super Deluxe);U2;1987-03-03;257365;54;537;199;2;-18726;1;287;861;259;334;229;94634;4
Massachusetts;Horizontal;Bee Gees;1968-01-01;147533;61;215;459;7;-13406;1;544;861;934;619;443;50732;4
Hedonism (Just Because You Feel Good);Stoosh;Skunk Anansie;1996-04-01;207360;59;563;536;10;-9488;1;286;874;105;164;312;81094;4
Night Boat To Cairo;Complete Madness;Madness;1982-04-23;213840;27;311;974;5;-4974;1;423;107;145;841;635;156176;4
Fool To Cry;Black And Blue;The Rolling Stones;1976-04-23;303893;30;464;338;5;-117;1;437;939;16;111;296;70131;4
Hilversum 3;Nu En Dan - 30 Jaar Herman Van Veen;Herman van Veen;1998-01-01;232693;34;691;224;5;-15;1;586;917;35;11;468;9074;4
Calm After The Storm;The Common Linnets;The Common Linnets;2014-05-12;212693;52;694;391;6;-11089;1;303;488;273;123;382;116046;4
Texas Sun;Texas Sun;Khruangbin,Leon Bridges;2020-02-07;252811;73;636;634;7;-1001;1;342;364;147;998;599;111563;4
Bad Habits;=;Ed Sheeran;2021-10-29;230746;81;807;893;11;-3745;0;347;451;279;366;537;126011;4
Mushanga;The Seventh One;TOTO;1988-03-01;335066;41;719;313;5;-19185;0;364;861;253;903;505;121913;4
Comptine D'un Autre Éte, L'apres Midi (Amelie);Le Fabuleux destin d'Amélie Poulain (Bande originale du film);Yann Tiersen;2001-04-23;140733;73;483;192;4;-15378;0;469;991;908;106;542;100848;4
About A Girl;MTV Unplugged In New York;Nirvana;1994-11-01;218000;63;606;769;3;-9215;0;713;14;164;841;593;121042;4
Baggy Trousers;Complete Madness;Madness;1982-04-23;168586;33;632;861;0;-5126;0;349;121;0;364;938;144598;4
Blaosmuziek;Blaos Mich Nao Hoes;Gé Reinders;2005-09-27;231533;31;265;126;8;-13982;1;421;944;933;325;179;60536;3
Find The River;Automatic For The People;R.E.M.;1992-10-05;229733;56;423;442;2;-9499;1;268;22;0;139;296;144556;4
Miracle;Incredible;Ilse DeLange;2008-01-01;270333;43;546;48;11;-7953;1;325;482;526;954;181;130198;4
In-A-Gadda-Da-Vida;Psychedelia: A 50 Year Trip;Iron Butterfly;2016-07-15;173026;27;404;343;2;-18704;0;417;148;175;136;7;119113;4
I'll Be There For You;L.P.;The Rembrandts;1995-05-02;188359;67;32;917;9;-5903;1;771;717;0;169;715;190757;4
Pain;A Deeper Understanding;The War On Drugs;2017-08-25;330760;57;523;833;7;-4374;0;405;387;339;841;482;115975;4
Times Like These;One By One (Expanded Edition);Foo Fighters;2002-10-22;265560;69;376;908;4;-3793;0;879;14;14;241;266;144581;4
Message To My Girl;Absolute Summer Love;Split Enz;2013-01-01;241133;37;614;603;1;-7618;1;278;653;241;522;616;104825;4
Una Mattina;Una Mattina;Ludovico Einaudi;2004-01-01;203800;70;231;297;2;-31544;1;579;991;878;742;7;131413;4
Pinball Wizard;Tommy;The Who;1969-05-23;180943;67;543;715;2;-889;1;356;192;0;256;468;124011;4
Bestel Mar;Boem;Rowwen Hèze;1991-02-12;186800;46;581;852;5;-7377;1;968;749;0;119;907;159517;4
Long As I Can See The Light;Cosmo's Factory (Expanded Edition);Creedence Clearwater Revival;1970-07-25;210866;54;707;407;11;-7045;1;373;35;253;564;532;127252;4
21 Guns;21st Century Breakdown;Green Day;2009-05-15;321093;74;268;742;5;-4939;1;355;518;0;626;416;159779;4
One Word;Hotel New York;Anouk;2004-10-25;242906;46;619;568;6;-8472;1;299;104;187;108;339;92002;4
Pressure Makes Diamonds;Pressure Makes Diamonds;Danny Vera;2019-02-15;209774;43;376;472;1;-754;1;307;417;299;196;491;168666;3
Road To Nowhere;Popular Favorites 1976 - 1992 / Sand in the Vaseline;Talking Heads;1992-10-13;259106;37;661;713;2;-7825;1;296;361;227;153;632;110364;4
Undisclosed Desires;The Resistance;Muse;2009-09-10;235000;66;683;585;8;-676;1;323;819;162;797;641;115997;4
All I Need;Moon Safari;Air,Beth Hirsch;1998-01-16;268306;61;327;425;7;-11577;0;27;878;873;18;165;93946;4
Motorcycle Emptiness;Forever Delayed;Manic Street Preachers;2002-10-28;305706;54;522;801;4;-3641;1;301;82;685;174;197;112445;4
Sky And Sand;Berlin Calling (The Soundtrack by Paul Kalkbrenner);Paul Kalkbrenner,Fritz Kalkbrenner;2013-07-12;230500;67;792;329;10;-12906;0;593;6;857;193;526;12702;4
Pamela;The Seventh One;TOTO;1988-03-01;309533;53;583;414;5;-16409;1;289;13;616;64;532;97542;4
Hold Me (by The Teskey Brothers);Run Home Slow;The Teskey Brothers;2019-08-02;187973;53;615;457;0;-7283;1;507;363;0;923;569;71735;4
Scarlet Ribbons;Colour Us Gold;The Cats;1969-01-01;196640;43;475;422;11;-10091;1;268;921;508;14;466;100694;4
Hunger Strike;Temple Of The Dog;Temple Of The Dog;1990-01-01;246266;65;373;567;7;-10835;1;32;236;347;916;298;137789;4
Feeling Good (by Nina Simone);I Put A Spell On You;Nina Simone;1965-06-01;174000;74;399;326;7;-9239;0;386;864;0;191;546;79206;4
Everybody Needs Somebody To Love;The Blues Brothers Original Motion Picture Soundtrack;The Blues Brothers;1980;203453;60;492;928;5;-4037;1;71;61;259;368;92;194078;4
Can't Stop Loving You;Love Songs (A Compilation Old and New);Phil Collins;2004-09-14;258079;45;416;787;0;-5595;1;361;143;853;986;449;200207;4
As;Ladies And Gentlemen... The Best Of George Michael;George Michael,Mary J. Blige;1998-11-09;282040;60;667;736;8;-8168;0;191;135;0;203;766;93193;4
Breathe (In The Air);The Dark Side Of The Moon (2011 Remastered Version);Pink Floyd;1973-03-01;169560;66;429;343;11;-16637;0;339;265;184;157;313;128455;4
Love Is A Battlefield;The Collection;Pat Benatar;2001-01-01;245400;66;669;633;2;-11903;0;49;137;178;979;862;90626;4
Verdammt Ich Lieb' Dich;Déjà Vu - Das Beste Von Matthias Reim;Matthias Reim;2004-01-01;217680;62;569;86;9;-5008;0;49;217;0;372;469;109957;4
Candy;Brick By Brick;Iggy Pop;1990-06-01;253493;58;624;585;7;-10812;1;3;414;208;467;646;144251;4
Cambodia;The Hits Collection;Kim Wilde;2006-03-13;236213;52;7;569;2;-8441;0;254;139;658;113;714;110764;4
We Don't Need Another Hero;Simply the Best;Tina Turner;1991-01-01;255186;58;69;674;8;-5866;0;471;201;612;114;713;98851;4
Oh Well;Woodstock Rock;Fleetwood Mac;2014-09-22;171653;28;388;837;2;-7491;1;781;69;459;389;549;97974;3
Alles Wat Ademt;Het Beste Van Rob de Nijs;Rob De Nijs;2022-04-08;226426;29;558;437;3;-10768;1;277;533;372;998;481;113321;4
Doin' Time;Norman Fucking Rockwell!;Lana Del Rey;2019-08-30;202192;81;641;559;7;-11132;0;355;404;402;937;523;144982;4
Back Home;Golden Earring;Golden Earring;1970;231773;33;472;837;2;-6358;1;483;628;52;101;739;122984;4
Free Fallin' (by John Mayer);Where the Light Is: John Mayer Live In Los Angeles;John Mayer;2008;263573;71;315;296;5;-13262;1;315;771;0;702;435;173509;4
Run To You;Reckless (30th Anniversary / Deluxe Edition);Bryan Adams;1984-11-05;233270;71;561;811;4;-6157;1;265;515;36;287;635;126593;4
Listen To The Music;Toulouse Street;The Doobie Brothers;1972;227266;75;645;598;1;-1318;0;335;221;353;721;913;105929;4
Wat Zou Je Doen?;Hier - Het Beste Van 20 Jaar BLØF;BLØF;2012-01-01;290733;47;349;51;0;-7592;1;339;397;0;705;22;184405;3
Get Lucky;Get Lucky (Radio Edit) [feat. Pharrell Williams and Nile Rodgers];Daft Punk,Pharrell Williams,Nile Rodgers;2013-04-19;248413;79;794;811;6;-8966;0;38;426;107;101;862;116047;4
When I Was Your Man;Unorthodox Jukebox;Bruno Mars;2012-12-07;213826;87;612;28;0;-8648;1;434;932;0;88;387;72795;4
Move On Up;People Never Give Up;Curtis Mayfield;2020-10-30;165789;61;538;969;11;-5626;0;907;419;144;12;928;138654;4
Calypso;Windsong;John Denver;1975-09;216173;52;219;43;9;-9202;1;309;82;439;124;495;18005;3
The Reflex;Greatest;Duran Duran;1998-11-09;266933;48;556;9;0;-611;1;97;123;0;571;804;126686;4
Michelle;Rubber Soul (Remastered);The Beatles;1965-12-03;162373;67;578;29;5;-12501;0;341;652;0;105;666;117403;4
When Love Comes To Town;Rattle And Hum;U2,B.B. King;1988-10-10;254266;58;65;665;9;-11259;1;372;526;462;13;593;11551;4
Locomotive Breath;Aqualung (Special Edition);Jethro Tull;1971-03-19;266013;58;68;53;11;-13105;0;889;417;11;559;352;124551;4
Night Fever;How Can You Mend A Broken Heart;Bee Gees;2020-12-11;212800;63;726;779;1;-7057;0;251;178;178;104;841;109133;4
Let Love Rule;Let Love Rule;Lenny Kravitz;1989-09-19;342160;47;689;452;0;-12927;1;407;293;26;672;696;152814;4
Bad Romance;The Fame Monster (Deluxe Edition);Lady Gaga;2009-11-05;294573;82;696;921;0;-3755;1;363;314;524;842;714;119001;4
It Must Have Been Love;100 Greatest Love Songs;Roxette;2019-02-22;259000;35;297;702;5;-5138;1;31;489;449;922;735;80599;4
In My Life;Rubber Soul (Remastered);The Beatles;1965-12-03;146333;76;688;435;9;-11359;1;323;449;0;113;435;103239;4
The Wind Cries Mary;Are You Experienced;Jimi Hendrix;1967-05-12;200733;61;499;495;5;-10508;1;501;348;286;2;339;80086;4
Everything Now;Everything Now;Arcade Fire;2017-07-28;303013;60;548;865;0;-5325;1;302;171;449;457;61;116046;4
Me Gustas Tu;Próxima Estación: Esperanza;Manu Chao;2001-06-01;239986;80;657;741;11;-6822;0;825;663;494;222;908;175949;4
You Know I'm No Good;Back To Black;Amy Winehouse;2006-10-27;256946;64;705;806;9;-3607;1;309;132;428;701;734;103383;4
The Unforgiven III;Death Magnetic;Metallica;2008-01-01;466586;59;297;692;4;-5625;0;344;196;375;115;103;12152;4
50 Ways To Leave Your Lover;Still Crazy After All These Years;Paul Simon;1975-10-25;217346;70;815;372;7;-12814;1;752;166;116;767;293;101684;4
Holiday;Holiday;Green Day;2005-03-30;233026;73;538;884;8;-3251;1;31;138;0;466;736;146511;4
Wanted (Dead Or Alive);Slippery When Wet;Bon Jovi;1986-08-16;308666;74;252;802;7;-3976;1;391;13;146;309;253;150056;4
Tous Les Mêmes;racine carrée;Stromae;2013-01-01;210933;71;701;637;5;-9061;0;166;223;219;279;647;109959;4
Madness;The 2nd Law;Muse;2012-09-24;281040;67;502;417;10;-7665;1;718;127;419;106;218;180301;4
The Gambler;The Gambler;Kenny Rogers;1978-11-20;214880;74;671;501;4;-13119;1;594;342;0;194;86;8704;4
We Are Never Ever Getting Back Together;Red (Deluxe Edition);Taylor Swift;2012-10-22;193146;60;628;676;7;-5911;1;916;957;265;121;75;85984;4
Last Train Home;Sob Rock;John Mayer;2021-07-16;187306;63;591;831;4;-6612;1;355;235;142;571;678;93007;4
Pure Morning;Without You I'm Nothing;Placebo;1998-10-12;254760;61;348;898;8;-6835;1;701;367;373;11;2;81268;4
Rosie;Sugar;Claw Boys Claw;2007-01-01;264120;40;591;548;4;-11768;1;257;465;843;112;639;10018;4
Hold On To Let Go;The New Black and White, Pt. I, II, III & IV;Danny Vera;2020-08-28;192949;43;566;272;10;-8712;1;282;761;54;112;213;126668;4
Raise Your Glass;Raise Your Glass;P!nk;2010-10-05;202960;77;7;709;7;-5006;1;838;48;0;29;624;122019;4
Disco Inferno;Disco Inferno;The Trammps;1976;659000;56;799;632;10;-12364;1;332;293;359;103;967;128567;4
Lost Without You;Sweet High;Krezip;2019-10-24;194785;46;743;239;8;-7632;1;384;369;0;159;236;93881;4
Born To Be Wild;Steppenwolf;Steppenwolf;1968;210373;73;438;71;2;-12412;1;919;262;537;221;53;145928;4
Mr. Jones;August And Everything After;Counting Crows;1993-01-01;272293;77;578;817;0;-6542;1;363;183;306;285;726;141621;4
Somebody Will Know Someday;Groeten Uit Grollo;Cuby & The Blizzards;1967-01-01;413093;33;546;239;4;-1398;0;397;176;392;123;327;81848;3
Turning Tables;21;Adele;2011-01-24;250000;67;353;446;0;-6044;0;285;95;135;132;211;155476;4
Somebody Told Me;Hot Fuss;The Killers;2004;197200;79;497;97;10;-4851;0;836;904;674;101;689;138081;4
Driver's Seat;Fickle Heart (Plus Two Bonus Cuts);Sniff 'n' The Tears;1978-01-01;240746;58;754;804;11;-7189;0;368;186;613;207;972;132964;4
Lazarus;Blackstar;David Bowie;2016-01-08;382386;55;659;667;9;-7742;0;291;432;13;863;486;129981;4
All I Ask;25;Adele;2015-11-20;271800;73;591;28;4;-5494;1;283;889;0;124;348;141916;4
Supermarket Flowers;÷ (Deluxe);Ed Sheeran;2017-03-03;221106;74;589;242;6;-10517;1;442;914;0;887;257;89749;4
Let's Go Crazy;Purple Rain;Prince;1984-06-25;280000;63;309;93;11;-6399;1;125;192;22;106;376;195815;4
Since I've Been Loving You;Led Zeppelin III (Remaster);Led Zeppelin;1970;444148;61;393;364;5;-10945;0;345;21;703;121;308;118566;3
Love Me Tender;Elvis 30 #1 Hits;Elvis Presley;2002-09-24;162066;56;439;529;9;-16253;1;39;881;0;106;314;109382;3
Afscheid Nemen Bestaat Niet;Marco Borsato 2003 - 2006;Marco Borsato;2006-01-01;240173;43;403;404;0;-884;1;3;3;0;889;219;127571;4
Best Of You;In Your Honor;Foo Fighters;2005-06-14;255626;76;366;94;1;-5119;0;696;769;942;188;369;130198;4
Lovely Day;Menagerie;Bill Withers;1977-10-29;254560;77;692;651;9;-8267;1;324;292;241;105;706;97923;4
Amsterdam (by FLEMMING);Amsterdam;FLEMMING;2021-09-24;172235;53;648;637;10;-8531;0;584;287;0;263;736;170124;4
Farewell To The Fairground;To Lose My Life ...;White Lies;2009-01-01;257105;22;525;753;9;-5403;1;371;766;774;128;296;117992;4
Honky Tonk Women;Honky Tonk Women / You Can't Always Get What You Want;The Rolling Stones;2019-11-29;182706;56;56;721;7;-6669;1;629;225;339;453;966;119285;4
Crazy On You;Dreamboat Annie;Heart;1975;293440;69;427;459;9;-12442;0;332;116;103;132;383;129878;4
Little Green Bag;Little Green Bag;George Baker Selection;1969-01-01;267240;38;685;847;7;-506;1;369;488;826;126;838;102487;4
Like Toy Soldiers;Encore (Deluxe Version);Eminem;2004-11-12;296880;68;52;768;8;-3489;0;359;193;34;104;398;79178;4
The Eve Of The War;TOP 40 HITDOSSIER - Alarmschijven;Jeff Wayne,Justin Hayward;2022-12-02;270082;20;425;607;2;-979;0;63;382;114;108;336;127281;4
Johnny B. Goode;Berry Is On Top;Chuck Berry;1959-07-01;161560;75;534;803;10;-9129;1;743;741;607;307;969;167983;4
Resistance;The Resistance;Muse;2009-09-10;346693;61;467;774;9;-6569;0;485;616;289;108;916;135006;4
Can't Stop The Feeling!;CAN'T STOP THE FEELING! (from DreamWorks Animation's TROLLS);Justin Timberlake;2016-05-06;236001;76;666;83;0;-5715;1;751;123;0;191;702;11303;4
Roadhouse Blues;Morrison Hotel;The Doors;1970-02-09;243826;70;623;633;9;-8212;1;304;336;46;147;895;121119;4
All The Small Things;Enema Of The State;blink-182;1999-06-01;167066;81;434;897;0;-4918;1;488;103;0;612;684;148726;4
Dear Mama;Me Against The World;2Pac;1995-03-14;280000;70;773;54;6;-7123;1;103;371;0;131;322;84115;4
Too Much Love Will Kill You;Back To The Light (Deluxe);Brian May;2021-08-06;268576;36;294;289;7;-7982;1;316;85;0;11;196;75797;4
Kwijt;Kwijt;Suzan & Freek;2022-09-01;195576;51;757;495;1;-9402;1;361;131;46;101;441;104032;4
Simple Man;Pronounced' Leh-'Nerd 'Skin-'Nerd;Lynyrd Skynyrd;1973-01-01;356626;73;422;752;6;-8682;1;449;366;119;129;403;120471;4
Jumpin' Jack Flash;Jumpin' Jack Flash / Child Of The Moon;The Rolling Stones;2021-05-28;222933;56;595;885;3;-7688;1;518;744;534;844;643;137243;4
Free Fallin' (by Tom Petty);Full Moon Fever;Tom Petty;1989-01-01;256000;78;623;449;5;-13333;1;253;212;0;613;572;84383;4
Broken Wings;Welcome To The Real World;Mr. Mister;1985-11-27;343933;70;286;5;1;-14281;0;357;134;457;108;443;99162;4
I Wish It Would Rain Down;...But Seriously (Deluxe Edition);Phil Collins;1989-11-20;327746;64;51;667;8;-4715;1;294;292;683;313;356;125887;4
L.A. Song;Screamin' for My Supper;Beth Hart;1999-07-12;216760;38;765;624;7;-757;1;365;997;482;935;51;130026;4
So Far Away;Sultans Of Swing - The Very Best Of Dire Straits;Dire Straits;1998-01-01;240000;62;718;513;4;-9664;1;277;247;169;696;618;114324;4
Golden Years;Montreal 1983;David Bowie;1983;205426;27;448;937;6;-9214;0;687;31;161;968;569;113534;4
All I Want;In A Perfect World (Expanded Edition);Kodaline;2013-06-17;305746;80;188;411;0;-9733;1;484;174;153;843;159;187376;3
Scenes From An Italian Restaurant;The Stranger (Legacy Edition);Billy Joel;1977;456893;58;415;931;5;-4988;1;126;407;501;114;339;97953;4
Rockin' All Over The World;Rockin' All Over The World;Status Quo;1977-11-11;215333;60;632;933;0;-7874;1;326;236;151;604;968;131487;4
Memory;Memories;Barbra Streisand;1981;235160;54;185;24;10;-14889;1;399;415;7;105;11;79471;4
Nur Geträumt;Nena;Nena;1983-09-23;222613;57;542;81;7;-796;1;304;763;426;683;92;177052;4
Bicycle Race;Jazz (2011 Remaster);Queen;1978-11-10;180813;60;463;671;3;-6438;1;683;626;0;947;633;8428;4
Lessons In Love;Running In The Family;Level 42;1987;246013;66;709;839;7;-8403;1;367;159;209;301;864;113186;4
Glycerine;Loaded: The Greatest Hits 1994-2023;Bush;2023-11-10;265773;29;258;326;5;-11954;1;342;378;999;102;833;113236;4
Ruby Tuesday;Between The Buttons;The Rolling Stones;1967-01-20;196493;63;524;553;0;-10767;1;292;831;0;174;517;104578;4
Make It Wit Chu;Era Vulgaris;Queens of the Stone Age;2007-01-01;290493;63;708;828;9;-5286;1;286;413;104;12;505;91977;4
Lady Writer;Communiqué;Dire Straits;1979-06-15;224666;70;633;809;1;-8595;0;282;103;611;726;964;147916;4
(You're) The Devil In Disguise;Elvis 30 #1 Hits;Elvis Presley;2002-09-24;140426;63;481;733;5;-7633;1;165;575;118;108;874;122909;4
Use Somebody;Only By The Night;Kings of Leon;2008-09-23;230760;77;276;715;0;-5356;1;432;552;417;201;173;137028;4
All You Need Is Love;Yellow Submarine Songtrack;The Beatles;2014-01-01;226666;50;364;483;7;-822;1;317;281;153;113;7;102967;4
Peter Gunn Theme;A Time and a Place;Emerson, Lake & Palmer;2013-04-05;216626;32;436;824;11;-6956;0;34;113;15;895;699;130665;4
Save A Prayer;The Singles 81-85;Duran Duran;2003;329146;47;579;758;7;-6697;1;288;348;333;335;652;11336;4
Just Say Yes;Up To Now;Snow Patrol;2009-01-01;281346;58;54;887;9;-5518;1;324;187;319;275;255;10802;4
Ik Bun Moar Een Eenvoudige Boerenlul;Ajuu, De Mazzel!;Normaal;2016-06-24;219280;26;236;99;9;-4713;1;16;345;116;912;457;175582;4
Hall Of Fame;#3 Deluxe Version;The Script,will.i.am;2012-09-10;202533;81;421;873;10;-4343;1;564;654;0;123;629;84786;4
De Bestemming;De Bestemming;Marco Borsato;1998-01-01;265933;44;272;5;7;-9093;1;325;28;351;104;126;109138;4
Alles Is Liefde;Hier - Het Beste Van 20 Jaar BLØF;BLØF;2012-01-01;209840;43;512;751;2;-5784;1;463;168;435;168;559;144005;4
Live To Tell;True Blue;Madonna;1986-06-30;351920;59;652;521;2;-6752;0;256;263;11;107;235;109943;4
Unchain My Heart;Unchain My Heart;Joe Cocker;1987-10-28;304293;60;751;674;9;-12976;0;425;214;143;32;696;117969;4
We Come 1;Forever Faithless - The Greatest Hits;Faithless;2005-08-30;224626;44;618;933;5;-6419;0;464;998;853;323;683;136005;4
You Say;Look Up Child;Lauren Daigle;2018-09-07;274693;74;494;632;5;-689;1;342;682;0;869;797;147873;4
Whiskey In The Jar (by Thin Lizzy);Shades Of A Blue Orphanage (Deluxe);Thin Lizzy;1972;345186;58;557;693;7;-11044;1;445;531;141;196;747;127531;4
Beautiful People;Melanie;Melanie;1969;215133;38;539;444;0;-9392;1;529;608;0;397;373;129034;4
Changes (by David Bowie);Hunky Dory (2015 Remaster);David Bowie;1971-12-17;217746;69;559;308;0;-1175;1;376;505;0;109;414;113633;4
Cry Baby;Pearl (Legacy Edition);Janis Joplin;1971-01-11;238600;61;474;418;0;-9654;1;299;514;343;535;504;83308;3
Take Five;Time Out;The Dave Brubeck Quartet;1959-12-14;324133;68;454;26;8;-13193;0;401;539;78;675;598;174322;5
Babooshka;Never for Ever;Kate Bush;1980-09-08;209933;58;466;439;5;-8892;0;325;741;164;707;289;107173;4
When The Party's Over;WHEN WE ALL FALL ASLEEP, WHERE DO WE GO?;Billie Eilish;2019-03-29;196077;82;367;111;4;-14084;1;972;978;397;897;198;82642;4
Unwritten;Unwritten;Natasha Bedingfield;2004-08-30;259333;76;706;8;5;-6333;1;399;584;0;822;629;100011;4
Black Velvet;Alannah Myles;Alannah Myles;1989-03-14;287440;71;754;366;8;-1007;1;312;273;904;106;469;91147;4
Anne;Anne;Herman van Veen;1986-01-01;227640;41;668;78;0;-27268;0;418;671;203;167;284;114699;4
De Weg;Wijzer;Guus Meeuwis;2005-01-01;265600;40;462;212;2;-10914;1;329;911;137;113;255;71998;4
Thank God It's Christmas;Greatest Hits III;Queen;1999-11-09;259226;80;573;475;7;-811;1;258;72;0;358;324;107759;3
Starboy;Starboy;The Weeknd,Daft Punk;2016-11-25;230453;91;679;587;7;-7015;1;276;141;635;137;486;186003;4
The Promise You Made;Cock Robin (Expanded Edition);Cock Robin;1985-05-01;235373;56;707;462;0;-11448;1;359;67;184;117;662;117007;4
Daughter;rearviewmirror (greatest hits 1991-2003);Pearl Jam;2004-11-16;235693;46;615;773;7;-6603;1;311;238;279;638;633;9695;4
Nu Wij Niet Meer Praten;Nu Wij Niet Meer Praten;Jaap Reesema,Pommelien Thijs;2020-10-30;192208;49;64;557;4;-4747;1;253;572;0;934;331;105992;4
You Can't Hurry Love;Hello, I Must Be Going! (Deluxe Edition);Phil Collins;1982-11-05;175746;76;62;936;7;-4593;1;308;261;0;679;763;97527;4
In Bloom;Nevermind (Remastered);Nirvana;1991-09-26;255080;67;436;876;10;-4902;0;647;333;104;205;512;157044;4
Sledgehammer;So (Remastered);Peter Gabriel;1986-05-19;313533;63;657;685;1;-5203;1;334;246;0;37;424;96458;4
Tom Traubert's Blues;Small Change (Remastered);Tom Waits;1976-09-21;398693;46;302;275;5;-1281;1;317;799;652;172;328;134698;4
Cover Me In Sunshine;Cover Me In Sunshine;P!nk,Willow Sage Hart;2021-02-12;141050;68;476;594;5;-6879;1;135;599;0;785;314;159702;4
One More Time;Discovery;Daft Punk;2001-03-12;320357;76;613;697;2;-8618;1;133;194;0;332;476;122746;4
I Don't Live Here Anymore;I Don’t Live Here Anymore;The War On Drugs,Lucius;2021-10-29;327546;57;476;867;5;-3982;1;37;327;342;962;466;110026;4
Kiss;Parade - Music from the Motion Picture Under the Cherry Moon;Prince;1986-03-31;226240;75;898;271;7;-12238;1;91;135;138;461;742;111485;4
Sandstorm;Before the Storm, Special Edition;Darude;2001-01-01;225493;70;528;965;11;-7984;0;465;141;985;797;587;136065;4
The Times They Are A-Changin';The Times They Are A-Changin';Bob Dylan;1964-01-13;192053;65;389;396;7;-7999;1;332;887;0;828;585;17186;3
This Is Not America;Best of Bowie;David Bowie,Pat Metheny Group;2002-10-21;231426;54;715;675;0;-11916;0;37;562;316;519;66;115284;4
Don't Leave Me This Way;Communards;The Communards,Sarah Jane Morris;1986-01-01;271066;64;64;926;3;-5597;1;322;135;204;134;901;131997;4
Do They Know It's Christmas;Do They Know It's Christmas?;Band Aid;2004-01-01;222533;74;599;642;0;-6936;1;363;164;333;992;349;115412;4
The Wild Rover;Seven Drunken Nights;The Dubliners;2011-11-11;170080;28;425;631;7;-9736;1;326;963;11;949;871;176068;3
Hard To Say Goodbye;Hard To Say Goodbye;RONDÉ;2021-08-11;194453;52;638;718;0;-3995;0;254;175;0;182;418;101013;4
Hello (by Lionel Richie);Can't Slow Down;Lionel Richie;1983-01-01;246933;68;424;222;9;-15053;0;391;646;0;148;606;61648;4
Seven Wonders;Tango In the Night (Deluxe Edition);Fleetwood Mac;1987-04-13;222400;68;707;625;4;-9529;1;303;259;542;104;634;119049;4
Bagagedrager;Spinvis;Spinvis;2002-04-01;374600;42;503;711;9;-751;1;417;811;213;431;334;159949;4
Theme From 'Harry's Game';Lore (Bonus Tracks Edition);Clannad;1996-03-25;148693;53;222;176;1;-17798;0;353;951;808;107;38;75439;4
Don't You Want Me;Dare!;The Human League;1981;236920;76;731;738;9;-8125;0;377;184;0;214;958;117656;4
School's Out;School's Out;Alice Cooper;1972;210106;69;294;745;5;-9138;1;461;5;125;676;347;134364;4
La Solitudine;Laura Pausini;Laura Pausini;1993-04-23;240560;61;574;467;1;-6374;1;381;738;0;149;256;13189;4
Good Old-Fashioned Lover Boy;A Day At The Races (Deluxe Edition 2011 Remaster);Queen;1976-12-10;173173;70;543;461;3;-6724;1;302;577;0;563;385;96803;4
My Name Is;The Slim Shady LP;Eminem;1999-02-23;268400;77;869;68;1;-6233;1;318;416;112;914;815;85519;4
Take This Waltz;More Best Of;Leonard Cohen;1988;357840;38;435;179;8;-15963;0;305;84;512;243;345;14195;3
Drive;Automatic For The People;R.E.M.;1992-10-05;271333;62;467;432;7;-11753;1;283;175;1;226;238;142642;4
Walking In Memphis;Marc Cohn;Marc Cohn;1991-02-08;252613;68;567;512;0;-8831;1;357;545;0;296;334;130271;4
For Bitter Or Worse;Sad Songs;Anouk;2022-01-17;254893;37;259;357;10;-8799;0;282;372;0;155;274;858;4
If You Don't Know Me By Now;I'll Keep Holding On;Simply Red;2023-02-03;206026;26;654;307;10;-925;1;299;514;158;912;192;93893;3
Cleanin' Out My Closet;The Eminem Show;Eminem;2002-05-26;297840;74;908;758;9;-4753;0;174;687;0;783;87;148015;4
Tie Your Mother Down;A Day At The Races (Deluxe Edition 2011 Remaster);Queen;1976-12-10;287426;54;331;887;2;-5588;1;648;114;103;367;196;135035;4
My Heart Will Go On;TOP 40 HITDOSSIER - 90s (Nineties Top 100);Céline Dion;2020-03-06;278786;22;43;315;4;-10434;1;288;584;0;206;384;98988;4
Niet Voor Het Laatst;Niet voor het Laatst;Rob De Nijs;2017-10-27;260026;35;497;306;9;-11086;0;369;84;0;153;285;91424;4
De Waarheid;De Waarheid;Marco Borsato;1996-01-01;312226;42;337;36;0;-1082;0;274;107;922;331;911;61308;4
We Didn't Start The Fire;Storm Front;Billy Joel;1989-10-17;287733;74;712;967;7;-5206;1;47;771;0;356;895;145024;4
Shivers;=;Ed Sheeran;2021-10-29;207853;83;788;859;2;-2724;1;856;281;0;424;822;14102;4
Poker Face;The Fame;Lady Gaga;2008-01-01;237200;80;851;806;4;-462;1;787;118;164;121;787;118999;4
It's A Sin;Discography - Complete Singles Collection;Pet Shop Boys;1998-03-31;301293;56;529;715;0;-11419;0;431;925;614;168;352;12717;4
Heaven Can Wait;Bat Out Of Hell;Meat Loaf;1977-10-21;280533;48;356;363;7;-11745;1;297;932;161;158;228;120546;4
Vriendschap;Belgie;Het Goede Doel;1982;247400;44;562;348;0;-14347;1;301;431;426;197;721;1702;4
If You Could See Me Now;#3 Deluxe Version;The Script;2012-09-10;219546;61;602;758;0;-6864;1;399;569;0;145;368;100017;4
Bend And Break;Hopes And Fears;Keane;2004-05-10;220133;58;467;839;4;-3584;1;295;738;199;121;518;137902;4
Lucy In The Sky With Diamonds;Yellow Submarine Songtrack;The Beatles;2014-01-01;208400;44;421;388;2;-7754;1;302;137;0;297;651;138311;3
Epic;The Real Thing;Faith No More;1989;293653;69;358;893;4;-7486;0;12;222;524;126;262;174238;4
The First Time Ever I Saw Your Face;First Take;Roberta Flack;1969;260666;61;311;264;0;-21644;1;37;731;205;156;139;120653;4
Friends Will Be Friends;A Kind Of Magic (2011 Remaster);Queen;1986-06-02;246906;61;447;531;7;-7721;1;269;377;128;336;339;75051;3
Casser La Voix;Rien ne s'efface;Patrick Bruel;2001-05-12;389773;22;355;713;0;-8604;1;6;103;365;963;338;141877;4
Speed Of Sound;X&Y;Coldplay;2005-06-07;287906;72;514;898;11;-6765;0;577;488;345;746;353;123067;4
Hijo De La Luna;Entre el Cielo y el Suelo (Bonus Tracks Edition);Mecano;1986-06-16;259146;66;45;527;1;-7212;0;341;695;831;685;569;179474;3
The Dolphin's Cry;The Distance To Here;Live;1999-01-01;264160;56;342;792;5;-6001;0;391;442;857;142;431;149744;4
Biko;Peter Gabriel 3: Melt (Remastered);Peter Gabriel;1980-05-23;452866;42;538;354;7;-10968;1;447;258;222;298;166;179056;4
Appleknockers Flophouse;Appleknockers Flophouse;Cuby & The Blizzards;1969;150693;32;308;707;0;-9437;1;994;301;253;255;674;197321;4
Killing Me Softly;The Score (Expanded Edition);Fugees,Ms. Lauryn Hill;1996-02-13;298773;77;765;29;4;-17117;0;139;279;0;571;506;92409;4
King Kunta;To Pimp A Butterfly;Kendrick Lamar;2015-03-16;234693;73;884;657;6;-4569;0;977;589;0;154;489;107059;4
Dromen In Kleur;Dromen In Kleur;Suzan & Freek;2021-10-15;201903;40;628;397;2;-9495;1;323;691;0;95;374;8803;4
Ik Leef Mijn Eigen Leven;Met Heel Mijn Hart;Andre Hazes;1993-01-01;290666;48;481;281;0;-17171;0;279;466;165;116;247;93773;4
Dodenrit;Veerpont;Drs. P;1999-01-01;310733;33;542;858;0;-7917;0;124;367;0;387;887;147814;4
Walking On The Moon;Reggatta De Blanc (Remastered 2003);The Police;1979-10-02;300826;66;514;34;0;-12779;1;537;142;173;213;269;145992;4
N'Oubliez Jamais;Across From Midnight;Joe Cocker;1997-08-20;283133;49;593;497;5;-838;1;237;114;0;604;318;86833;4
Moth To A Flame;Moth To A Flame;Swedish House Mafia,The Weeknd;2022-01-03;234000;73;542;659;8;-7289;1;389;279;0;105;109;120122;4
Sowing The Seeds Of Love;The Seeds Of Love;Tears For Fears;1989-09-25;379333;63;334;767;7;-7574;0;36;715;863;338;644;87027;4
San Quentin;Folsom Prison Blues;Johnny Cash;2012-01-01;157773;27;7;402;10;-13913;1;594;561;293;897;818;83554;4
The Man Who Sold The World (by David Bowie);The Man Who Sold the World (2015 Remaster);David Bowie;1970-11-04;241346;63;474;387;2;-14416;0;305;642;557;143;545;118486;4
Home Again (by Michael Kiwanuka);Home Again (Deluxe Version);Michael Kiwanuka;2012-01-01;209919;66;564;32;9;-11473;0;306;706;0;123;266;85891;4
The Way You Make Me Feel;HIStory - PAST, PRESENT AND FUTURE - BOOK I;Michael Jackson;1995-06-16;297400;55;607;817;1;-5926;1;11;37;607;116;508;114482;4
Talk;X&Y;Coldplay;2005-06-07;311291;63;415;554;7;-10839;0;334;541;202;155;163;120318;4
I Can't Sleep Without You;The Naked Truth (Complete);Golden Earring;1992-05-11;207333;35;475;839;11;-11057;0;444;703;229;913;511;130518;4
Annabel;Annabel En Andere Grote Hits;Hans De Booij;1994-01-01;212600;46;805;52;7;-13974;1;299;594;397;978;593;173713;4
Alie;De Jonge Jaren van Normaal - 50 Jaar Nederpop;Normaal;2008-01-01;180847;40;515;766;9;-10867;1;557;142;0;552;93;93393;4
I'd Rather Go Blind;Tell Mama;Etta James;1968-04-18;156653;75;477;433;11;-6473;0;247;689;195;151;611;8252;3
At Seventeen;Between the Lines;Janis Ian;1975-03-01;283886;54;606;284;0;-16997;1;446;884;354;116;36;125133;4
Streets Of London;Spiral Staircase (Expanded Edition);Ralph McTell;1969-01-01;248586;55;396;295;4;-15126;1;343;625;76;989;187;155531;4
Mull Of Kintyre;Wings Greatest;Wings;1978-11-22;286346;49;318;363;2;-11248;1;264;311;0;114;418;90807;3
An American Trilogy;Walk a Mile in My Shoes: The Essential '70s Masters;Elvis Presley;1995;272466;45;245;132;0;-13783;1;315;729;185;964;174;83813;4
Ordinary Love;Songs Of Experience (Deluxe Edition);U2;2017-12-01;227173;57;617;621;11;-10233;1;306;207;38;879;378;124992;4
You Make Lovin' Fun;Rumours;Fleetwood Mac;1977-02-04;213693;72;625;591;7;-9127;0;265;138;399;893;863;126597;4
How Soon Is Now?;The Wedding Singer (Music From The Motion Picture);The Smiths;1998;406173;41;406;805;11;-13317;1;463;223;139;867;832;190326;4
Memory Remains;Reload;Metallica,Marianne Faithfull;1997-01-01;279173;63;435;901;10;-3694;0;429;303;72;185;547;143646;4
The Monster;The Marshall Mathers LP2;Eminem,Rihanna;2013-11-05;250188;80;781;853;1;-368;0;715;525;0;12;624;110049;4
Damn Those Eyes;As Long As You Want This;KANE;1999-02-05;288600;29;343;761;11;-8256;0;438;128;259;377;292;171647;4
Spread Your Wings;News Of The World (2011 Remaster);Queen;1977-10-28;274226;54;395;656;9;-6462;1;329;29;272;624;487;174782;4
Good 4 U;SOUR;Olivia Rodrigo;2021-05-21;178146;83;563;664;9;-5044;1;154;335;0;849;688;166928;4
The Name Of The Game;The Album;ABBA;1977;291866;60;656;565;9;-8722;1;301;357;192;629;615;77049;4
No Surrender (by Bruce Springsteen);Born In The U.S.A.;Bruce Springsteen;1984-06-04;240146;53;351;947;5;-4965;1;503;382;181;559;859;153762;4
The Boys Are Back In Town;Jailbreak (Deluxe Edition);Thin Lizzy;1976;266720;72;445;706;8;-9803;1;461;234;252;205;768;80823;4
Locked Out Of Heaven;Unorthodox Jukebox;Bruno Mars;2012-12-07;233478;88;726;698;5;-4165;1;431;49;0;309;867;143994;4
Every Teardrop Is A Waterfall;Mylo Xyloto;Coldplay;2011-10-24;240796;70;425;732;9;-6883;1;396;194;103;171;333;11798;4
Autobahn;3-D The Catalogue;Kraftwerk;2017-05-26;866889;39;354;561;2;-13781;1;407;2;815;125;306;1499;4
Talkin' Bout A Revolution;Tracy Chapman;Tracy Chapman;1988-04-05;161600;69;561;732;7;-6178;1;281;329;228;755;671;118975;4
Here Without You;Away From The Sun;3 Doors Down;2002-11-12;238733;76;557;533;10;-6817;0;252;492;0;205;233;143994;4
Big In Japan;Forever Young;Alphaville;1984-09-27;286160;65;748;414;2;-1515;0;405;69;671;336;239;97646;4
A Change Is Gonna Come;Ain't That Good News;Sam Cooke;1964-03-01;191160;66;212;383;10;-10071;1;347;723;0;299;452;17379;3
R U Kiddin' Me;Urban Solitude;Anouk;1999-01-01;200400;43;451;827;4;-6093;1;591;122;473;932;611;177835;4
Isn't She Lovely;The Definitive Collection;Stevie Wonder;2002-10-29;199386;66;747;692;1;-8956;0;474;202;339;698;904;118698;4
Nights On Broadway;Main Course;Bee Gees;1975-06-01;271373;54;573;641;5;-9196;1;443;235;414;859;613;88862;4
Crazy;Hits;Seal;2009-11-27;356520;49;633;858;11;-742;0;473;208;114;655;725;102559;4
Big Love;Greatest Hits;Fleetwood Mac;1988-11-21;218840;52;639;757;10;-12351;0;496;559;509;134;643;125209;4
Zaterdag;Hier - Het Beste Van 20 Jaar BLØF;BLØF;2012-01-01;282746;38;751;707;7;-9516;1;317;914;947;103;9;140924;4
Het Laatste Rondje;Gewoon Andre;Andre Hazes;1981-01-01;260093;49;341;742;9;-7907;1;106;174;0;569;749;205914;4
Breathe;The Fat of the Land;The Prodigy;1997-06-30;336280;65;673;808;9;-6183;1;491;121;878;37;303;130041;4
The Living Years;Living Years;Mike + The Mechanics;1988-10-28;332333;60;527;429;8;-12431;1;321;655;0;865;277;97893;4
I Have Nothing;The Bodyguard - Original Soundtrack Album;Whitney Houston;1992-11-17;289160;75;541;401;0;-10499;1;365;576;0;164;24;152943;3
Weather With You;Woodface;Crowded House;1991-06-24;224466;68;643;614;2;-12878;1;279;25;717;214;891;93982;4
Big Log;Power Ballads: The Collection;Robert Plant;2019-08-16;303706;36;546;459;9;-12503;0;273;403;178;296;68;18053;4
Ik Leef Niet Meer Voor Jou;Als Geen Ander;Marco Borsato;1995-01-01;216640;52;546;815;4;-8746;0;466;153;633;417;574;149962;4
Arriving Somewhere But Not Here;Deadwing;Porcupine Tree;2005-03-28;722200;47;377;789;2;-5032;0;504;16;705;245;48;159965;4
Ziggy Stardust;The Rise and Fall of Ziggy Stardust and the Spiders from Mars (2012 Remaster);David Bowie;1972-06-06;193880;65;515;554;7;-11616;1;784;478;0;219;509;80146;4
Hungry Heart;The River;Bruce Springsteen;1980-10-17;199453;68;641;894;8;-741;1;273;857;9;157;972;109823;4
Love On Top;4;Beyoncé;2011-06-24;267413;74;652;749;0;-5248;1;886;848;0;604;651;94103;4
7 Years;Lukas Graham;Lukas Graham;2016-04-01;237300;83;765;473;10;-5829;1;514;287;0;391;34;119992;4
Mercedes Benz;Pearl (Legacy Edition);Janis Joplin;1971-01-11;107866;55;704;106;0;-15169;0;542;939;0;674;521;86763;4
Quiero;El Amor;Julio Iglesias;1975;168560;51;682;5;10;-16492;0;426;476;0;125;914;135108;4
Nine Million Bicycles;Piece by Piece;Katie Melua;2005;195453;46;566;264;0;-14633;1;314;564;118;124;358;82088;4
Max;Aguaplano;Paolo Conte;1987-10-06;224773;46;494;234;8;-16365;1;313;397;203;211;18;125373;4
Green Green Grass Of Home;Green, Green Grass Of Home;Tom Jones;1967-03-01;184893;61;543;41;8;-13253;1;268;157;0;996;817;95363;4
Your Love;Super Hits;The Outfield;1985;221840;73;555;757;1;-7868;0;601;103;116;631;582;129607;4
Home By The Sea;The Platinum Collection;Genesis;2004-11-29;307693;35;594;752;4;-3773;0;327;545;597;107;54;128469;4
My Sweet Lord;All Things Must Pass (2014 Remaster);George Harrison;1970-11-20;281231;73;54;688;1;-9021;0;331;812;0;857;564;120981;4
Going Home: Theme Of The Local Hero;Music From Local Hero;Mark Knopfler;1983-03-01;298666;52;407;522;2;-9194;1;31;136;877;88;93;109799;3
Pride And Joy;Texas Flood (Legacy Edition);Stevie Ray Vaughan;1983;219586;66;427;626;8;-11821;1;385;274;395;106;743;126877;4
Lovesong;Greatest Hits;The Cure;2001-01-01;206906;52;58;869;9;-4349;0;297;375;276;159;736;139945;4
Enola Gay;The Best Of Orchestral Manoeuvres In The Dark;Orchestral Manoeuvres In The Dark;1988-01-01;212400;52;567;555;2;-14135;0;327;576;27;683;958;143093;4
Zij;Onderweg;Marco Borsato;2002;245200;40;247;395;7;-9319;1;38;448;0;949;111;5812;4
Counting Stars;Native;OneRepublic;2013-01-01;257265;86;664;705;1;-4972;0;382;654;0;118;477;122016;4
Astronomy;Superache;Conan Gray;2022-06-24;243907;74;474;343;4;-8571;0;27;578;265;305;152;145115;3
Don't Bring Me Down;Discovery;Electric Light Orchestra;1979-05-31;243373;72;638;867;2;-6469;1;331;144;733;846;805;115692;4
Mia;Gorky;Gorki;1992-01-01;332200;50;697;298;0;-16929;1;319;411;123;103;233;113571;4
Live And Let Die (by Guns N' Roses);Use Your Illusion I;Guns N' Roses;1991-09-17;182733;72;262;777;11;-8671;1;632;109;113;12;264;1525;4
How To Save A Life;How To Save A Life;The Fray;2005-09-13;262533;79;64;743;10;-408;1;379;269;0;101;361;122035;4
Voltooid Verleden Tijd;Investigations;Is Ook Schitterend;2000-01-01;346200;26;284;795;4;-9603;0;614;787;432;909;249;15557;4
Don't Stop 'Til You Get Enough;Off the Wall;Michael Jackson;1979-08-10;365466;74;878;821;11;-9875;1;89;126;461;183;947;118881;4
One More Try;Ladies And Gentlemen... The Best Of George Michael;George Michael;1998-11-09;353360;53;344;313;5;-11376;1;313;606;271;111;116;117989;3
By The Way;By the Way (Deluxe Edition);Red Hot Chili Peppers;2002-07-09;216933;76;451;97;0;-4938;1;107;264;355;102;198;122444;4
She's The One;I've Been Expecting You;Robbie Williams;1998;258026;69;243;609;10;-8451;1;323;663;113;221;333;166668;4
Human Nature;Thriller;Michael Jackson;1982-11-30;246040;66;628;409;2;-14348;1;306;498;565;29;755;93005;4
Uncertain Smile;Soul Mining;The The;1983-03-13;411973;47;593;931;11;-5232;0;517;322;588;255;755;142747;4
't Dondert En 't Bliksemt;Schilderij;Guus Meeuwis,Vagant;1997;192266;48;697;946;3;-3548;1;696;635;0;949;885;121279;4
Can You Feel The Love Tonight;The Lion King: Special Edition Original Soundtrack (Swedish Version);Elton John;2003-01-01;241253;59;313;275;10;-12501;1;326;887;3;11;148;124085;4
Everytime I Think Of You;Head First;The Babys;1978-01-01;239160;45;394;64;7;-5961;1;355;188;757;145;411;120758;4
Skandal Im Sperrbezirk;Dolce Vita;Spider Murphy Gang;1981-01-01;219866;60;605;73;2;-12092;1;351;401;665;125;867;92506;4
Shiny Happy People;Out Of Time (25th Anniversary Edition);R.E.M.;1991-03-12;225786;73;452;909;9;-3977;1;366;313;603;23;805;124623;4
Paracetamollen;FLEMMING;FLEMMING;2022-12-16;171818;59;551;588;7;-7423;1;237;131;0;256;272;77255;4
Burning Heart;Vandenberg;Vandenberg;1982;250693;40;433;546;11;-10331;1;42;127;0;182;486;125219;4
I Started A Joke;Idea (Deluxe Edition);Bee Gees;1968-08-11;188306;66;31;464;7;-8755;1;275;156;894;132;431;144775;4
Magnificent (She Says);Little Fictions;Elbow;2017-02-03;264986;46;51;864;2;-7251;1;518;192;78;586;39;92055;4
He Ain't Heavy, He's My Brother;20 Golden Greats;The Hollies;1978-07-01;258800;49;319;275;7;-13195;1;303;444;365;183;253;75754;4
Cecilia;Bridge Over Troubled Water;Simon & Garfunkel;1970-01-26;174826;71;755;876;0;-8867;1;362;357;517;22;954;102762;4
'n Vriend;N Vriend;Andre Hazes;1980-01-01;297333;43;39;511;1;-8134;1;262;855;0;607;406;102216;3
Adagio For Strings;Just Be;Tiësto;2009-07-22;443426;58;604;939;10;-749;0;544;102;698;723;205;139975;4
To Love Somebody;Bee Gees' 1st;Bee Gees;1967-07-14;182000;69;423;384;9;-12503;1;315;729;411;27;521;9043;4
Heart Of Glass;Greatest Hits: Blondie;Blondie;2006-01-01;252186;64;726;696;4;-8017;1;333;114;771;563;41;114691;4
Stir It Up;Babylon By Bus;Bob Marley & The Wailers;1978-01-01;317026;37;673;823;9;-6942;1;534;992;474;971;803;90854;4
Une Belle Histoire/Een Mooi Verhaal;Mooi Weer Een CD;Paul de Leeuw,G.J. Alderliefste;2006-01-01;268720;40;585;631;6;-10009;0;321;402;135;201;696;87017;4
Eloise;The Very Best Of Barry Ryan;Barry Ryan;1992-01-01;345173;44;425;591;0;-11996;1;321;22;0;355;461;131087;4
Come Undone;Escapology;Robbie Williams;2002;278440;60;375;57;11;-5364;1;283;385;437;354;255;167734;4
Sweet Disposition;Conditions;The Temper Trap;2009-08-10;234360;70;542;813;2;-689;1;429;765;252;116;305;12909;4
Red Right Hand;Let Love In (2011 - Remaster);Nick Cave & The Bad Seeds;1994-04-18;370573;62;735;403;4;-11599;0;37;139;473;107;453;115658;4
The One I Love;Document (R.E.M. No. 5);R.E.M.;1987-09-01;198000;52;515;656;2;-12202;1;296;904;435;135;769;127707;4
Aanzoek Zonder Ringen;Hier - Het Beste Van 20 Jaar BLØF;BLØF,KODO;2012-01-01;283146;29;538;859;2;-7791;1;349;193;181;424;538;160026;4
Water Under The Bridge;25;Adele;2015-11-20;240439;72;59;833;5;-6503;0;615;142;54;105;538;94963;4
Forget Me;Broken By Desire To Be Heavenly Sent;Lewis Capaldi;2023-05-19;203666;77;664;76;1;-3769;0;448;318;0;34;7;101987;4
Kalverliefde;Vanavond Tussen 8 En 11 Live (Alle Liedjes Uit Het Lang Genoeg Jong Concert);Robert Long;2000-05-01;233520;33;481;146;7;-1664;1;519;871;298;823;392;136852;4
Mad World (by Gary Jules & Michael Andrews);Trading Snakeoil for Wolftickets;Gary Jules,Michael Andrews;2001-01-01;189506;68;344;585;3;-17212;1;373;976;362;103;323;174149;4
Rooster;Dirt (2022 Remaster);Alice In Chains;1992-09-29;374333;69;271;551;3;-846;1;272;307;581;118;2;143899;3
I Wish;Songs In The Key Of Life;Stevie Wonder;1976-09-28;252373;64;821;721;10;-10401;0;515;816;737;664;885;105866;4
I'm Not So Tough;Here I Am (1998-2003);Ilse DeLange;2003-01-10;265226;36;74;593;1;-7086;0;268;254;445;108;554;1169;4
Memories (by Earth & Fire);Earth & Fire;Earth & Fire;2002-01-01;200893;30;323;711;4;-9445;0;44;438;165;272;323;13121;4
Are You Gonna Go My Way?;Are You Gonna Go My Way;Lenny Kravitz;1993-03-09;211933;72;619;67;11;-10322;0;353;165;109;331;777;129269;4
Angry;Angry;The Rolling Stones;2023-09-06;226735;64;598;89;4;-3426;1;758;579;13;31;695;113034;4
Edge Of Seventeen;Crystal Visions...The Very Best of Stevie Nicks;Stevie Nicks;2007-03-27;329680;65;59;828;0;-628;1;439;277;557;868;636;111353;4
Dans M'n Ogen Dicht;Dans M'n Ogen Dicht;MEAU,Racoon;2022-07-01;185739;43;66;218;9;-13355;1;303;812;775;104;329;114922;4
Dazed And Confused;Led Zeppelin;Led Zeppelin;1969-01-12;386373;62;271;553;2;-9526;1;472;44;96;999;433;86762;3
Never Going Back Again;Rumours (Super Deluxe);Fleetwood Mac;1977-02-04;134400;73;654;336;6;-12825;1;379;858;385;786;947;176083;4
Tell Him;Higher Ground;Barbra Streisand,Céline Dion;1997-10-28;290533;43;344;403;4;-9479;1;422;756;0;111;72;75818;4
Ik Meen 't;De Hazes 100;Andre Hazes;2012-01-01;213920;41;494;906;3;-4802;1;51;996;114;323;766;99871;4
Adem Je In;Adem Je In;S10;2021-06-10;226434;42;392;472;9;-6632;0;364;76;0;815;153;85724;4
Rapper's Delight;The Sugarhill Gang - 30th Anniversary Edition (Expanded Version);The Sugarhill Gang;2010-07-19;235840;62;917;692;2;-11665;1;244;185;109;686;819;111782;4
Feeling Good (by Michael Bublé);It's Time;Michael Bublé;2005-02-08;237333;75;535;548;1;-651;1;37;533;148;123;477;115144;3
Knockin' On Heaven's Door (by Bob Dylan);Pat Garrett & Billy The Kid (Soundtrack From The Motion Picture);Bob Dylan;1973-07-13;149880;74;513;396;7;-13061;1;299;251;177;11;229;140208;4
Mirrors;The 20/20 Experience (Deluxe Version);Justin Timberlake;2013-03-15;484146;81;574;512;5;-6664;0;503;234;0;946;512;76899;4
Rasputin;Daddy Cool;Boney M.;1994-03-14;220666;69;69;752;6;-1147;0;455;463;102;595;97;126005;4
Weekend Love;No promises, No Debts;Golden Earring;1979;255026;37;491;737;2;-6132;1;4;279;0;106;456;166627;4
You Have Been Loved;Older;George Michael;1996-05-13;330800;52;605;243;4;-15602;0;28;243;712;113;161;13679;4
All My Life;One By One (Expanded Edition);Foo Fighters;2002-10-22;263440;73;577;604;5;-5703;1;495;218;579;477;637;167719;4
The Way It Is;The Way It Is;Bruce Hornsby,The Range;1986-06-02;297853;67;582;689;7;-12203;1;277;607;571;145;531;111166;4
Stars;Stars (Collector's Edition);Simply Red;1991;248599;70;716;818;7;-7456;1;256;154;806;236;817;103668;4
No Surrender (by KANE);No Surrender;KANE;2009-01-01;184768;48;509;406;11;-9303;1;374;202;0;106;12;89088;4
You Don't Fool Me;Greatest Hits III;Queen;1999-11-09;322666;44;58;789;4;-7941;0;369;141;132;511;56;12201;4
No Good (Start The Dance);Music for the Jilted Generation;The Prodigy;1994-04-04;379906;57;642;996;5;-4343;0;557;662;75;181;161;144993;4
Human Touch;Human Touch;Bruce Springsteen;1992-03-31;388800;56;651;516;0;-13628;1;277;244;593;973;453;115154;4
Songbird (by Eva Cassidy);Eva By Heart;Eva Cassidy;1997;224573;60;384;225;7;-12159;1;281;851;547;13;154;153488;4
Hier Komt De Storm;Welkom In Utopia;Frank Boeijen Groep;1987-01-01;392826;28;459;648;0;-11879;1;33;421;411;179;428;89306;4
Greatest Love Of All;Whitney Houston;Whitney Houston;1985-02-14;291400;68;502;305;9;-16011;1;339;484;355;117;248;131242;4
Maggie May;Every Picture Tells A Story;Rod Stewart;1971-05-18;350266;69;605;574;2;-10536;1;377;559;113;684;543;129449;4
Crazy In Love;Dangerously In Love;Beyoncé,JAY-Z;2003-06-24;236133;78;646;77;2;-6596;0;226;249;0;715;681;99165;4
Ben Ik Te Min;Het Beste van Armand;Armand;2009-07-10;207706;41;622;694;9;-7069;1;336;275;11;566;561;100608;4
Right Next Door (Because Of Me);20th Century Masters: The Millennium Collection: Best Of Robert Cray;Robert Cray;2002-10-15;258853;50;606;646;8;-8485;1;489;231;121;471;79;86771;4
Mary Jane's Last Dance;Greatest Hits;Tom Petty and the Heartbreakers;2008-05-20;273600;73;464;655;7;-9058;0;608;272;134;328;531;169515;4
In Your Eyes;So (Remastered);Peter Gabriel;1986-05-19;327946;57;622;713;11;-7253;0;357;702;304;104;639;89448;4
Het Is Koud Zonder Jou;N Vriend;Andre Hazes;1980-01-01;246706;45;253;632;4;-7881;1;423;201;0;117;543;197427;3
Reünie;Reünie;Snelle;2019-07-19;172062;48;508;35;9;-9205;1;152;674;0;587;509;96478;4
Born To Be Alive;Born to Be Alive (The Original);Patrick Hernandez;1978;188133;71;704;868;2;-5808;1;315;834;0;206;808;131468;4
7 Seconds;Man;Youssou N'Dour,Neneh Cherry;1996-01-01;299640;40;681;672;1;-10505;0;27;75;263;147;54;154199;4
Enemy;Enemy (with JID) [from the series Arcane League of Legends];Imagine Dragons,JID,Arcane,League of Legends;2021-10-28;173381;77;728;783;11;-4424;0;266;237;0;434;555;77011;4
Fireflies;Ocean Eyes;Owl City;2009-01-01;228346;77;512;662;3;-6797;1;439;275;0;118;472;180114;4
Oxygene;Oxygène;Jean-Michel Jarre;1976-12-02;246893;55;432;755;7;-8457;0;367;234;595;551;656;188932;3
All Star;Astro Lounge;Smash Mouth;1999-06-08;200373;78;731;867;11;-5881;1;32;395;0;861;776;104019;4
Honderd Keer;Honderd Keer;Suzan & Freek;2022-03-10;196034;53;691;612;5;-7542;1;362;551;0;255;606;116033;4
Down On The Corner;Willy And The Poor Boys (Expanded Edition);Creedence Clearwater Revival;1969-11-02;166280;73;858;544;0;-9289;1;751;583;109;707;874;108217;4
You Can Leave Your Hat On;Cocker;Joe Cocker;1986-06-06;255293;62;65;535;5;-13325;1;282;118;0;187;9;1738;4
In My Place;A Rush of Blood to the Head;Coldplay;2002-08-08;226680;74;424;588;9;-5455;1;278;553;495;298;193;144636;4
The Air That I Breathe;20 Golden Greats;The Hollies;1978-07-01;244180;32;275;403;4;-11014;0;302;257;526;222;272;168455;4
In Dreams;In Dreams;Roy Orbison;1963-07;169160;50;495;435;0;-999;1;286;67;38;13;71;108189;4
Sure Know Something;Dynasty;KISS;1979-03-23;241506;55;707;732;4;-6292;0;303;277;0;13;928;115338;4
Sexual Healing;Midnight Love;Marvin Gaye;1982-10-01;238600;72;805;602;0;-97;0;579;119;122;581;744;94382;4
Stuck In The Middle With You;Stealers Wheel;Stealers Wheel;1972-01-01;208946;77;82;575;7;-9144;1;408;936;135;109;964;123765;4
New York State Of Mind;Turnstiles;Billy Joel;1976-05-19;362400;61;506;373;0;-9473;1;347;499;405;323;194;121289;4
Jerusalem;Hotel New York;Anouk;2004-10-25;235760;35;606;836;7;-7151;1;417;502;536;846;542;131996;4
Weg Van Jou;Weg Van Jou;Suzan & Freek;2020-05-01;146471;45;595;586;7;-7663;1;799;458;0;309;764;179836;4
Bloodbuzz Ohio;High Violet;The National;2010-05-10;275933;56;402;835;9;-6367;1;43;558;18;103;69;157066;4
Charlie Brown;Mylo Xyloto;Coldplay;2011-10-24;285159;69;43;74;10;-7072;1;375;212;165;33;948;137978;4
Nescio;Omsk;Nits;1983-03-01;287306;36;554;519;7;-12831;0;298;336;253;105;599;127222;4
De Langste Nacht;Betaalbare Romantiek;Goldband;2021-08-13;237367;46;675;787;4;-8503;0;338;708;1;105;282;119999;4
One Moment In Time;I Will Always Love You: The Best Of Whitney Houston;Whitney Houston;2021-01-01;285000;48;266;54;0;-6742;1;332;498;0;939;33;155473;4
I Am The Walrus;Love;The Beatles;2006-11-17;268245;42;294;686;2;-8556;1;396;106;331;688;561;173105;4
Lose Control;I've Tried Everything But Therapy (Part 1);Teddy Swims;2023-09-15;210688;83;561;604;9;-4409;1;337;199;19;104;242;15992;3
Born On The Bayou;Bayou Country (Expanded Edition);Creedence Clearwater Revival;1969-01-05;315200;64;656;601;9;-7734;1;389;553;667;974;576;117296;4
Make Me Smile (Come Up And See Me);Make Me Smile;Steve Harley & Cockney Rebel;2006-12-05;390095;24;459;544;0;-13788;1;483;302;115;936;68;137911;4
Uit M'n Bol;Met Heel Mijn Hart;Andre Hazes;1993-01-01;209600;53;406;507;7;-17027;1;112;328;0;132;696;186035;4
Remedy;The Southern Harmony And Musical Companion;The Black Crowes;1992-05-12;322640;55;411;978;10;-3801;0;532;138;397;782;353;160478;4
A Thing Called Love;A Thing Called Love;Johnny Cash;1972-04-01;152680;50;526;499;0;-10873;1;345;481;0;261;786;155775;4
The Saints Are Coming;The Saints Are Coming;U2,Green Day;2006-01-01;202413;51;298;815;11;-7004;0;438;613;136;108;113;152155;4
Relight My Fire;Boogie Nights;Dan Hartman;1999-12-31;224706;26;767;773;0;-11076;1;354;117;114;342;895;120451;4
Bad Liar;Origins (Deluxe);Imagine Dragons;2018-11-09;260773;80;383;637;3;-6993;1;703;722;0;368;827;177913;4
Vogue;Celebration (double disc version);Madonna;2009-09-18;316813;64;737;88;6;-6449;1;433;379;351;417;329;115998;4
Learning To Fly;Into The Great Wide Open;Tom Petty and the Heartbreakers;1991-01-01;242106;70;651;766;0;-9935;1;299;206;103;362;949;11674;4
The Devil's Son;Distant Rumble;Danny Vera;2013-11-01;214428;40;742;767;0;-6863;1;524;231;25;135;862;98041;4
Snap Out Of It;AM;Arctic Monkeys;2013-09-09;193030;79;728;638;5;-6455;0;336;249;0;116;872;130014;4
Bullet With Butterfly Wings;Mellon Collie And The Infinite Sadness (Deluxe Edition);The Smashing Pumpkins;1995;258466;73;404;72;10;-918;0;623;559;836;466;475;121864;4
On Top Of The World;Night Visions;Imagine Dragons;2012-09-04;192280;77;631;924;0;-5589;1;146;841;359;84;755;100045;4
IJskoud;Diamant;Nielson;2018-10-12;210200;52;668;73;7;-6573;1;476;434;109;368;146;98024;4
When I'm Sixty-Four;Sgt. Pepper's Lonely Hearts Club Band (Remastered);The Beatles;1967-06-01;157666;62;704;241;1;-13258;1;476;625;28;868;661;140411;4
Summer Night City;Voulez-Vous;ABBA;1979;214706;51;476;858;7;-566;0;371;138;0;177;765;130703;4
Purple Haze;Are You Experienced;Jimi Hendrix;1967-05-12;170813;70;533;905;2;-527;1;754;876;578;698;486;1089;4
Hey Ya!;Speakerboxxx/The Love Below;Outkast;2003;235213;81;727;974;4;-2261;0;664;103;532;174;965;79526;4
Home;7 Layers;Dotan;2014-01-31;268466;61;755;705;4;-8941;0;427;701;103;394;301;129986;4
Sunrise;Feels Like Home;Norah Jones;2004-01-01;200626;73;526;299;8;-13797;1;31;941;97;106;679;156848;4
Onderweg Naar Later;Onderweg Naar Later;Suzan & Freek;2021-07-08;177000;43;713;582;1;-8485;1;165;364;13;208;933;13999;4
Is This Love (by Bob Marley & The Wailers);Kaya;Bob Marley & The Wailers;1978;232200;75;776;559;6;-8375;0;103;11;0;671;758;122242;4
Common People;The Gambler (Music From The Motion Picture);Pulp;2014-12-15;246026;43;315;827;0;-6553;1;41;473;667;802;475;141114;4
Sir Duke;Songs In The Key Of Life;Stevie Wonder;1976-09-28;232760;70;588;568;6;-9766;1;672;16;0;792;952;106938;4
More Than Words;Extreme II - Pornograffitti;Extreme;1990-01-01;334106;75;626;134;6;-14898;1;298;467;0;113;239;91893;4
Sorry Seems To Be The Hardest Word;Blue Moves;Elton John;1976-01-01;228933;64;371;22;7;-12797;0;324;828;123;195;112;118464;4
La Vie Est Belle;Karavaan;Diggy Dex,Vali;2018-11-09;218960;47;589;638;2;-6433;1;485;245;0;128;362;93888;4
One Way Or Another (Teenage Kicks);One Way Or Another (Teenage Kicks);One Direction;2013-02-17;157293;63;489;867;4;-3121;0;71;25;0;586;409;162131;4
Don't Shut Me Down;I Still Have Faith In You / Don't Shut Me Down;ABBA;2021-09-02;238800;58;719;604;0;-7395;1;281;105;0;107;565;99993;4
Desert Rose;Brand New Day;Sting,Cheb Mami;1999-01-01;285960;63;586;659;0;-792;0;304;11;0;106;147;111989;4
Close To The Edge;Close to the Edge (Deluxe Edition);Yes;1972-09-13;1121253;45;222;597;5;-10924;1;56;265;155;411;251;80654;3
(I Just Died) In Your Arms Tonight;Broadcast;Cutting Crew;1986-01-01;280400;79;625;726;11;-11402;0;444;158;169;625;507;124945;4
Diane;Infernal Love;Therapy?;1995-01-01;299506;42;423;43;9;-12016;0;397;678;337;247;416;12447;4
Three Days In A Row;Essential - Love Songs;Anouk;2012-01-01;253280;36;403;48;4;-6196;1;288;672;0;14;358;170691;3
I Heard It Through The Grapevine (by Marvin Gaye);In The Groove;Marvin Gaye;1968-08-26;194293;73;711;362;3;-10851;0;381;272;0;127;616;117287;4
Home Of The Brave;The Seventh One;TOTO;1988-03-01;408093;39;516;492;4;-16019;1;416;34;103;335;318;15599;4
Jump Around;Hi-Five: House Of Pain;House Of Pain;2006-08-22;214946;28;854;71;4;-632;0;795;113;906;166;818;106893;4
You've Got A Friend (by James Taylor);Greatest Hits;James Taylor;1976;268706;52;695;282;9;-15359;1;295;681;267;767;445;91681;4
De Soldaat;Nick & Simon;Nick & Simon;2006-11-01;164800;49;607;695;4;-5822;1;337;422;0;104;879;90028;4
Head Over Heels;Rule The World: The Greatest Hits;Tears For Fears;2017-11-10;256146;67;602;839;4;-4251;0;255;502;128;95;653;95159;4
Laat Me Los;Laat Me Los;S10,BLØF;2022-07-07;238366;47;477;473;0;-7276;1;295;342;797;23;309;87032;4
Just The Two Of Us;80s Soul Hits;Grover Washington, Jr.,Bill Withers;2018-01-22;443773;22;743;43;10;-14575;0;906;445;363;455;593;95406;4
As Tears Go By;Singles 1965-1967;The Rolling Stones;2004-07-12;165213;44;331;282;7;-10863;1;292;71;262;158;392;112168;4
Theme From New York, New York;Trilogy: Past, Present & Future;Frank Sinatra;1980-03-26;206066;60;408;414;2;-11083;1;297;282;0;153;576;107469;4
In These Arms;Keep The Faith;Bon Jovi;1992-11-03;319226;60;51;915;4;-3036;1;562;884;175;205;459;123257;4
Times Were When;Cats;The Cats;1968-01-01;191306;40;453;557;9;-8933;1;268;238;0;462;612;9893;4
Shut Your Eyes;Eyes Open;Snow Patrol;2006-01-01;197133;54;693;738;10;-6431;0;287;151;177;987;829;124995;4
Bad (by Michael Jackson);HIStory - PAST, PRESENT AND FUTURE - BOOK I;Michael Jackson;1995-06-16;247133;52;802;869;8;-503;1;456;712;241;585;339;11414;4
Grenade;Doo-Wops & Hooligans;Bruno Mars;2010-10-05;222091;79;704;558;2;-7273;0;542;148;0;107;245;110444;4
Because The Night;Easter;Patti Smith;1978;204800;68;466;763;11;-7748;0;391;542;0;119;473;123539;4
Kids;Oracular Spectacular;MGMT;2007-12-14;302840;76;451;931;9;-3871;1;719;76;49;361;172;122961;4
Ventura Highway;Hits;America;2011-03-15;217053;39;611;624;2;-10015;1;3;262;124;43;679;125973;4
Love On The Rocks;In My Lifetime;Neil Diamond;1996-10-29;217800;48;302;213;9;-16435;0;38;814;668;884;191;130214;4
West End Girls;Discography - Complete Singles Collection;Pet Shop Boys;1998-03-31;241986;58;627;905;4;-9921;0;37;331;199;255;644;113247;4
La Isla Bonita;True Blue;Madonna;1986-06-30;242733;70;724;822;1;-4374;0;333;304;138;553;964;999;4
Nightporter;Exorcising Ghosts;Japan;1984-01-01;408293;32;518;791;9;-20007;0;329;75;356;101;999;110297;3
For Crying Out Loud;Bat Out Of Hell;Meat Loaf;1977-10-21;525200;45;318;354;10;-9656;1;368;745;186;111;23;9284;3
Fight For Your Right (To Party);Forrest Gump - The Soundtrack;Scott McKenzie;2001-10-02;178800;44;566;505;7;-10404;1;283;428;53;927;649;113145;4
Dreams (by The Cranberries);Everybody Else Is Doing It, So Why Can't We?;The Cranberries;1993-03-01;271560;76;551;643;4;-13091;1;353;313;385;421;514;128661;4
Gypsy;Greatest Hits;Fleetwood Mac;1988-11-21;264906;74;622;54;5;-1399;1;261;17;771;265;847;130879;4
Le Freak;Meezingers Jaren 70;CHIC;2019-05-17;329973;31;902;839;7;-6736;1;662;373;879;859;857;118485;4
Fight For Your Right;Licensed To Ill;Beastie Boys;1986-11-15;208653;69;503;858;8;-6296;1;657;757;234;803;419;133615;5
Love Is All;The Butterfly Ball and the Grasshopper's Feast;Roger Glover,Ronnie Dio;1974-11-18;194626;50;609;63;7;-939;1;333;373;0;227;818;111922;4
Thank God I'm A Country Boy;Back Home Again;John Denver;1974-06-15;193093;64;762;537;9;-958;1;478;785;669;551;958;105603;4
Racing In The Street;Darkness On the Edge of Town;Bruce Springsteen;1978-06-02;412973;47;569;273;5;-12512;1;3;587;52;128;241;86634;4
Lost On You;Lost On You;LP;2016-12-09;268465;70;432;724;5;-6328;0;361;996;0;931;679;173973;4
Josephine;Shamrock Diaries;Chris Rea;1985-07-18;237560;60;656;469;3;-15941;0;281;223;866;475;66;110037;4
Fire (by Floor Jansen);Paragon;Floor Jansen;2023-03-24;208859;35;491;5;0;-8346;0;362;409;374;153;311;132085;4
Vluchten Kan Niet Meer;Favorieten Expres;Frans Halsema,Jenny Arean;2018-06-29;221160;22;414;254;3;-13037;1;259;739;425;376;318;87322;4
Love Is A Losing Game;Back To Black;Amy Winehouse;2006-10-27;154160;53;48;561;0;-5874;1;27;317;641;184;541;164791;4
Yellow Submarine;Yellow Submarine Songtrack;The Beatles;2014-01-01;159160;60;616;636;1;-7055;1;325;208;0;517;654;110618;4
Bones;Bones;Imagine Dragons;2022-03-11;165264;79;773;742;5;-3678;0;46;206;0;754;571;114071;4
Overpass Graffiti;=;Ed Sheeran;2021-10-29;236906;69;52;849;9;-3794;0;186;253;0;119;774;175908;4
Lady Jane;Singles 1965-1967;The Rolling Stones;2004-07-12;189626;36;379;465;7;-11802;1;491;337;63;889;308;204948;4
Open Your Eyes;Proud Like a God;Guano Apes;1997;187560;61;645;948;0;-6614;1;664;527;0;33;369;111571;4
Spicks And Specks;How Can You Mend A Broken Heart;Bee Gees;2020-12-11;171413;41;656;672;2;-6342;1;325;738;424;252;719;122721;4
Hide In Your Shell;Crime Of The Century (Remastered);Supertramp;1974-09-01;409889;44;476;355;7;-12843;0;429;471;742;297;319;111667;4
Flappie;100X Kerst;Youp van 't Hek;2012-01-01;206413;53;753;241;2;-13313;1;751;793;741;437;669;13142;4
Virtual Insanity;Pop Music: The Modern Era 1976-1999;Jamiroquai;1999-10-11;227840;60;627;914;6;-7494;1;769;627;0;147;627;91891;4
Sammy;Ramses Shaffy - Laat Me;Ramses Shaffy;2009-01-01;134186;31;499;453;7;-10337;1;514;685;0;135;788;76804;4
Keep Your Head Up;Every Kingdom;Ben Howard;2011-01-01;264546;64;508;596;4;-9034;0;334;439;984;111;4;79359;4
Always On My Mind (by Willie Nelson);Always On My Mind;Willie Nelson;1982-02-01;212666;62;524;261;2;-13868;1;272;755;105;144;201;7336;4
Everybody (Backstreet's Back);Backstreet's Back;Backstreet Boys;1997-08-12;225360;75;731;853;10;-4219;0;363;352;0;268;605;108016;4
Love Me Just A Little Bit More (Totally Hooked On You);Display;Dolly Dots;1983-01-01;212800;46;504;724;1;-1143;1;332;3;0;489;891;192794;4
Nathalie;20 chansons d'or;Gilbert Bécaud;2006;247560;39;408;509;9;-1194;0;111;689;0;878;685;130567;4
Dear Mr. President;The People Speak;P!nk;2009-01-01;280746;45;476;299;10;-9154;1;385;849;0;113;297;128039;4
Beautiful Goodbye;Amanda Marshall;Amanda Marshall;1996-02-06;317426;36;486;293;7;-8329;0;28;652;943;178;393;99039;3
Silence;Magik Six (Live in Amsterdam);Tiësto;2000-06-23;692513;52;615;828;11;-7666;0;582;134;586;577;129;137995;4
Rumour Has It;21;Adele;2011-01-24;223266;67;612;749;0;-5014;1;446;615;0;167;574;120052;4
Addicted To You;True;Avicii;2013-01-01;148386;74;569;785;1;-4057;0;457;505;112;86;303;128031;4
Mijn Vlakke Land;De Vertedering - De 60 Mooiste Luisterliedjes;Jacques Brel;2011-01-01;172653;32;4;325;11;-11255;1;457;257;0;821;46;79245;4
Living In Another World;Natural History - The Very Best of Talk Talk;Talk Talk;1990-05-21;415613;27;557;842;9;-8444;0;347;873;236;307;927;110411;4
You Could Be Mine;Use Your Illusion II;Guns N' Roses;1991-09-18;343640;69;35;985;10;-5676;0;122;876;551;36;323;151007;4
I Feel It Coming;Starboy;The Weeknd,Daft Punk;2016-11-25;269186;79;773;819;0;-5946;0;118;428;0;679;585;92987;4
Don't Answer Me;Ammonia Avenue (Expanded Edition);The Alan Parsons Project;1984-02-07;251853;60;615;783;0;-8716;1;303;717;109;215;634;115133;4
I Won't Let You Down;I Won't Let You Down;Ph.D.;1981-01-01;242534;49;553;406;9;-10498;1;28;524;686;125;231;108713;4
I Do;The Shape I'm In;Douwe Bob,Jacqueline Govaert;2018-11-09;202456;44;491;252;5;-10678;1;274;88;113;813;271;73036;4
Shoes Of Lightning;All in Good Time;Racoon;2015-02-13;220380;46;538;405;11;-8044;1;37;647;161;109;165;78505;4
Forever Autumn;The Very Best Of The Moody Blues;Justin Hayward;2014-01-01;271826;37;379;353;2;-12084;0;351;469;0;109;27;122178;4
Roundabout;Yesstory;Yes;1992-09-01;512386;45;412;842;4;-6826;0;763;115;133;738;382;132534;4
Livin' Thing;A New World Record;Electric Light Orchestra;1976-09-01;212306;70;549;651;0;-7097;1;323;583;0;121;368;122818;4
Summertime (by Brainbox);Brainbox;Brainbox;1969-01-01;262746;33;375;551;0;-8729;1;277;421;716;311;247;88786;4
Cold As Ice;Foreigner (Expanded);Foreigner;1977-03-08;200213;70;562;609;3;-7063;0;271;264;0;17;512;130753;4
Something In The Way;Nevermind (Remastered);Nirvana;1991-09-26;232146;71;427;201;8;-13044;1;317;745;263;109;668;105218;4
Vlieg Met Me Mee;Metropaul;Paul de Leeuw,Metropole Orkest;2004-01-01;487426;38;366;985;1;-6993;1;63;724;358;912;177;89074;4
90s Kid;90s Kid;DI-RECT;2022-09-15;199356;46;478;839;4;-6231;1;622;299;0;254;591;184079;4
Kijk Omhoog;Vandaag;Nick & Simon;2007-11-29;176306;47;407;558;8;-5288;1;264;497;0;186;467;165905;4
Live Forever;Definitely Maybe;Oasis;1994-08-29;276866;54;29;769;9;-5578;0;329;144;835;375;198;90248;4
Shut Up And Dance;TALKING IS HARD;WALK THE MOON;2014-12-02;199080;82;578;866;1;-3804;1;619;701;0;257;619;128038;4
Pretty Fly (For A White Guy);Americana;The Offspring;1998-11-16;188666;75;723;895;11;-3707;0;102;88;0;717;963;143373;4
Return To Sender;Elvis 30 #1 Hits;Elvis Presley;2002-09-24;128306;54;838;616;8;-6502;1;433;575;0;785;971;131719;4
Als Je Wint;Als Je Wint;Herman Brood,Henny Vrienten;1983-11-22;221891;32;765;448;10;-11337;1;559;297;0;864;805;100412;4
Cocaine (by Eric Clapton);Slowhand 35th Anniversary;Eric Clapton;1977-11-01;221640;69;699;502;9;-12526;1;278;607;337;317;676;105267;4
Gold On The Ceiling;El Camino;The Black Keys;2011-12-06;224333;73;505;833;0;-4632;1;475;772;79;69;565;130121;4
You Win Again;E.S.P.;Bee Gees;1987-09-01;241400;63;547;831;11;-11298;0;319;874;834;222;909;168581;4
Wêr Bisto;Stream;Twarres;2001;226466;50;52;323;2;-10534;1;243;325;0;938;178;87972;4
Time After Time;She's So Unusual;Cyndi Lauper;1983-10-14;241333;78;726;449;0;-9206;1;286;487;134;824;294;130388;4
Lookin' Out My Back Door;Cosmo's Factory (Expanded Edition);Creedence Clearwater Revival;1970-07-25;152453;59;745;656;10;-6393;1;405;188;337;941;858;105318;4
With Arms Wide Open;Father's Day 2020;Creed;2020-06-19;278440;50;415;533;0;-8445;1;308;37;732;176;126;138929;4
What Was I Made For?;What Was I Made For? [From The Motion Picture Barbie];Billie Eilish;2023-07-13;222369;91;444;911;0;-17665;1;307;959;105;98;142;78403;4
Food For Thought;Signing Off;UB40;1980-01-01;250106;52;868;532;7;-1347;1;848;553;784;195;964;131499;4
Ain't No Mountain High Enough;Gold;Marvin Gaye,Tammi Terrell;2005-01-11;146066;41;674;729;2;-7536;1;343;452;0;429;702;130075;4
Walk This Way;Raising Hell;Run–D.M.C.,Aerosmith;1986-05-15;310386;67;761;711;9;-7989;1;604;174;101;652;947;105448;4
Hypnotize;Greatest Hits;The Notorious B.I.G.;2007-03-05;230000;69;895;694;9;-4384;1;275;176;0;292;632;93944;4
An End Has A Start;An End Has a Start;Editors;2007-01-01;225533;50;349;923;6;-2432;0;539;195;111;336;535;149904;4
It's Raining Men;Success;The Weather Girls;1982;325426;60;69;744;1;-12721;1;613;34;598;453;56;136918;4
Rivers Of Babylon;Nightflight to Venus;Boney M.;1978;261266;69;729;851;7;-7033;1;362;13;912;443;741;115118;4
Diamonds (by Rihanna);Unapologetic (Deluxe);Rihanna;2012-12-11;225146;77;564;71;11;-492;0;461;125;0;109;393;91972;4
Fire And Rain;Greatest Hits;James Taylor;1976;200579;51;611;35;5;-1448;1;356;499;784;844;36;76064;4
Hold Me Now;Face It;Golden Earring;1994-05-11;222173;34;444;5;2;-9394;1;253;184;0;358;151;6783;4
Give Up Your Guns;Timothy;The Buoys;1971;256786;39;439;376;11;-17228;0;319;36;452;203;626;131495;4
Utereg Me Stadje;Uit 't hart van 't land;Herman Berkien;2023-02-28;219794;26;583;708;3;-6974;1;982;388;0;513;965;113529;4
White Flag;Life For Rent;Dido;2003;240040;72;509;537;5;-6834;1;384;347;729;805;311;17003;4
Faded;Faded;Alan Walker;2015-12-04;212626;70;589;651;6;-5097;1;306;291;32;111;166;90011;4
It's A Long Way To The Top (If You Wanna Rock 'N Roll);High Voltage;AC/DC;1976-05-14;301226;71;456;863;3;-3551;1;894;133;538;553;532;135962;4
Jesus Of Suburbia;American Idiot;Green Day;2004-09-21;548253;66;3;929;1;-3214;1;636;259;226;329;59;147116;4
Bridges;Control;Kensington;2016-10-28;220373;41;379;825;8;-6747;0;608;327;232;695;45;149958;4
Weekend;Reality Fills Fantasy;Earth & Fire;1979-09-08;214906;49;866;572;9;-11164;0;374;366;36;13;559;121751;4
All For Nothing;Rivals;Kensington;2014-08-08;289098;40;46;855;10;-6498;1;658;417;418;101;373;151973;4
You've Got The Love;Lungs (Deluxe Version);Florence + The Machine;2009;168666;77;574;694;6;-4697;1;327;481;0;102;401;10985;4
Cold;Cold;Chris Stapleton;2020-09-25;309853;57;555;505;1;-7334;0;333;519;361;148;293;117481;4
Little Talks;My Head Is An Animal;Of Monsters and Men;2012-01-01;266600;79;457;757;1;-5177;1;32;206;0;146;417;102961;4
Save Me;The Game (2011 Remaster);Queen;1980-06-27;229920;58;507;452;7;-68;1;269;359;0;109;322;81632;3
World Of Hurt;Here I Am (1998-2003);Ilse DeLange;2003-01-10;234066;32;868;468;11;-983;1;384;617;217;133;644;98938;4
Tuesday Afternoon;60's Rock Hits;The Moody Blues;1997-09-22;291733;27;457;271;0;-14571;1;309;196;312;126;248;113935;4
Grace Kelly;Life In Cartoon Motion;MIKA;2006-01-01;187733;71;675;828;0;-5799;1;454;242;102;364;669;122229;4
It's The End Of The World As We Know It;Document (R.E.M. No. 5);R.E.M.;1987-09-01;246933;67;381;894;7;-8638;1;37;258;0;251;797;205528;4
Goodbye My Lover;Back to Bedlam;James Blunt;2005-08-08;258653;68;432;261;4;-12591;1;512;953;342;903;273;89567;4
This Charming Man;Greatest Hits Ever;The Smiths;2021-03-26;162920;29;611;843;11;-59;1;44;518;0;784;755;103909;4
Kold Bloed;Leaven In De Brouweri-je;Bökkers;2019-03-22;166573;33;479;495;10;-6429;1;268;397;0;102;509;139799;3
Sloop John B;50 Big Ones: Greatest Hits;The Beach Boys;2012-01-01;183213;35;608;657;8;-8186;1;276;205;0;349;935;125788;4
Family Portrait;M!ssundaztood (Expanded Edition);P!nk;2001;296960;57;65;685;0;-526;0;139;272;356;572;735;183695;4
Mad World (by Tears For Fears);The Hurting;Tears For Fears;1983-03-07;215400;68;647;896;4;-5949;1;509;709;505;614;953;118729;4
Love Myself;Love Myself;RONDÉ;2022-03-31;179243;53;672;725;1;-3716;1;393;2;157;709;784;173925;4
Won't Get Fooled Again;20th Century Masters: The Millennium Collection: Best Of The Who;The Who;1999-02-03;514719;33;688;904;2;-6948;1;435;334;587;616;252;134892;4
Year Of Summer;Zomer Top 40;Wildstylez,Niels Geusebroek;2013-07-26;174400;37;575;888;9;-5573;0;505;214;583;294;379;149876;4
Moondance;How Long Has This Been Going On;Van Morrison;1995-12;438720;26;463;499;5;-8764;1;619;561;47;186;646;16507;4
Afterglow;Afterglow;Ed Sheeran;2020-12-21;185486;70;641;324;11;-5851;1;299;698;0;328;273;110184;4
24K Magic;24K Magic;Bruno Mars;2016-11-17;225983;79;818;803;1;-4282;1;797;34;0;153;632;10697;4
So Incredible;Incredible;Ilse DeLange;2008-01-01;177120;47;537;857;0;-5791;1;257;114;0;724;747;103989;4
Blueberry Hill;Fats Domino Swings;Fats Domino;1959-01-01;147880;59;489;499;11;-9702;1;271;74;236;156;829;133341;3
Guitar Man;Clambake;Elvis Presley;1967-10-23;139160;50;603;66;6;-13158;1;576;538;132;747;905;113538;4
Love Her Madly;L.A. Woman;The Doors;1971-04-19;198466;67;565;587;4;-7393;0;317;573;493;416;966;147462;4
Daniel;Love Songs;Elton John;1995-11-06;233400;32;671;447;0;-12867;1;288;432;55;881;924;132037;4
Hold Me (by Douwe Bob & Anouk);Pass It On;Douwe Bob,Anouk;2015-05-15;231073;47;483;374;3;-856;1;278;666;0;126;36;161652;3
She's Leaving Home;Sgt. Pepper's Lonely Hearts Club Band (Super Deluxe Edition);The Beatles;1967-05-26;205466;33;355;186;0;-13385;1;325;95;0;915;399;13136;3
Animals;Animals;Martin Garrix;2013-06-17;304228;67;675;868;1;-636;1;392;107;715;374;376;128007;4
Lost (by Frank Ocean);channel ORANGE;Frank Ocean;2012-07-10;234093;82;913;603;8;-4892;1;226;272;503;167;497;123061;4
We All Stand Together;All The Best (UK Version);Paul McCartney;1987-11-02;263373;55;281;223;0;-14316;1;298;655;114;205;547;145502;3
Run To The Water;The Distance To Here;Live;1999-01-01;267573;47;151;854;8;-4508;0;52;179;851;878;287;181264;4
Maybe Tomorrow;You Gotta Go There To Come Back;Stereophonics;2003-01-01;272946;65;495;653;7;-6769;0;361;217;458;334;571;80897;4
Show Me Love;Show Me Love;Robin S;1993-06-15;252106;69;811;833;5;-4259;1;153;14;206;769;567;120258;4
Relax;Welcome To The Pleasuredome;Frankie Goes To Hollywood;1984-10-20;236800;72;676;695;11;-13395;0;392;326;109;462;691;11493;4
Red Mij Niet;Red Mij Niet;Maarten Van Roozendaal,Egon Kracht;2001-04-17;269960;31;523;375;4;-9484;1;402;761;481;952;127;1193;4
Blue Suede Shoes;Elvis Presley;Elvis Presley;1956-03-23;119200;64;557;66;2;-7706;1;56;654;166;138;962;95252;4
Father & Friend;Live It Out;Alain Clark;2007-11-02;256200;46;659;616;10;-8938;1;269;509;0;65;663;97891;4
'T Roeie Klied;Kilomeaters ('T Beste Van 20 Joar Rowwen Hèze);Rowwen Hèze;2005-01-01;216506;33;384;607;2;-8872;1;574;222;0;215;89;179332;4
Stranger In Moscow;HIStory - PAST, PRESENT AND FUTURE - BOOK I;Michael Jackson;1995-06-16;343960;57;802;468;1;-8629;1;378;248;601;32;586;129937;4
(I've Had) The Time Of My Life;The Best Of Bill Medley;Bill Medley,Jennifer Warnes;1990-10-01;289066;67;663;784;6;-11245;0;438;125;348;214;505;108492;4
Dancing With Tears In My Eyes;The Collection;Ultravox;1984-11-02;244120;61;588;908;9;-8117;1;431;151;248;596;926;14396;4
Oh, Pretty Woman;The Essential Roy Orbison;Roy Orbison;2006-03-28;176933;64;609;584;9;-9734;1;353;725;0;854;954;127306;4
What A Fool Believes;Minute by Minute;The Doobie Brothers;1978;223866;70;758;378;8;-15308;0;449;284;0;49;985;120736;4
The Racing Rats;An End Has a Start;Editors;2007-01-01;257786;45;311;84;7;-3584;1;51;19;493;781;215;153142;4
Devil Don't Care;Devil Don't Care;DI-RECT;2019-02-22;193088;43;619;858;0;-6811;1;365;153;184;104;334;103993;4
Out Of Space;Experience: Expanded;The Prodigy;1992-09-21;302106;57;652;944;9;-4804;1;515;225;276;103;454;147078;4
In The Army Now;In The Army Now;Status Quo;1986;281746;63;686;722;9;-7094;0;233;101;337;11;904;104665;4
Mijn Van Straat Geredde Roos;Brussel;De Dijk;2008-01-01;207480;32;497;792;2;-4251;1;337;101;0;127;641;8137;4
Why Can't This Be Love;5150;Van Halen;1986-03-24;227693;66;531;626;0;-13371;1;452;606;0;767;746;88236;4
My Baby Just Cares For Me;NINA SIMONE INTEGRAL 1957- 1962;Nina Simone;2023-03-03;217266;24;768;32;11;-14356;0;865;857;542;932;569;118071;4
Een Meisje Van 16;Het Beste Van Boudewijn De Groot;Boudewijn de Groot;1990-01-01;179693;41;622;395;2;-14274;1;569;366;0;264;629;139334;4
Are You Lonesome Tonight?;Elvis 30 #1 Hits;Elvis Presley;2002-09-24;186506;49;421;201;0;-12399;1;436;917;436;116;188;129689;5
Heaven Knows I'm Miserable Now;Trabajar con Rockcito;The Smiths;2023-10-26;215760;30;609;759;6;-4862;1;276;28;0;183;771;114048;4
Riptide;Dream Your Life Away;Vance Joy;2014-09-08;204280;83;484;731;1;-6694;1;379;431;0;151;51;101654;4
In M'n Bloed;In M'n Bloed;Snelle;2021-12-09;162857;52;647;474;6;-11303;1;773;423;407;14;702;105208;4
When You Say Nothing At All;Ronan;Ronan Keating;2000-01-01;256825;72;461;448;7;-10665;1;246;161;118;811;418;17386;4
How My Heart Was Won;How My Heart Was Won;DI-RECT;2023-01-20;219522;52;311;461;5;-6934;1;292;235;0;731;172;149101;4
Green Eyes;A Rush of Blood to the Head;Coldplay;2002-08-08;223040;65;607;405;9;-8607;1;265;539;67;231;233;129543;4
I Sat By The Ocean;...Like Clockwork;Queens of the Stone Age;2013-06-03;235586;66;516;78;8;-4004;0;364;136;715;11;899;116794;4
I've Got Dreams To Remember;The Very Best of Otis Redding;Otis Redding;1992-11-06;195866;45;388;277;9;-1315;1;28;495;0;138;4;14175;3
(Something Inside) So Strong;Jaren 80 Ballads;Labi Siffre;2020-07-17;337493;24;682;375;5;-10309;1;348;418;575;984;225;82187;4
Twist In My Sobriety;Ancient Heart;Tanita Tikaram;1988-09-12;292080;60;775;562;10;-11246;0;25;655;153;747;939;114527;4
I Need My Girl;Trouble Will Find Me;The National;2013-05-20;245240;64;52;436;0;-11508;0;355;865;651;123;114;126053;4
Happiness;A Solitary Man;Jonathan Jeremiah;2011;181640;49;534;575;11;-976;1;583;719;0;132;494;8897;4
All Night Long (All Night);Can't Slow Down;Lionel Richie;1983-01-01;382973;55;714;583;1;-13346;1;391;273;813;288;849;108822;4
Hart Van Mijn Gevoel;Onvoorspelbaar;De Kast;1999;268866;41;437;433;3;-9894;1;268;543;0;145;264;139801;4
The Road To Mandalay;Sing When You're Winning;Robbie Williams;2000-01-01;237400;53;616;684;0;-8128;0;285;102;522;144;505;9924;4
I'm Going Home;Roadworks;Ten Years After;2005-01-01;638933;26;379;931;2;-1925;1;981;178;202;812;403;11679;4
25 Or 6 To 4;Chicago IX: Chicago's Greatest Hits;Chicago;1975-11-10;293093;45;612;869;7;-9866;1;515;241;367;858;771;147502;4
I'm A Believer;The Best of The Monkees;The Monkees;2008-07-01;165613;55;502;772;0;-6205;1;322;595;247;199;935;79463;4
You Should Be Dancing;The Ultimate Bee Gees;Bee Gees;2009-11-03;256453;60;704;852;0;-6521;1;302;283;352;625;96;122969;4
God Save The Queen;Never Mind The Bollocks, Here’s The Sex Pistols;Sex Pistols;1977-10-27;199453;59;304;901;9;-7756;1;602;105;376;158;541;147199;4
Links Rechts;… En Door;Snollebollekes;2017-02-03;159000;55;432;819;10;-6027;0;186;23;0;9;664;150082;4
Stuck In A Moment You Can't Get Out Of;All That You Can't Leave Behind;U2;2000-01-01;273466;65;526;665;4;-4997;1;243;407;271;169;285;158493;4
Water Of Love;Dire Straits;Dire Straits;1978-10-07;325133;59;817;552;7;-12962;1;336;481;144;187;939;120918;4
There Must Be An Angel (Playing With My Heart);Greatest Hits;Eurythmics,Annie Lennox,Dave Stewart;1991-02-28;280360;57;539;672;0;-1136;1;472;342;105;123;611;112399;4
Rearviewmirror;rearviewmirror (greatest hits 1991-2003);Pearl Jam;2004-11-16;283906;37;366;963;11;-4346;0;911;152;575;258;333;158596;4
Waiting For Love;Stories;Avicii;2015-10-02;230613;80;579;736;6;-3863;0;527;31;0;198;613;127999;4
Made In Heaven;Made In Heaven (2011 Remaster);Queen;1995-11-06;324920;48;404;734;8;-5825;1;479;202;0;3;361;77833;4
Somebody To Love (by Jefferson Airplane);Surrealistic Pillow;Jefferson Airplane;1967;174840;69;504;578;4;-9302;1;31;408;0;321;654;132411;4
More Than This;Avalon;Roxy Music;1982-05-01;270651;68;653;666;6;-7808;1;249;508;466;139;765;128505;4
I Can't Make You Love Me;Luck Of The Draw;Bonnie Raitt;1991-01-01;332960;61;588;149;7;-16728;0;319;846;965;236;113;124689;4
Famous Blue Raincoat;Songs Of Love And Hate;Leonard Cohen;1971-03-19;310773;59;474;404;9;-22208;0;387;948;263;111;18;119415;3
Black Night;Deepest Purple: The Very Best of Deep Purple;Deep Purple;1990-07-23;207093;45;531;842;9;-10368;1;113;418;567;118;84;134661;4
City Of Blinding Lights;How To Dismantle An Atomic Bomb;U2;2004-01-01;345706;59;444;771;8;-4127;1;304;234;184;108;198;139172;4
Uptown Girl;An Innocent Man;Billy Joel;1983-08-08;197706;79;701;944;4;-2986;1;455;755;0;601;792;128993;4
Homeless;Graceland (25th Anniversary Deluxe Edition);Paul Simon,Ladysmith Black Mambazo;1986-08-12;228413;44;404;27;6;-16337;1;681;875;0;262;294;91396;3
Slow Hands;Flicker (Deluxe);Niall Horan;2017-10-20;188174;76;735;425;0;-6648;1;464;11;0;55;848;85896;4
Girls Just Want To Have Fun;She's So Unusual;Cyndi Lauper;1983-10-14;238266;79;71;799;6;-4897;1;328;22;602;349;725;120372;4
Mmm Mmm Mmm Mmm;God Shuffled His Feet;Crash Test Dummies;1993-04-05;235173;65;58;575;3;-772;1;231;25;183;813;37;92934;4
Luka;Solitude Standing;Suzanne Vega;1987-01-01;231933;62;63;697;6;-10654;1;311;189;258;116;796;124956;4
Laat Het Vanavond Gebeuren;Het Beste Van;De Dijk;1998-01-01;262840;27;602;903;9;-8748;1;666;202;541;246;915;92314;4
Long Cool Woman (In A Black Dress);20 Golden Greats;The Hollies;1978-07-01;197133;35;761;788;4;-11672;1;596;44;531;341;768;138902;4
Blah Blah Blah;Blah Blah Blah;Armin van Buuren;2018-05-18;183518;65;612;963;5;-3912;0;531;897;378;294;179;138009;4
La Vie En Rose;Portfolio;Grace Jones;1977-01-01;448000;54;65;477;0;-16007;1;624;225;16;642;798;176708;4
Black Dog;Led Zeppelin IV (Deluxe Edition);Led Zeppelin;1971-11-08;295386;71;437;864;4;-7842;0;904;396;314;242;749;81394;4
Heaven For Everyone;Greatest Hits III;Queen;1999-11-09;277600;36;61;46;0;-8907;1;282;357;0;158;308;11017;4
Tumble And Fall;Pergola;JOHAN;2001-04-23;208600;33;454;606;9;-7446;1;295;219;105;864;483;170414;4
Moon Over Bourbon Street;The Dream Of The Blue Turtles;Sting;1985-01-01;240306;47;413;563;5;-22264;0;41;67;126;102;183;124977;4
The Blower's Daughter;O;Damien Rice;2003-03-24;286653;63;342;2;4;-13569;1;324;134;153;341;743;133113;4
Galway Girl;÷ (Deluxe);Ed Sheeran;2017-03-03;170826;78;624;876;9;-3374;1;1;735;0;327;781;99943;4
Into The Mystic;70's Soft Rock Essentials;Van Morrison;2016-11-11;207893;35;586;414;5;-14428;0;325;35;416;127;837;85614;4
Overture;Tommy;The Who;1969-05-23;320031;39;483;617;0;-10488;1;349;557;691;143;185;118105;4
Detroit Rock City;Smashes, Thrashes And Hits;KISS;1988-11-15;227466;51;454;847;0;-10981;0;115;953;285;15;317;90291;4
Never Gonna Not Dance Again;TRUSTFALL;P!nk;2023-02-17;225789;67;668;802;5;-4005;0;917;273;0;163;769;113796;4
Sound Of The Screaming Day;Golden Years Of Dutch Pop Music;Golden Earring;2015-03-27;170400;34;522;554;2;-10166;1;304;101;0;129;605;137817;4
Cruel Summer;Lover;Taylor Swift;2019-08-23;178426;95;552;702;9;-5707;1;157;117;206;105;564;169994;4
Sharks;Sharks;Imagine Dragons;2022-06-24;190883;72;927;642;10;-4466;0;657;791;362;279;901;123969;4
Man! I Feel Like A Woman;Come On Over;Shania Twain;1997-11-04;234493;71;657;639;10;-7527;1;412;581;0;278;674;124882;4
This Is The Moment;This Is The Moment;Son Mieux;2022-11-11;200089;43;723;826;9;-4816;0;343;9;898;186;592;112032;4
Nicotine;Amigo;Chef'Special;2017-03-03;238100;56;64;302;5;-9532;1;295;622;244;965;439;9004;4
A Little Less Conversation;Elvis 30 #1 Hits;Elvis Presley,Junkie XL;2002-09-24;213240;57;59;976;11;-4866;0;488;154;293;155;686;114996;4
Europa (Earth's Cry Heaven's Smile);Ultimate Santana;Santana;2007-09-25;305946;52;296;669;0;-5364;0;452;3;831;154;679;74692;4
Invisible Touch;Turn It On Again - The Hits;Genesis;1999-10-25;208066;39;677;877;0;-5327;1;288;218;394;12;868;131042;4
Panama;Best of Volume 1;Van Halen;1996-09-24;212640;52;514;987;8;-5391;1;109;135;193;697;298;141257;4
Wij Zullen Doorgaan;Wij Zullen Doorgaan;Ramses Shaffy;1972-01-01;140200;28;43;297;2;-15068;1;377;903;162;37;404;11349;4
Gute Nacht Freunde;Mein Achtel Lorbeerblatt;Reinhard Mey;1972-01-01;171333;38;64;254;9;-1547;1;538;852;106;107;742;109802;4
Calling Elvis;On Every Street;Dire Straits;1991-09-10;384906;53;611;571;4;-1172;1;314;939;787;164;386;120049;4
Midnight Rambler;Let It Bleed;The Rolling Stones;1969-12-05;412760;47;403;658;9;-10285;1;118;772;396;166;512;75488;4
When I Come Around;Dookie;Green Day;1994-02-01;178000;77;531;909;11;-4236;1;34;175;0;231;814;97546;4
Blitzkrieg Bop;Hey Ho Let's Go;Ramones;2017-04-14;133440;53;547;733;9;-6558;1;433;103;131;117;962;176198;4
Proosten;Het Beste Van Guus Meeuwis;Guus Meeuwis;2010-01-01;232413;44;639;652;5;-6285;1;273;425;135;12;762;136152;4
Vertigo;How To Dismantle An Atomic Bomb;U2;2004-01-01;193520;66;416;819;9;-3974;1;613;138;108;147;632;140083;4
Everything She Wants;Make It Big;Wham!;1984-10-23;302693;69;899;459;6;-15557;0;366;322;406;165;962;11509;4
Love Is The Drug;Siren;Roxy Music;1975-10-01;251333;57;838;757;2;-5399;1;927;59;119;271;602;12465;4
Pyro;Come Around Sundown (Expanded Edition);Kings of Leon;2010-10-19;250533;67;365;606;1;-7174;0;415;757;52;103;191;114995;4
Bright Eyes (by RONDÉ);Bright Eyes;RONDÉ;2022-09-23;171226;52;672;834;6;-4871;0;547;149;0;619;766;123977;4
I Love You Like I Love Myself;Go Nutz;Herman Brood & His Wild Romance;1979-11-04;214533;32;507;823;7;-6408;1;496;978;0;35;881;146923;4
Off The Wall;Off the Wall;Michael Jackson;1979-08-10;246000;65;827;595;3;-13909;0;565;182;0;785;921;118741;4
Geen Kind Meer;Kameleon;Karin Bloemen;1999-07-12;263466;34;499;173;10;-15678;0;333;946;273;142;249;77197;3
Dakota;Language.Sex.Violence.Other?;Stereophonics;2005-01-01;297426;69;506;93;4;-3499;1;675;129;682;931;305;146994;4
Will You Be There;The Essential Michael Jackson;Michael Jackson;2005-07-19;220386;57;413;626;6;-6504;0;735;511;338;845;435;82971;4
Mensch;Was Muss Muss - Best Of;Herbert Grönemeyer;2008-01-01;270320;49;682;781;11;-5566;0;797;272;149;768;865;174025;4
Gloria;Under A Blood Red Sky (Remastered);U2;1983-08-20;287000;37;26;948;3;-6149;0;969;371;15;991;605;146768;4
Memories (by Within Temptation);The Silent Force;Within Temptation;2004-11-12;231186;50;43;676;10;-7367;0;272;15;247;187;215;90927;4
I Got You Babe;Baggariddim;UB40,Chrissie Hynde;1985-01-01;189093;63;756;61;5;-13002;1;709;806;789;114;863;173818;4
Handle With Care;The Traveling Wilburys, Vol. 1;Traveling Wilburys;1988-10-18;199586;64;676;771;7;-5981;1;283;109;0;247;708;115073;4
The Drugs Don't Work;Urban Hymns (Deluxe / Remastered 2016);The Verve;1997-09-29;304880;62;442;52;0;-8648;1;261;184;0;154;177;77437;4
Morgen Wordt Fantastisch;Morgen Wordt Fantastisch;Acda en de Munnik;2023-03-23;158604;55;653;79;1;-6947;1;679;14;0;19;764;112012;4
Up Around The Bend;Cosmo's Factory (Expanded Edition);Creedence Clearwater Revival;1970-07-25;161466;62;589;85;2;-6143;1;343;606;779;274;813;130318;4
Mooi Liedje;Acda & De Munnik;Acda en de Munnik;1997-06-27;179000;43;492;208;2;-10585;1;383;958;112;102;219;177208;4
Apache;Another String of Hot Hits (And More!);The Shadows;1987-10-05;174186;54;595;451;9;-12987;0;288;106;929;962;779;133671;4
Hemel Valt;Lobi Da Basi;Typhoon;2014-06-20;160840;43;664;736;5;-666;1;136;239;0;327;742;96829;4
1 Nacht Alleen;4us;Doe Maar;2008-01-01;239586;45;804;565;10;-11319;0;369;388;107;13;925;126283;4
One Love/People Get Ready;Legend - The Best Of Bob Marley And The Wailers;Bob Marley & The Wailers;2002-01-01;172200;60;73;508;0;-9575;0;319;716;0;605;936;76494;4
Don't Stand So Close To Me;Zenyatta Mondatta (Remastered 2003);The Police;1980-10-03;242666;71;799;506;2;-9414;1;606;453;107;365;518;140309;4
Promises Of No Man's Land;Promises of No Man's Land;Blaudzun;2014-03-07;214756;39;616;846;7;-6005;0;29;116;411;243;643;123941;4
Still Believe;Cha Cha;Herman Brood & His Wild Romance;1978;190960;33;601;853;4;-8336;0;254;119;309;634;64;9533;4
Don't Let Me Down;The Beatles 1967 - 1970 (Remastered);The Beatles;1973-04-02;215733;67;593;289;4;-11049;1;259;568;829;928;733;77119;4
The Cross;Sign O the Times;Prince;1987-03-30;285693;36;443;636;4;-6724;1;59;526;757;641;248;99424;4
Summertime (by Ella Fitzgerald & Louis Armstrong);Porgy And Bess;Ella Fitzgerald,Louis Armstrong;1958-01-01;298133;64;172;696;11;-21295;0;339;916;199;137;103;167974;5
I'll Be Over You;Fahrenheit;TOTO;1986-08;229880;70;515;277;10;-1785;1;255;62;0;258;413;82167;4
Here Comes The Rain Again;Touch (Reissue - Deluxe Edition);Eurythmics,Annie Lennox,Dave Stewart;1983-11-14;294586;65;648;755;0;-7901;1;3;139;253;225;607;126341;4
It's Raining Again;Famous Last Words (Remastered);Supertramp;1982-10-06;264240;63;603;674;10;-6808;1;295;62;261;26;559;121261;4
Tonight, Tonight;Mellon Collie And The Infinite Sadness (Deluxe Edition);The Smashing Pumpkins;1995;254626;66;277;67;6;-9381;1;376;628;751;237;217;148342;4
Dynamite;A's, B's And Rarities;Mud;2005-12-20;176680;40;578;92;1;-4621;0;641;281;147;198;772;141061;4
Hold On Tight;Hold On Tight;Solomon Burke,De Dijk;2010-01-01;324306;37;632;725;4;-5902;0;317;863;851;163;504;8916;4
Just The Way You Are;Doo-Wops & Hooligans;Bruno Mars;2010-10-05;220734;79;635;841;5;-5379;1;422;134;0;622;424;109021;4
Later Als Ik Groter Ben;Hier - Het Beste Van 20 Jaar BLØF;BLØF;2012-01-01;204866;44;533;726;2;-5247;1;328;538;298;804;569;130047;4
Fly Like An Eagle;Fly Like An Eagle;Steve Miller Band;1976-01-01;282693;65;561;754;9;-12769;0;112;61;194;328;642;10008;4
Two Tribes;Welcome To The Pleasuredome;Frankie Goes To Hollywood;1984-10-20;208133;54;54;621;7;-13165;1;369;292;287;367;195;130202;4
Domino;Of Zo...;Clouseau;1990-01-01;247693;44;494;187;5;-16445;1;366;721;0;218;199;75206;4
Royals;Pure Heroine;Lorde;2013-09-27;190185;80;674;428;7;-9504;1;122;121;0;132;337;84878;4
Blackstar;Blackstar;David Bowie;2016-01-08;597933;48;364;525;6;-9203;1;321;208;605;183;122;98042;4
Merry Christmas;Merry Christmas;Ed Sheeran,Elton John;2021-12-03;208546;90;594;935;0;-2018;1;357;243;236;102;602;11399;4
Ik Heb Je Lief;Tussen De Liefde En De Leegte;Stef Bos;1992-01-01;178106;33;584;172;2;-15517;1;294;815;848;864;204;139926;4
Budapest;Wanted on Voyage (Expanded Edition);George Ezra;2014-06-30;200733;79;717;455;5;-8303;1;276;846;0;11;389;127812;4
Ms. Jackson;Stankonia;Outkast;2000-10-31;270506;81;843;806;4;-5946;0;269;143;0;771;613;94948;4
The Devil Made Me Do It;Cut;Golden Earring;1982;205733;29;439;874;9;-6545;1;523;315;0;39;829;174324;4
Wonderful Life;Wonderful Life;Black;1987-01-01;287933;65;72;521;7;-12468;1;302;705;36;214;823;106055;4
Live And Let Die (by Paul McCartney & Wings);All The Best (UK Version);Paul McCartney,Wings;1987-11-02;191493;49;388;41;7;-13285;1;565;229;27;221;223;15424;5
Sing For Absolution;Absolution;Muse;2003-09-15;295767;49;41;717;5;-6099;1;322;373;915;854;176;170019;4
Show Me The Way;Frampton Comes Alive! (Deluxe Edition);Peter Frampton;1976;272466;49;556;944;2;-4267;1;445;325;0;943;452;132436;4
The Life I Live;Revolution;Q65;1966-01-01;199400;35;607;453;0;-11852;1;4;106;102;288;757;130952;4
Don't You Worry Child;Don't You Worry Child;Swedish House Mafia,John Martin;2012-09-14;212862;81;612;84;11;-3145;0;509;112;0;116;438;129042;4
(They Long To Be) Close To You;Close To You;Carpenters;1970-01-01;273933;66;528;233;8;-15362;1;346;726;108;122;208;89044;4
Love Really Hurts Without You;Billy Ocean (Expanded Edition);Billy Ocean;1976-01-05;179013;69;518;907;5;-3732;1;343;221;115;838;961;140982;4
Feeling Good (by Muse);Origin of Symmetry;Muse;2001;198800;64;345;418;7;-7787;0;316;299;175;103;267;109044;3
Lover, You Should've Come Over;Grace;Jeff Buckley;1994;404213;72;387;595;2;-567;1;389;361;11;174;151;11938;3
Fire (by The Pointer Sisters);Energy (Expanded Edition);The Pointer Sisters;1978;210640;55;65;615;1;-9332;1;342;201;235;805;637;118294;4
Met Hart En Ziel;Met Hart En Ziel;Tröckener Kecks;1990-09-01;226200;32;383;61;7;-11887;1;303;113;0;26;697;167246;4
See Me, Feel Me;The Who Hits 50 (Deluxe);The Who;2014-10-27;216596;39;375;336;0;-10513;1;308;914;0;77;759;93988;4
Blue Hotel;Chris Isaak;Chris Isaak;1987-03-10;192866;56;518;653;5;-10969;0;351;126;56;996;523;149089;4
Out In The Fields;Out In The Fields - The Very Best Of Gary Moore;Gary Moore,Phil Lynott;1998-01-01;256760;28;421;967;2;-5935;0;929;112;641;397;366;180282;4
Under My Thumb;Aftermath;The Rolling Stones;1966-04-15;221533;66;732;494;6;-13571;0;406;299;205;919;799;126986;4
The Weight (by Danny Vera);The New Now;Danny Vera;2020-11-13;213586;41;303;924;3;-6511;0;737;143;548;118;567;178178;4
Prikkebeen;Het Beste Van Boudewijn De Groot;Boudewijn de Groot,Elly Nieman;1990-01-01;252760;32;55;447;11;-11853;1;305;21;264;102;424;109598;4
Long Train Runnin';The Captain and Me;The Doobie Brothers;1973;207266;72;575;912;7;-7275;0;393;916;211;562;843;117399;4
Als De Zon Schijnt;Wij;André van Duin;1982;151693;41;564;816;11;-6829;1;101;439;731;904;947;166968;4
Meer Dan Een Ander;Het Beste Van 1994 - 2001;Van Dik Hout;2001-05-07;222600;33;565;233;2;-993;0;284;823;0;701;237;94172;4
Waiting On The World To Change;Continuum;John Mayer;2006-09-11;201173;73;578;756;2;-582;1;115;157;232;249;663;176739;4
Love Shack;Cosmic Thing;The B-52's;1989-06-23;320680;71;701;803;5;-6786;0;545;544;154;7;903;133608;4
Fame;Young Americans (2016 Remaster);David Bowie;1975-03-07;261373;61;786;555;10;-10276;1;471;454;173;826;673;951;4
Brilliant Disguise;Tunnel Of Love;Bruce Springsteen;1987-10-09;254840;57;703;726;9;-12438;1;29;152;145;319;949;126353;4
Politik;A Rush of Blood to the Head;Coldplay;2002-08-08;318626;63;262;482;5;-775;0;294;364;189;11;63;170968;4
The Thrill Is Gone;Completely Well;B.B. King;1969-12-05;324733;62;547;46;11;-8759;0;256;344;442;983;543;90768;4
Breakeven;The Script;The Script;2008-07-14;261426;75;63;696;10;-4501;1;242;144;0;835;491;94034;4
Je Loog Tegen Mij;Drukwerk;Drukwerk;1981-01-01;206360;49;621;35;9;-14463;1;312;455;0;862;663;7897;3
Tijd Genoeg;Doris Day en Andere Stukken;Doe Maar;2008-06-13;247373;38;766;341;0;-12867;1;102;461;382;112;669;119306;4
Mannish Boy;King Of The Electric Blues;Muddy Waters;1977;321133;62;598;735;2;-10882;1;973;44;215;681;615;111129;3
Hopeless Wanderer;Babel;Mumford & Sons;2012-11-16;307853;40;31;595;7;-7565;0;36;134;468;107;214;78523;4
Green Green Grass;Gold Rush Kid (Christmas Edition);George Ezra;2023-12-04;167613;71;685;738;8;-4413;1;595;695;0;128;8;112972;4
Waves;Waves;Mr. Probz;2013-11-22;174266;60;365;277;5;-12262;0;353;541;287;38;2;173264;4
Don't Look Back;Don't Look Back;Boston;1978-08-02;360333;55;359;717;2;-10309;1;405;15;365;36;47;121878;4
Winter In Hamburg;Welkom In Utopia;Frank Boeijen Groep;1987-01-01;318333;34;596;473;9;-1357;0;306;703;744;107;527;124706;4
Fairground;The Greatest Hits;Simply Red;2012-10-01;266693;48;722;784;6;-656;1;619;207;701;683;726;12286;4
Is This Love (by Whitesnake);Whitesnake's Greatest Hits;Whitesnake;1994-07-04;284400;57;493;747;0;-8521;1;298;711;0;138;536;90239;4
Eyes Without A Face;Rebel Yell;Billy Idol;1983-11-01;299240;76;391;815;9;-6197;1;518;177;226;276;647;84383;4
Teenage Dirtbag;Wheatus;Wheatus;1999-02-15;241666;77;625;85;4;-3904;1;495;346;233;174;633;94661;4
One Vision;Make Some Noise Rock Music;Queen;2023-10-05;310960;22;457;746;2;-14238;1;143;154;14;773;348;119993;4
Celestial;Celestial;Ed Sheeran;2022-09-29;209026;73;574;852;2;-1248;1;397;529;0;161;501;123038;4
Need You Tonight;Kick (Remastered 2011);INXS;1987;181106;75;795;63;10;-7217;0;841;419;575;894;785;108701;4
Woman From Tokyo;Deepest Purple: The Very Best of Deep Purple;Deep Purple;1990-07-23;346586;34;559;7;2;-8352;1;329;993;321;182;421;1273;4
Take Me Home;No Jacket Required (2016 Remaster);Phil Collins;1985-01-25;353573;56;62;807;8;-7753;1;548;471;108;477;579;118796;4
Call Me The Breeze;Naturally;J.J. Cale;1972;156840;60;814;418;11;-15372;1;382;75;116;99;842;91658;4
After Midnight;Naturally;J.J. Cale;1972;143693;64;694;306;2;-19315;1;353;171;736;866;521;95989;4
Take It To The Limit;One of These Nights (2013 Remaster);Eagles;1975-06-10;287090;63;435;423;11;-8795;1;24;916;659;132;451;91137;3
That Was Yesterday;Agent Provocateur;Foreigner;1984-12-12;229053;58;431;683;8;-7417;0;293;477;819;213;506;114877;4
Heavy Cross;Heavy Cross;Gossip;2009-04-24;242786;54;792;697;2;-4204;1;32;946;899;131;22;120051;4
Waterloo Sunset;Something Else (Deluxe);The Kinks;1967-09-15;194520;61;521;692;1;-7377;0;251;976;0;187;432;107704;4
Home Again (by Kensington);Vultures (New Version);Kensington;2012-01-01;196986;40;503;746;11;-614;0;379;111;0;352;295;142068;4
I've Just Lost Somebody;I've Just Lost Somebody;Golden Earring;2005-01-01;184946;35;375;421;9;-1206;0;255;438;467;117;275;88651;4
Kissing A Fool;Ladies And Gentlemen... The Best Of George Michael;George Michael;1998-11-09;275333;51;394;274;5;-14314;1;312;169;816;105;169;116694;3
Fiesta;If I Should Fall from Grace with God (Expanded Edition);The Pogues;1988-09-05;252466;49;413;89;7;-7448;1;749;544;703;184;706;153393;4
Skinny Love;Birdy;Birdy;2011-11-04;201080;72;379;29;4;-8485;1;51;952;106;118;169;166467;4
Thank U;Supposed Former Infatuation Junkie;Alanis Morissette;1998-10-16;258773;65;672;616;0;-5764;1;258;379;273;887;566;92094;4
Isn't It Time?;Broken Heart;The Babys;1977-09-03;243920;47;523;93;0;-6994;1;104;389;133;815;313;117265;4
Pumped Up Kicks;Torches;Foster The People;2011-05-23;239600;83;733;71;5;-5849;0;292;145;115;956;965;127975;4
Hard To Handle;Shake Your Money Maker;The Black Crowes;1990-02-13;188066;69;599;79;4;-358;1;43;257;181;312;961;103783;4
The Way We Were;The Way We Were;Barbra Streisand;1974-01;211093;60;264;32;9;-11716;1;325;885;141;134;171;138108;3
Polly;Nevermind (Remastered);Nirvana;1991-09-26;173853;59;83;382;2;-11231;0;566;884;301;11;54;12112;4
Hey There Delilah;All That We Needed;Plain White T's;2005-01-01;232533;78;656;291;2;-10572;1;293;872;0;114;298;103971;4
Smoorverliefd (by Snelle);Smoorverliefd;Snelle;2020-01-10;177500;51;534;314;11;-8717;1;381;598;0;103;442;9112;4
We Belong To The Night;Nightout;Ellen Foley;1979-06-25;321173;37;359;75;7;-9192;1;371;469;36;234;415;101413;4
Teardrops;80s Soul (International Version);Womack & Womack;2001-01-01;228573;59;872;715;11;-10182;1;468;876;706;177;967;133225;4
No Son Of Mine;The Platinum Collection;Genesis;2004-11-29;395653;44;678;71;4;-4443;0;305;456;414;535;308;104011;4
Up Where We Belong;The Ultimate Collection 1968-2003;Joe Cocker,Jennifer Warnes;2003-12-01;233240;59;573;429;2;-868;1;294;597;818;839;361;139097;4
Beast Of Burden;The Rolling Stones Singles Box Set (1971-2006) [Sampler];The Rolling Stones;2011-01-01;266240;39;801;804;1;-6378;0;315;296;143;332;891;100618;4
Missen Zou;Missen Zou;Thomas Acda,Rolf Sanchez,Kraantje Pappie;2022-03-24;167209;52;705;679;7;-5008;1;463;513;0;152;603;108014;4
This Is My Life;This Is My Life;Shirley Bassey;2018-06-01;295000;37;421;699;1;-11456;1;497;157;122;998;639;126002;4
Gold (by Prince);The Gold Experience;Prince;1995-09-26;442746;42;531;856;10;-3241;1;288;369;137;13;44;90015;4
Cocaine (by J.J. Cale);Troubadour;J.J. Cale;1976-09;169133;57;789;411;6;-1473;1;49;409;583;144;39;104352;4
Late In The Evening;One-Trick Pony;Paul Simon;1980-08-01;242706;56;72;88;5;-8988;1;406;199;246;865;961;118623;4
Met De Vlam In De Pijp;Zingende Wielen;Henk Wijngaard;1978-10-25;188525;49;751;841;0;-8719;1;484;231;0;124;872;97883;4
Into Temptation;Temple Of Low Men;Crowded House;1988-01-01;273800;46;446;37;4;-15877;0;27;478;205;823;256;84186;4
Accidentally In Love;Films About Ghosts: The Best Of...;Counting Crows;2003-01-01;188386;57;555;926;7;-3613;1;363;484;767;171;771;138017;4
Sausolito Summernight;On The Rocks;Diesel;2000;309373;39;629;846;5;-8497;0;927;812;265;103;569;125462;4
I Don't Want To Talk About It;Some Guys Have All the Luck;Rod Stewart;2008-11-16;292186;54;47;476;10;-10448;1;272;448;145;131;417;134903;4
Secret Garden;Greatest Hits;Bruce Springsteen;1995-02-27;266613;64;52;329;0;-14224;1;266;576;418;12;118;86857;4
Single Ladies (Put A Ring On It);I AM...SASHA FIERCE - Platinum Edition;Beyoncé;2008;192586;68;426;584;1;-5293;1;296;383;0;192;272;193438;4
Lover Of The Light;Babel;Mumford & Sons;2012-11-16;314906;39;3;702;2;-6608;1;489;816;337;258;383;105778;4
Do It Again;Can't Buy A Thrill;Steely Dan;1972-11-01;357041;69;655;431;2;-1518;0;32;343;95;711;941;124588;4
Rosalyn;Golden Years Of Dutch Pop Music;Vitesse;2017-04-07;205853;34;383;643;5;-11535;1;477;47;191;148;67;100687;4
Wat Wil Je Van Mij;Wat Wil Je Van Mij;Metejoor,Hannah Mae;2022-11-16;199433;58;734;564;6;-7199;1;32;364;0;527;538;116025;4
Woman;Wolfmother;Wolfmother;2005-01-01;175666;57;191;948;9;-3496;0;217;278;864;945;215;150753;4
Master Blaster (Jammin');Hotter Than July;Stevie Wonder;1980-09-29;307933;60;877;422;10;-14933;0;546;4;406;182;97;131103;4
High And Dry;The Bends;Radiohead;1995-03-13;257480;76;419;383;4;-11782;1;256;724;176;896;35;87568;4
A Night Like This;Deleted Scenes From The Cutting Room Floor;Caro Emerald;2010-01-29;225931;56;87;706;1;-5769;1;417;56;0;104;953;12298;4
New York Minute;The End Of The Innocence;Don Henley;1989-06-27;395400;55;551;289;8;-12214;0;262;334;0;379;117;132133;4
