title;album;artist;date;duration(ms);popularity;danceability;energy;key;loudness;mode;speechiness;acousticness;instrumentalness;liveness;valence;tempo;time_signature
Het Dorp;Sonneveld;Wim Sonneveld;1972-01-01;194400;46;368;32;7;-16267;1;437;752;351;103;462;111762;4
Roller Coaster;Pressure Makes Diamonds;Danny Vera;2019-02-15;269985;62;401;383;9;-10048;1;279;51;78;121;285;96957;4
Du;Für das Mädchen, das ich liebe;Peter Maffay;1970-06-07;298093;51;493;453;11;-1199;1;265;15;435;427;461;94021;3
Lea;Cats;The Cats;1968-01-01;221986;44;177;522;8;-7724;1;332;391;242;618;417;166502;3
Avond;Een Nieuwe Herfst;Boudewijn de Groot;1996-01-01;274293;55;456;37;0;-1524;1;405;617;939;136;186;99455;4
Voor Haar;Frans Halsema 1939-1984;Frans Halsema;1985-01-01;172426;46;344;22;3;-16309;1;323;849;696;165;332;8339;4
Hotel California;Take It To The Summit (Houston, TX 16th Nov '76);Eagles;1976;421146;53;478;628;2;-9979;1;366;257;0;327;613;143693;4
The Sound Of Silence (by Simon & Garfunkel);The Singer;Simon & Garfunkel;2012-08-28;184786;62;535;225;6;-13865;1;301;869;157;988;338;107384;4
A Whiter Shade Of Pale;Ensemble - Terra new edition;Procol Harum;2010-12-27;258026;31;493;229;4;-18376;1;327;895;783;622;277;148365;4
Nights In White Satin;Nights In White Satin;The Moody Blues;2017-05-19;264997;58;19;344;4;-12064;0;309;252;327;194;218;156888;3
Foto Van Vroeger;Het Beste Van Rob de Nijs;Rob De Nijs;2022-04-08;279240;33;461;515;9;-8938;1;324;594;0;205;142;89097;4
Scarlet Ribbons;Colour Us Gold;The Cats;1969-01-01;196640;43;475;422;11;-10091;1;268;921;508;14;466;100694;4
One Way Wind;Aglow;The Cats;1971-01-01;220893;50;645;653;4;-9576;1;249;388;229;179;723;108867;4
Pastorale;Ramses Shaffy - Laat Me;Liesbeth List,Ramses Shaffy;2009-01-01;256186;41;483;392;2;-1433;1;285;498;0;389;395;111794;4
Bridge Over Troubled Water;Bridge Over Troubled Water;Simon & Garfunkel;1970-01-26;293120;69;149;206;3;-13888;1;323;822;649;115;264;79764;4
The Last Resort;Hotel California (2013 Remaster);Eagles;1976-12-08;444911;53;549;28;7;-10692;1;311;474;612;16;299;12583;4
Bohemian Rhapsody;Bohemian Rhapsody (The Original Soundtrack);Queen;2018-10-19;354947;72;39;397;0;-9963;0;513;287;0;207;246;144031;4
Marian;Colour Us Gold;The Cats;1969-01-01;240400;43;387;45;0;-10192;1;275;442;0;191;385;79652;4
Love Of My Life;A Night At The Opera (Deluxe Edition 2011 Remaster);Queen;1975-11-21;217386;71;329;179;5;-11589;1;299;933;504;115;255;154175;4
De Vondeling Van Ameland;Collected (1964 - 2016);Boudewijn de Groot;2016-09-16;301880;35;364;354;0;-11073;1;301;479;121;109;248;110257;4
Stairway To Heaven;Greatest 70's Classic Hits;Led Zeppelin;2023-01-27;482830;38;339;34;7;-12049;1;34;582;297;116;198;83495;4
God Only Knows;50 Big Ones: Greatest Hits;The Beach Boys;2012-01-01;175786;51;433;469;6;-9853;0;32;156;0;479;334;115876;4
Imagine;Imagine;John Lennon;1971-09-09;187866;77;547;257;0;-12358;1;252;907;183;935;169;75752;4
Child In Time;Deepest Purple: The Very Best of Deep Purple;Deep Purple;1990-07-23;619266;55;331;34;9;-14784;0;369;313;607;234;365;126672;4
Hallelujah (by Leonard Cohen);Various Positions;Leonard Cohen;1984-12-11;277160;63;28;344;0;-12577;1;293;715;642;133;232;171143;3
Times Were When;Cats;The Cats;1968-01-01;191306;40;453;557;9;-8933;1;268;238;0;462;612;9893;4
Brothers In Arms;Brothers In Arms - 20th Anniversary Edition;Dire Straits;1985-05-13;419773;67;214;423;8;-9454;0;323;53;876;119;136;76145;4
Radar Love;The Long Versions - Part One;Golden Earring;2008-10-22;386706;57;504;719;1;-9155;0;431;878;149;75;177;102144;4
Wish You Were Here;Echoes - The Best Of Pink Floyd;Pink Floyd;2001;321080;44;499;318;7;-13776;1;485;718;101;379;282;121498;4
Het Werd Zomer;Tussen Zomer En Winter (Expanded Edition);Rob De Nijs;1977-01-01;247814;47;352;532;2;-9924;1;362;284;0;178;4;136013;4
Comfortably Numb;The Wall (Remastered);Pink Floyd;1979-11-30;379213;68;479;309;11;-14751;0;299;153;22;134;182;127155;4
Just A Little Bit Of Peace In My Heart;On The Double;Golden Earring;1969;319773;37;272;724;9;-6381;0;325;684;101;601;259;94599;4
Testament;Voor De Overlevenden;Boudewijn de Groot;1966-01-01;195333;44;575;32;2;-13459;1;469;537;0;134;647;122081;4
The House Of The Rising Sun;The Singles Plus;The Animals;1987-10-19;269906;74;316;484;9;-911;0;308;334;445;912;299;117363;3
Let It Be;Let It Be (Remastered);The Beatles;1970-05-08;243026;77;443;403;0;-8339;1;322;631;0;111;41;143462;4
Window Of My Eyes;The American Original Motion Picture Soundtrack;Cuby & The Blizzards;2010-01-01;207946;24;579;334;7;-16021;0;265;23;501;331;371;91728;3
Piano Man;The Essential Billy Joel;Billy Joel;2001-10-02;336093;64;334;472;0;-8791;1;277;6;362;317;431;179173;3
Angie;Goats Head Soup (Remastered 2009);The Rolling Stones;1973-08-31;272000;72;429;554;9;-6128;0;291;67;152;105;407;136302;4
Old And Wise;Eye In The Sky (Expanded Edition);The Alan Parsons Project;1982;295253;55;375;317;0;-11741;0;315;727;292;123;12;112003;4
Shine On You Crazy Diamond;Wish You Were Here (Remastered Version);Pink Floyd;1975-09-12;810293;63;27;214;7;-15779;0;29;738;661;117;445;135869;3
I Am... I Said;All-Time Greatest Hits;Neil Diamond;2014-07-08;214946;49;249;553;10;-7288;1;269;104;687;995;504;90399;4
La Bohème;La Bohème (Remastered 2014);Charles Aznavour;1966;245186;66;377;337;0;-7346;0;341;808;0;238;545;117316;3
Where Have I Been Wrong;Take Me With You;The Cats;1970-01-01;315906;34;403;637;9;-924;1;287;429;141;784;463;102856;4
In The Ghetto;From Elvis in Memphis;Elvis Presley;1969-06-17;167413;66;404;266;10;-16688;1;334;716;133;107;491;88916;4
Yesterday;Help! (Remastered);The Beatles;1965-08-06;125666;77;332;179;5;-1183;1;326;879;0;886;315;96529;4
I Put A Spell On You;Creedence Clearwater Revival (Expanded Edition);Creedence Clearwater Revival;1968-07-05;271786;61;391;732;4;-8188;0;295;471;121;979;622;100354;4
Verdronken Vlinder;Voor De Overlevenden;Boudewijn de Groot;1966-01-01;147000;44;348;481;10;-12218;1;396;516;832;164;781;12873;4
Sweet Caroline;Sweet Caroline;Neil Diamond;1969-06-06;203573;76;529;127;11;-16066;1;274;611;109;237;578;6305;4
Rock 'N Roll (I Gave You The Best Years Of My Life);Love In Your Eyes;The Cats;1974-01-01;299280;40;357;517;3;-10548;1;422;44;283;732;516;95966;4
Vaya Con Dios;Cats;The Cats;1968-01-01;207586;40;185;477;4;-6821;1;34;537;0;44;566;77143;3
Why;Colour Us Gold;The Cats;1969-01-01;239626;37;374;557;4;-7323;1;353;445;0;268;476;78873;4
Have You Ever Seen The Rain;Pendulum (Expanded Edition);Creedence Clearwater Revival;1970-12-07;160133;85;741;697;0;-7028;1;277;664;228;133;774;116109;4
Mag Ik Dan Bij Jou;Wat ik zeker weet;Claudia De Breij;2010-11-03;206133;49;541;291;0;-9478;1;344;968;85;708;188;133444;4
She (by Charles Aznavour);Collected;Charles Aznavour;2016-02-26;152240;37;404;387;1;-9701;1;305;23;0;175;35;130139;4
Riders On The Storm;L.A. Woman;The Doors;1971-04-19;434720;71;55;722;11;-11729;0;283;25;129;11;716;103886;4
Het Is Nog Nooit Zo Donker West;Mien Toentje;Ede Staal;1984-12-01;274266;35;62;206;3;-2042;1;315;58;0;89;423;98105;4
La Comparsa;La Comparsa;ZZ en de Maskers;1991-09-20;164426;33;467;412;4;-10455;1;291;543;741;982;75;103454;4
Over De Muur;Het Beste Van Klein Orkest;Klein Orkest;1987-01-01;209493;52;612;321;0;-15231;1;506;629;105;144;287;95977;4
Paradise By The Dashboard Light;Bat Out Of Hell;Meat Loaf;1977-10-21;508333;65;326;872;2;-7602;1;122;214;0;461;492;173381;4
Dancing Queen;Arrival;ABBA;1976;230400;83;543;87;9;-6514;1;428;358;939;792;754;100804;4
Paint It Black;Aftermath;The Rolling Stones;1966-04-15;202266;82;464;795;1;-9267;1;926;493;244;399;612;158691;4
The Rose;The Best Bette;Bette Midler;2008-09-22;215026;53;186;971;0;-13002;1;342;94;0;122;745;65776;5
Door De Wind;Beste Zangers 2020 (Miss Montreal);Miss Montreal,Beste Zangers;2020-10-30;170277;56;579;945;3;-18377;1;396;705;427;817;353;123994;4
Sultans Of Swing;Dire Straits;Dire Straits;1978-10-07;348400;81;733;794;5;-10023;1;307;614;367;33;931;148174;4
Ruthless Queen;Phantom Of The Night (Remastered);Kayak;1978-01-01;291840;33;505;387;5;-11782;1;31;669;846;114;211;12387;4
Hey Jude;Love;The Beatles;2006-11-17;238854;64;462;632;5;-7438;1;248;91;0;397;585;74268;4
Papa;Is Dit Nu Later;Stef Bos;1990-03-16;193093;54;744;322;0;-13004;1;337;718;162;841;294;119941;4
Always On My Mind (by Elvis Presley);Elvis (Fool);Elvis Presley;1973-07-16;218440;70;358;387;7;-14342;1;324;746;121;119;495;181183;4
In Dreams;In Dreams;Roy Orbison;1963-07;169160;50;495;435;0;-999;1;286;67;38;13;71;108189;4
The Boxer;Bridge Over Troubled Water;Simon & Garfunkel;1970-01-26;308520;70;439;488;11;-14464;1;615;702;339;16;629;93017;4
Who'll Stop The Rain;Cosmo's Factory (Expanded Edition);Creedence Clearwater Revival;1970-07-25;147493;61;598;797;7;-6793;1;332;424;407;717;622;123566;4
My Boy;Good Times;Elvis Presley;1974-05-20;198853;54;387;534;11;-11809;0;331;586;84;607;372;92475;4
Desperado;Take It To The Summit (Houston, TX 16th Nov '76);Eagles;1976;262713;34;343;198;7;-15354;1;359;841;217;935;2;118807;4
Unchained Melody;Just Once In My Life;The Righteous Brothers;1965-04-04;218013;75;339;208;0;-16725;1;308;396;519;18;288;9854;3
Oude Maasweg;Badmuts Verplicht;The Amazing Stroopwafels;1994-07-01;205520;44;751;259;8;-15428;1;409;698;29;123;131;89774;4
Go Your Own Way;Greatest Hits;Fleetwood Mac;1988-11-21;218400;59;597;812;5;-12062;1;315;219;106;102;823;13568;4
Music;Decca Singles 1975-1979;John Miles;2012;353733;48;251;467;4;-7112;1;305;231;358;352;15;83347;4
Non Je Ne Regrette Rien;Eternelle;Édith Piaf;1987-10-31;142280;67;382;354;7;-6595;1;289;858;311;168;435;87018;4
Albatross;English Rose;Fleetwood Mac;1969-01-01;190106;58;468;105;6;-16289;0;327;804;874;109;25;67168;4
The Day Before You Came;The Visitors (Deluxe Edition);ABBA;1981;349080;53;801;388;0;-14594;0;354;498;421;525;736;108071;4
Kalverliefde;Vanavond Tussen 8 En 11 Live (Alle Liedjes Uit Het Lang Genoeg Jong Concert);Robert Long;2000-05-01;233520;33;481;146;7;-1664;1;519;871;298;823;392;136852;4
The End Of The Show;Signed By The Cats;The Cats;2003;271293;35;581;607;10;-10293;1;311;596;722;774;616;116542;4
Waarom Fluister Ik Je Naam Nog;Het Zwarte Goud;Benny Neyman;1984;227000;42;459;361;4;-13325;1;263;322;422;2;37;94236;4
Perhaps Love;John Denver's Greatest Hits, Volume 3;John Denver,Plácido Domingo;1984-11-01;177306;48;393;248;9;-10942;1;363;794;188;953;203;80755;4
Ode Aan Maastricht;De Beste Van... Benny Neyman;Benny Neyman;1980;255720;17;498;19;4;-15605;1;373;885;81;921;281;96207;4
Massachusetts;Horizontal;Bee Gees;1968-01-01;147533;61;215;459;7;-13406;1;544;861;934;619;443;50732;4
Suspicious Minds;From Elvis in Memphis;Elvis Presley;1969-06-17;261279;72;487;382;7;-10889;1;309;422;474;411;714;116557;4
Songbird (by Fleetwood Mac);Tusk (Deluxe Edition);Fleetwood Mac;1979-10-12;253213;32;293;145;5;-15282;1;353;905;531;955;203;15909;4
Private Investigations;Love Over Gold;Dire Straits;1982-09-20;405893;56;356;967;9;-20084;1;315;696;691;801;67;84486;4
Brabant;Guus Meeuwis;Guus Meeuwis;2002;210173;56;407;466;7;-7054;1;311;561;894;103;387;81568;4
Tears In Heaven;Rush (Music from the Motion Picture Soundtrack);Eric Clapton;1992-01-10;271760;68;498;242;9;-12238;1;257;835;536;133;312;153744;4
Words;Horizontal (Deluxe Version);Bee Gees;1968-02-01;198453;60;259;289;2;-10491;1;285;14;0;162;246;80326;4
Barcelona;Greatest Hits III;Freddie Mercury,Montserrat Caballé;1999-11-09;265440;42;174;467;3;-7896;1;383;801;208;102;12;174049;4
Zo Zal Het Zijn;OverLeven (Expanded Edition);Rob De Nijs;1997-01-01;242613;39;431;588;5;-11543;1;458;225;11;862;519;181155;4
Eagle;Het Beste Uit De Top 2000 (Editie 2017);ABBA;2017-11-17;268773;24;477;762;2;-6625;1;264;105;326;163;592;85394;4
Take Me Home Country Roads;The John Denver Collection, Vol 1: Take Me Home Country Roads;John Denver;1997-06-17;197813;74;38;43;9;-12564;1;288;546;171;188;547;82204;4
School;Crime Of The Century (Remastered);Supertramp;1974-09-01;335286;60;366;468;4;-14514;0;826;537;283;664;506;90281;4
Save The Last Dance For Me (by Cats);Favorieten Expres;The Cats;2018-04-27;184706;29;584;543;4;-8921;1;26;307;114;215;718;104302;4
Dance Me To The End Of Love;Various Positions;Leonard Cohen;1984-12-11;280626;61;588;38;7;-11879;0;251;269;836;741;502;132885;4
So Long Marianne;Songs Of Leonard Cohen;Leonard Cohen;1967-12-27;340560;57;543;395;9;-11396;1;267;701;424;961;231;94872;3
The Winner Takes It All;Super Trouper;ABBA;1980;294720;74;454;788;6;-6748;1;371;574;766;859;52;12615;4
There Has Been A Time;Signed By The Cats;The Cats;2003;278600;30;373;56;5;-11547;1;351;112;414;494;376;80417;4
Don't Forget To Remember;Cucumber Castle;Bee Gees;1970-01-01;207066;54;38;448;0;-11043;1;25;178;121;315;494;82374;4
The River;The River;Bruce Springsteen;1980-10-17;301546;64;587;536;7;-11248;1;304;179;275;305;59;117498;4
Vluchten Kan Niet Meer;Frans Halsema 1939-1984;Frans Halsema,Jenny Arean;1985-01-01;221666;37;271;186;0;-14512;0;312;944;118;149;311;179166;4
Apache;Another String of Hot Hits (And More!);The Shadows;1987-10-05;174186;54;595;451;9;-12987;0;288;106;929;962;779;133671;4
Once Upon A Time In The West;Morricone Film Music;Ennio Morricone;2003;251653;48;718;468;4;-22929;1;441;971;909;916;341;78421;3
Blackbird;The Beatles (Remastered);The Beatles;1968-11-22;138386;75;686;127;7;-14361;1;342;754;141;573;372;93699;4
Fix You;X&Y;Coldplay;2005-06-07;295533;83;209;417;3;-874;1;338;164;196;113;124;138178;4
Who Wants To Live Forever;Bohemian Rhapsody (The Original Soundtrack);Queen;2018-10-19;314488;53;18;371;4;-9033;0;332;583;217;116;388;139671;4
Distant Drums;The Essential Jim Reeves;Jim Reeves;1997-02-14;170133;31;511;194;2;-17579;1;259;538;92;971;346;96254;4
Teach Your Children;Deja Vu;Crosby, Stills, Nash & Young;1970-03-11;173466;62;497;285;2;-14537;1;264;643;169;389;667;154707;4
El Condor Pasa;Bridge Over Troubled Water;Simon & Garfunkel;1970-01-26;187040;61;33;214;4;-17699;0;311;836;701;178;275;147795;4
Alles Wat Ademt;Het Beste Van Rob de Nijs;Rob De Nijs;2022-04-08;226426;29;558;437;3;-10768;1;277;533;372;998;481;113321;4
Ne Me Quitte Pas;La Valse A Mille Temps (Vol.4);Jacques Brel;2004-01-01;229400;56;416;236;1;-10962;0;499;821;12;189;302;101069;4
Question;A Question Of Balance;The Moody Blues;1970-08-07;344226;47;222;659;0;-9942;1;487;169;209;471;322;75634;4
Bad Moon Rising;Green River (Expanded Edition);Creedence Clearwater Revival;1969-08-03;141600;80;508;774;2;-5973;1;321;586;487;63;942;178946;4
You'll Never Walk Alone (by Gerry & The Pacemakers) ;The Very Best Of Gerry & Pacemakers;Gerry & The Pacemakers;1997-10-13;159546;57;474;365;0;-5446;1;306;251;202;186;219;113207;3
Mijn Gebed;Die Goeie Ouwe Tijd Top 100;D.C. Lewis;2010-01-01;165573;27;198;212;2;-13584;1;304;683;277;132;156;88771;3
Open Einde;Vrije Val (Expanded Edition);Rob De Nijs;1986-01-01;290146;31;232;344;7;-10454;0;305;589;682;319;1;87783;3
Vincent;American Pie;Don McLean;1971;243493;68;419;85;7;-19387;1;362;908;533;34;458;91509;3
Beautiful Noise;In My Lifetime;Neil Diamond;1996-10-29;193333;53;525;346;7;-15218;1;287;119;0;152;729;127078;4
Time In A Bottle;The Original Albums…Plus;Jim Croce;2011-07-25;148586;59;532;153;2;-16841;1;374;886;0;108;583;134061;3
Green Green Grass Of Home;Green, Green Grass Of Home;Tom Jones;1967-03-01;184893;61;543;41;8;-13253;1;268;157;0;996;817;95363;4
He Ain't Heavy He's My Brother;20 Golden Greats;The Hollies;1978-07-01;258800;49;319;275;7;-13195;1;303;444;365;183;253;75754;4
Annie's Song;Back Home Again;John Denver;1974-06-15;180693;69;304;305;2;-10879;1;298;871;368;367;464;146066;3
Morning Has Broken;The Very Best Of Cat Stevens;Yusuf / Cat Stevens;2003-10-13;199746;42;446;33;7;-13162;1;314;61;119;921;39;133227;3
White Rabbit;Surrealistic Pillow;Jefferson Airplane;1967;150640;70;551;293;2;-12503;1;272;486;273;864;322;106798;4
Storm And Thunder;Song Of The Marching Children;Earth & Fire;1971-01-01;385626;34;268;289;0;-12871;0;366;497;181;146;573;133246;4
My Way (by Frank Sinatra);My Way (Expanded Edition);Frank Sinatra;1969-03;276800;73;401;381;2;-7458;1;274;7;0;122;229;75454;4
Everybody Hurts;Automatic For The People;R.E.M.;1992-10-05;320266;74;467;324;2;-10451;1;255;615;248;118;166;94301;3
Eloise;The Very Best Of Barry Ryan;Barry Ryan;1992-01-01;345173;44;425;591;0;-11996;1;321;22;0;355;461;131087;4
Conquest Of Paradise;1492: Conquest of Paradise;Vangelis;1992-09-22;278199;61;43;295;2;-14255;1;283;698;569;226;159;74014;3
Jukebox;Golden Years Of Dutch Pop Music - The Sixties Part 1;The Cats;2016-09-16;167000;29;495;774;9;-7627;1;338;124;0;385;721;126463;4
I've Just Lost Somebody;I've Just Lost Somebody;Golden Earring;2005-01-01;184946;35;375;421;9;-1206;0;255;438;467;117;275;88651;4
Tous Les Garçons Et Les Filles;Francoise Hardy;Françoise Hardy;2013-10-04;185269;40;732;413;9;-8553;1;304;707;131;168;895;107788;3
California Dreamin';All The Leaves Are Brown The Golden Era Collection;The Mamas & The Papas;2001-08-28;160373;71;548;728;1;-6631;0;367;424;0;525;649;112332;4
San Francisco (Be Sure To Wear Flowers In Your Hair);Forrest Gump - The Soundtrack;Scott McKenzie;2001-10-02;178800;44;566;505;7;-10404;1;283;428;53;927;649;113145;4
Sympathy For The Devil;The Rolling Stones Singles Collection: The London Years;The Rolling Stones;1989-08-15;376800;61;728;681;9;-10943;1;221;61;0;559;578;115944;4
Innuendo;Innuendo (2011 Remaster);Queen;1991-02-05;393026;58;346;728;1;-5747;1;451;187;379;344;174;74939;4
I Have A Dream;Voulez-Vous;ABBA;1979;285413;63;549;374;10;-12049;1;244;6;0;178;439;104311;4
I Love You Because;Gentleman Jim;Jim Reeves;1963-12-17;165453;48;557;152;5;-1691;1;319;912;441;906;457;110879;4
Laat Me;Dag En Nacht;Ramses Shaffy;1978-01-01;305253;50;337;331;1;-14199;0;342;645;752;153;35;101643;4
Here Comes The Sun;Abbey Road (Remastered);The Beatles;1969-09-26;185733;82;557;54;9;-10484;1;347;339;248;179;394;129171;4
Islands In The Stream;Pure & Simple;Dolly Parton,Kenny Rogers;2016-08-19;250053;68;611;524;8;-8256;1;35;68;0;753;73;203787;4
Need Your Love So Bad;Fleetwood Mac's Greatest Hits;Fleetwood Mac;1989-03-10;233360;51;355;183;9;-18867;1;302;131;0;958;251;147188;3
Mississippi;First Of All;Pussycat;1976-01-01;273800;52;605;731;10;-9327;1;358;24;459;257;638;123332;4
De Vlieger;Alle 40 Goed;Andre Hazes;2010-01-01;219573;42;491;703;8;-5496;1;265;12;0;314;344;105109;3
Let's Dance;Signed By The Cats;The Cats;2003;208333;42;621;827;9;-9166;1;63;472;384;166;756;129387;4
Sittin' On The Dock Of The Bay;The Dock of the Bay (Mono);Otis Redding;1968;163755;79;769;367;2;-11226;1;312;684;162;81;535;103621;4
The Air That I Breathe;The Air That I Breathe - The Very Best of the Hollies;The Hollies;1993-03-22;244180;43;275;403;4;-11014;0;302;257;526;222;272;168455;4
Une Belle Histoire;Fais comme l'oiseau;Michel Fugain & Le Big Bazar;1972;195306;60;403;578;9;-7728;0;385;47;0;171;691;166166;4
Gimme Shelter;Let It Bleed;The Rolling Stones;1969-12-05;270773;76;634;63;1;-8277;0;31;447;39;17;489;118628;4
Kleine Jongen;Kleine Jongen;Andre Hazes;1990-01-01;223133;56;56;741;9;-4755;1;31;244;0;111;503;91202;4
Sebastian;The Cream of Steve Harley & Cockney Rebel;Steve Harley & Cockney Rebel;1999-01-01;417773;29;274;251;11;-13202;0;376;442;311;512;187;133207;3
My Special Prayer;The Percy Sledge Way;Percy Sledge;1967;185493;46;558;412;7;-929;1;233;713;612;129;639;97363;4
You Can't Always Get What You Want;Let It Bleed;The Rolling Stones;1969-12-05;448720;67;32;62;0;-9686;1;594;64;636;253;472;86327;4
Mr. Blue Sky;Out of the Blue;Electric Light Orchestra;1977;303373;78;388;338;10;-10054;1;329;652;373;248;478;177765;4
Fields Of Gold (by Eva Cassidy);Songbird;Eva Cassidy;1998;282093;59;461;859;9;-14676;1;309;974;112;77;31;79817;4
Ann;Revolution;Q65;1966-01-01;169666;28;279;261;0;-13161;1;288;355;13;152;348;186759;3
Laat Me Alleen;Laat Me Alleen - 16 Onvergetelijke Liedjes;Rita Hovink;1986-01-01;281800;37;523;248;0;-14446;1;33;693;0;998;466;82628;4
Loving Her Was Easier;Sweet Soul Music;José Feliciano;1976-11-23;373227;30;428;159;7;-15877;1;326;775;651;117;315;77946;4
Calypso;Windsong;John Denver;1975-09;216173;52;219;43;9;-9202;1;309;82;439;124;495;18005;3
Fields Of Gold (by Sting) ;Ten Summoner's Tales;Sting;1993-03-09;222120;74;651;339;2;-11917;1;246;372;141;739;32;103996;4
Be My Day;Love In Your Eyes;The Cats;1974-01-01;181426;45;624;606;4;-11368;1;342;113;0;261;947;121411;4
Liefde Van Later;20 Jaar Herman Van Veen - In Vogelvlucht;Herman van Veen;1987-10-01;252493;38;5;765;1;-21615;0;459;973;108;106;13;12143;5
Tuesday Afternoon;60's Rock Hits;The Moody Blues;1997-09-22;291733;27;457;271;0;-14571;1;309;196;312;126;248;113935;4
Zelfs Je Naam Is Mooi;Westbroek;Henk Westbroek;1998-01-01;269706;49;564;46;2;-7328;1;244;384;32;205;447;94007;4
Heroes;Montreal 1983;David Bowie;1983;302837;34;318;896;7;-9073;1;583;282;308;923;71;122296;4
Thank You For The Music;The Album;ABBA;1977;229453;63;283;417;4;-9124;1;404;835;0;102;373;201145;4
Song Sung Blue;All-Time Greatest Hits;Neil Diamond;2014-07-08;185653;55;594;529;0;-9338;1;287;276;392;148;511;109703;4
I Started A Joke;Idea (Deluxe Edition);Bee Gees;1968-08-11;188306;66;31;464;7;-8755;1;275;156;894;132;431;144775;4
Top Of The World;A Song For You;Carpenters;1972;179173;67;379;343;10;-12993;1;385;806;0;991;694;184301;4
Inch Allah;Adamo en Español - Cae la Nieve y Todos Sus Éxitos;Adamo;1995-10-02;228520;37;524;391;5;-8744;1;285;372;0;117;337;113286;4
Turn Around And Start Again;Favorieten Expres;The Cats;2018-04-27;179200;29;53;75;11;-8135;1;648;125;0;166;755;121414;4
Ticket To Heaven;On Every Street;Dire Straits;1991-09-10;264200;56;548;46;2;-12664;1;293;179;639;289;664;116738;4
The Load Out / Stay;Running on Empty (Remastered);Jackson Browne;1977;335257;51;516;319;7;-11709;1;343;739;983;129;305;105704;4
Welterusten Meneer De President;Het Beste Van Boudewijn De Groot;Boudewijn de Groot;1990-01-01;152600;40;582;335;5;-13359;1;535;558;0;28;754;131208;4
Just An Illusion;28 Golden Hits;BZN;1994-01-01;195466;36;553;797;6;-8722;1;435;108;0;355;655;120249;4
Can't Help Falling In Love;Blue Hawaii;Elvis Presley;1961-10-20;182360;79;396;293;2;-14062;1;275;941;196;105;343;100307;3
Banger Hart;De Band, De Zanger En Het Meisje (Expanded Edition);Rob De Nijs;1996-01-01;273031;52;71;72;2;-10512;1;367;46;0;893;844;124018;4
Somebody To Love (by George Michael & Queen);Ladies & Gentlemen;George Michael,Queen;1998-11-09;318866;60;333;863;7;-6918;1;515;518;0;972;384;110162;1
He'll Have To Go (by Jim Reeves);The Essential Jim Reeves;Jim Reeves;1997-02-14;138640;47;554;186;1;-15846;1;379;909;144;11;2;81181;3
Zing, Vecht, Huil, Bid, Lach, Werk En Bewonder;Hollands Glorie-Ramses Shaffy;Ramses Shaffy;2006-07-17;281240;31;525;324;9;-16863;1;841;525;123;968;461;129673;4
Chiquitita;Voulez-Vous;ABBA;1979;326320;71;5;554;9;-8108;1;354;734;372;312;372;84229;4
Geen Kind Meer;Kameleon;Karin Bloemen;1999-07-12;263466;34;499;173;10;-15678;0;333;946;273;142;249;77197;3
Worn Down Piano;Double Take;The Mark & Clark Band;1977-02-01;488066;34;367;712;10;-9942;0;614;963;159;127;322;112404;3
Belfast Child;Themes - Volume 4;Simple Minds;2008-01-01;404000;43;143;392;7;-13005;1;477;302;862;103;295;81036;4
Ring Of Fire;Ring Of Fire: The Best Of Johnny Cash;Johnny Cash;1963-08-06;158426;68;659;585;7;-8189;1;288;623;213;348;784;104111;4
Blueberry Hill;Fats Domino Swings;Fats Domino;1959-01-01;147880;59;489;499;11;-9702;1;271;74;236;156;829;133341;3
The Last Farewell;Roger Whittaker - The Best Of (1967 - 1975);Roger Whittaker;1985-01-01;220600;46;452;344;8;-13903;1;315;213;3;115;459;90101;4
Terug Naar De Kust;Maggie MacNeal: When You're Gone, The Greatest Hits;Maggie MacNeal;2011-09-08;266128;38;491;453;0;-8617;1;318;818;202;623;399;117446;4
Sloop John B;50 Big Ones: Greatest Hits;The Beach Boys;2012-01-01;183213;35;608;657;8;-8186;1;276;205;0;349;935;125788;4
Eres Tú;Grandes Exitos;Mocedades;1994-06-22;214573;53;415;428;2;-9313;1;254;132;0;297;652;81352;4
Fragile;...Nothing Like The Sun;Sting;1987-01-01;236306;64;323;198;4;-21035;0;354;912;698;889;289;82373;4
Indian Wedding;The Monument Singles Collection;Roy Orbison;2011-04-25;184093;19;455;41;7;-11713;1;28;714;12;17;657;9981;4
Spicks And Specks;How Can You Mend A Broken Heart;Bee Gees;2020-12-11;171413;41;656;672;2;-6342;1;325;738;424;252;719;122721;4
Nothing Rhymed;The Essential Collection;Gilbert O'Sullivan;2016-06-10;203666;45;226;593;3;-9052;1;384;306;506;129;552;174801;3
Atemlos Durch Die Nacht;Farbenspiel;Helene Fischer;2013-01-01;219720;63;798;74;11;-4865;1;458;419;184;157;834;128054;4
Yesterday When I Was Young;Greatest Golden Hits;Charles Aznavour;1996;214800;46;325;509;11;-8762;0;645;401;13;366;294;68438;3
Patsy;Die Goeie Ouwe Tijd 2 - Top 100;Rein De Vries;2011-01-01;174960;25;571;169;1;-13278;1;295;788;0;119;49;106541;3
Samba Pa Ti;Abraxas;Santana;1970-09-23;284800;61;407;358;9;-12908;0;343;829;424;827;267;92292;4
Soldier On;Soldier On;DI-RECT;2020-02-21;207853;55;358;44;3;-7563;1;284;843;0;105;195;180044;4
Venus;At Home;Shocking Blue;1969;187533;64;691;762;11;-647;0;367;462;286;804;957;128111;4
What A Wonderful World;What A Wonderful World;Louis Armstrong;1968-01-01;139226;78;271;165;5;-20652;1;351;729;16;118;203;77082;4
Stil In Mij;Van Dik Hout;Van Dik Hout;1995-04-18;244933;54;586;653;11;-8576;1;315;215;555;133;388;99454;4
Take This Waltz;More Best Of;Leonard Cohen;1988;357840;38;435;179;8;-15963;0;305;84;512;243;345;14195;3
Bright Eyes (by Art Garfunkel);Fate For Breakfast;Art Garfunkel;1979-03-15;238600;56;38;21;7;-15603;1;319;745;45;829;207;11251;4
Un Canto A Galicia;Personalidad;Julio Iglesias;2002-09-03;255280;39;569;671;6;-4279;1;335;736;349;166;739;113471;4
Boulevard De La Madeleine;The Magnificent Moodies;The Moody Blues;2014-12-15;175080;30;646;419;4;-11792;0;338;61;0;806;591;113231;4
Ramona;Het Beste van The Blue Diamonds;The Blue Diamonds;2008-01-01;147923;36;493;603;4;-9824;1;411;152;923;147;657;13913;4
Heart Of Gold;Eat, Pray, Love;Neil Young;2010-01-01;188440;74;55;525;7;-8754;1;275;288;172;106;806;171172;4
Leaving On A Jetplane;Rhymes & Reasons;John Denver;1969-10-14;217026;49;486;279;7;-12263;1;307;676;0;141;469;132939;4
(I Can't Get No) Satisfaction;Singles 1965-1967;The Rolling Stones;2004-07-12;222973;45;723;881;2;-6801;1;332;412;263;95;935;136277;4
Mon Amour;Making A Name;BZN;1977;247706;43;161;704;2;-3351;1;353;203;161;364;581;172234;4
While My Guitar Gently Weeps;Love;The Beatles;2006-11-17;226756;49;417;163;5;-14445;1;369;676;211;112;216;12261;4
Somebody To Love (by Queen);Bohemian Rhapsody (The Original Soundtrack);Queen;2018-10-19;295733;63;466;698;8;-6967;1;629;164;0;127;349;109772;3
Sailin' Home;Piet Veerman;Piet Veerman;2019-08-30;278306;27;492;735;3;-9112;1;465;488;354;612;35;146031;4
Graceland;Graceland (25th Anniversary Deluxe Edition);Paul Simon;1986-08-12;291200;60;732;705;9;-9271;1;349;626;68;813;848;117925;4
Is Dit Nu Later;Is Dit Nu Later;Stef Bos;1990-03-16;215733;45;699;398;11;-13862;0;318;802;0;117;451;133834;4
Stel Dat Het Zou Kunnen;Jong en Veelbelovend;Jan Rot;2015-09-24;240482;24;538;52;9;-6958;0;327;499;911;122;449;121124;4
Tombe La Neige;France mon amour, Vol. 2;Adamo;2014-01-01;184640;21;318;292;2;-10736;1;325;898;301;157;304;14667;1
Wasted Words;Golden Years Of Dutch Pop Music;The Motions;2014-01-01;130426;32;25;378;5;-7856;1;305;532;193;878;331;91026;4
Sara;Greatest Hits;Fleetwood Mac;1988-11-21;382373;60;741;388;10;-16693;1;31;384;235;933;589;126819;4
Stay With Me 'Til The Morning;Collections;Vicki Brown,The New London Chorale;2006-04-24;226093;24;429;513;10;-8345;1;274;483;118;129;324;72791;4
My Friend The Wind;Forever And Ever;Demis Roussos;2016-06-17;232240;35;424;808;10;-85;1;929;393;0;102;861;138474;4
She's A Rainbow;She's A Rainbow / Dandelion / We Love You;The Rolling Stones;2020-10-09;253720;61;464;824;10;-7359;1;374;467;18;33;539;109298;4
Andante Andante;Super Trouper;ABBA;1980;278213;55;523;361;10;-10718;1;238;684;348;671;38;101887;3
Adios Amigo;The Essential Jim Reeves;Jim Reeves;1997-02-14;151173;31;463;128;10;-17919;1;348;904;448;945;226;79952;3
Suzanne (by Leonard Cohen);Songs Of Leonard Cohen;Leonard Cohen;1967-12-27;229293;63;409;172;6;-1644;0;389;922;112;111;352;132151;4
Africa;Toto IV;TOTO;1982-04-08;295893;83;671;373;9;-18064;1;323;257;801;481;732;92718;4
House For Sale;As We Are;Lucifer;1975-01-01;280772;38;376;494;7;-9007;0;292;219;0;397;203;127659;4
Vous Permettez Monsieur;Adamo - studio 1;Salvatore Adamo;2003;182640;37;635;376;11;-8817;1;405;813;0;152;733;119459;4
Jolene;Jolene;Dolly Parton;1974-02-04;161533;71;674;537;1;-10971;0;363;566;0;131;809;110578;4
Slipping Through My Fingers;The Visitors (Deluxe Edition);ABBA;1981;233720;70;475;26;5;-15997;1;322;796;16;109;339;137212;4
Nathalie;Gilbert Becaud (1964-1966) [2011 Remastered] [Deluxe version];Gilbert Bécaud;1964;245213;52;422;632;9;-7121;0;779;749;125;594;81;134715;4
A Day In The Life;Love;The Beatles;2006-11-17;308191;49;322;394;4;-12798;0;335;364;282;163;192;78513;4
Sure He's A Cat;Cats As Cats Can;The Cats;1967-01-01;152720;39;608;719;7;-8176;1;358;674;104;354;768;125809;4
Still Got The Blues;Still Got The Blues;Gary Moore;1990-01-01;370866;65;189;39;9;-14497;0;353;257;152;122;32;169563;3
Sailing;Atlantic Crossing;Rod Stewart;1975;277960;66;43;374;11;-9949;1;292;372;379;316;191;12856;4
Wuthering Heights;The Kick Inside;Kate Bush;1978-02-17;269066;66;481;392;1;-11381;1;312;366;452;124;52;124572;4
How Deep Is Your Love;Greatest;Bee Gees;1979-01-01;245200;77;633;357;5;-9366;0;264;105;0;133;674;104938;4
Junge, Komm Bald Wieder;Freddy, die Gitarre und das Meer;Freddy Quinn;1987-01-01;185626;36;461;311;7;-11686;1;27;785;486;636;506;86724;3
Après Toi;Glanzlichter;Vicky Leandros;2012-01-01;209693;33;358;51;5;-6349;1;293;762;185;113;43;106616;4
Only The Lonely;Sings Lonely and Blue;Roy Orbison;1961;145533;63;57;529;5;-10769;1;28;377;509;203;934;123273;4
Somewhere Between;Tumbleweeds;Tumbleweeds;1974-11-01;176800;41;434;279;4;-1177;1;255;737;0;366;397;93691;3
Sound Of The Screaming Day;Golden Years Of Dutch Pop Music;Golden Earring;2015-03-27;170400;34;522;554;2;-10166;1;304;101;0;129;605;137817;4
Les Lacs Du Connemara;Les Lacs Du Connemara;Michel Sardou;2004-01-01;363533;57;303;59;3;-10372;1;483;57;0;628;396;112297;4
Blaosmuziek;Blaos Mich Nao Hoes;Gé Reinders;2005-09-27;231533;31;265;126;8;-13982;1;421;944;933;325;179;60536;3
As Tears Go By (by Rolling Stones);Singles 1965-1967;The Rolling Stones;2004-07-12;165213;44;331;282;7;-10863;1;292;71;262;158;392;112168;4
Space Oddity;David Bowie (aka Space Oddity) [2015 Remaster];David Bowie;1969-11-04;318026;70;31;403;0;-13664;1;326;726;927;139;466;13448;4
Cent Mille Chansons;Un Jour Un Enfant;Frida Boccara;1988-01-01;168600;34;121;343;2;-9207;1;328;845;0;218;307;7118;3
Are You Lonesome Tonight;Elvis 30 #1 Hits;Elvis Presley;2002-09-24;186506;49;421;201;0;-12399;1;436;917;436;116;188;129689;5
The French Song;100 Unforgettable Love Songs;Lucille Starr;2010-01-01;172546;32;301;375;1;-976;1;278;681;0;144;393;98076;4
Songbird (by Eva Cassidy);Eva By Heart;Eva Cassidy;1997;224573;60;384;225;7;-12159;1;281;851;547;13;154;153488;4
Als De Dag Van Toen;Vlaamse Troeven volume 235;Reinhard Mey;2020-08-27;271248;26;483;285;9;-11996;1;458;958;3;216;461;9347;3
Papa Was A Rolling Stone;Absolute 70's;The Temptations;2013-01-01;289133;8;674;445;5;-10806;0;128;737;504;674;609;121596;4
Memories (by Earth & Fire);Universal Masters Collection;Earth & Fire;2001-01-01;199933;37;33;757;4;-7813;0;477;492;266;34;347;131347;4
Memory;Memories;Barbra Streisand;1981;235160;54;185;24;10;-14889;1;399;415;7;105;11;79471;4
Norwegian Wood;Rubber Soul (Remastered);The Beatles;1965-12-03;124693;71;425;369;4;-11876;1;379;183;126;112;65;176625;3
Tougher Than The Rest;Tunnel Of Love;Bruce Springsteen;1987-10-09;273866;61;6;514;5;-11178;1;249;2;774;107;603;98957;4
Another 45 Miles (from 2008);Very Best Of Vol. 1 - Part One;Golden Earring;2008-11-05;283840;46;563;585;2;-9696;1;289;28;594;232;477;91013;4
Me And Bobby McGee;Pearl (Legacy Edition);Janis Joplin;1971-01-11;271333;68;43;463;2;-1096;1;442;303;584;152;66;93405;4
September Morn';September Morn;Neil Diamond;1979-12-22;232000;56;419;23;10;-17102;1;359;628;585;222;199;128892;4
Ritme Van De Regen;Het Beste Van Rob de Nijs;Rob De Nijs,The Lords;2022-04-08;148986;42;65;687;2;-7971;1;312;757;153;841;96;121633;4
I Just Can't Help Believin';The Essential Elvis Presley;Elvis Presley;2007;278106;36;485;36;5;-11476;1;354;513;188;985;333;141593;4
With Or Without You;U218 Singles;U2;2006-01-01;296226;61;546;537;2;-744;1;268;135;287;125;923;109908;4
Non, Non, Rien N'a Changé;Les Annees Barclay;Les Poppys;1998;189666;51;503;482;7;-7685;1;879;481;0;204;466;83796;4
I Want To Break Free;Bohemian Rhapsody (The Original Soundtrack);Queen;2018-10-19;223080;71;807;414;4;-8903;1;352;105;257;813;502;108944;4
Go Like Elijah;Yesterday, Today & Forever;Chi Coltrane;2009-09-24;241800;40;634;879;3;-5268;1;381;394;892;171;485;134421;4
Magical Mystery Morning;Take Me With You;The Cats;1970-01-01;157466;31;593;567;2;-9979;1;302;662;0;261;869;121751;4
Zonder Jou (by Rob De Nijs) ;Het Beste Van Rob de Nijs;Rob De Nijs;2022-04-08;158573;18;229;434;3;-9246;1;309;904;864;315;335;78627;3
Niet Voor Het Laatst;Niet voor het Laatst;Rob De Nijs;2017-10-27;260026;35;497;306;9;-11086;0;369;84;0;153;285;91424;4
Have I Told You Lately;Avalon Sunset;Van Morrison;1989-06-06;260385;63;329;477;4;-10266;1;34;276;139;136;182;143532;4
Why Worry;Brothers In Arms - 20th Anniversary Edition;Dire Straits;1985-05-13;503173;52;608;213;4;-16502;1;291;925;243;113;111;93689;4
When The Lady Smiles;N.E.W.S.;Golden Earring;1984;340026;50;704;816;11;-7121;1;309;438;891;354;83;131577;4
Song Of The Marching Children;Song Of The Marching Children;Earth & Fire;1971-01-01;1104000;21;418;326;4;-1438;0;438;263;81;228;139;116385;4
Wooden Heart;Elvis 30 #1 Hits;Elvis Presley;2002-09-24;121600;45;647;336;3;-8517;1;645;8;0;719;905;164249;4
Our House (by Crosby, Stills, Nash & Young);Deja Vu;Crosby, Stills, Nash & Young;1970-03-11;179760;67;592;205;9;-14601;1;48;896;546;119;378;140282;4
Another Brick In The Wall;The Wall (Remastered);Pink Floyd;1979-11-30;228586;71;693;353;0;-17852;1;414;704;113;503;75;104143;4
If I Can Dream;ELVIS (Original Motion Picture Soundtrack);Elvis Presley;2022-06-24;191840;60;325;715;7;-7744;1;368;708;279;987;282;93914;3
Dust In The Wind;Point Of Know Return (Expanded Edition);Kansas;1977;206266;78;475;322;7;-10687;1;283;367;56;11;387;93503;4
The Life I Live;Revolution;Q65;1966-01-01;199400;35;607;453;0;-11852;1;4;106;102;288;757;130952;4
Good Vibrations;The Smile Sessions;The Beach Boys;2011-01-01;255400;54;414;528;1;-7733;1;343;495;26;117;335;74627;4
Oh Pretty Woman;The Essential Roy Orbison;Roy Orbison;2006-03-28;176933;64;609;584;9;-9734;1;353;725;0;854;954;127306;4
On The Wings Of A Nightingale;The Everlys Collection;The Temple Brothers;2016-06-03;153887;39;587;683;9;-8805;1;3;22;0;947;843;133825;4
Proud Mary (by Ike & Tina Turner);Workin' Together;Ike & Tina Turner;1970-04-19;297613;58;599;46;2;-10729;1;152;686;365;15;715;96429;4
In The Air Tonight;Rock;Phil Collins;2018-08-03;331053;49;594;289;2;-11431;0;263;667;879;664;354;94946;4
The Long And Winding Road;Let It Be (Remastered);The Beatles;1970-05-08;218186;64;299;329;3;-10096;1;279;756;105;559;392;132282;4
Love Hurts (by Nazareth);The Anthology;Nazareth;2009-07-13;233293;68;48;427;7;-7961;1;243;315;442;338;148;80078;4
Whole Lotta Love;Led Zeppelin II (1994 Remaster);Led Zeppelin;1969-10-22;333893;74;412;902;9;-116;1;405;484;131;405;422;8974;4
MacArthur Park;A Tramp Shining;Richard Harris;1968-01-01;450106;40;246;343;10;-15643;1;303;796;483;143;374;170276;3
Always On My Mind (by Willie Nelson);Always On My Mind;Willie Nelson;1982-02-01;212666;62;524;261;2;-13868;1;272;755;105;144;201;7336;4
Penny Lane;Sgt. Pepper's Lonely Hearts Club Band (Super Deluxe Edition);The Beatles;1967-05-26;182053;52;633;385;9;-9967;1;358;411;872;95;647;113956;4
Oceaan;The Singles Collection;Racoon;2013-03-15;164757;62;593;313;9;-8961;1;383;866;0;108;219;95904;4
Crying In The Rain;The Golden Hits of The Everly Brothers;The Everly Brothers;1962-06-01;120306;49;61;379;2;-9381;1;278;622;0;144;48;97166;4
Walk Of Life;Brothers In Arms - 20th Anniversary Edition;Dire Straits;1985-05-13;248893;74;437;965;4;-4448;1;136;326;28;144;766;172428;4
Ben Ik Te Min;Het Beste van Armand;Armand;2009-07-10;207706;41;622;694;9;-7069;1;336;275;11;566;561;100608;4
Fernando;Arrival;ABBA;1976;252960;69;354;535;9;-8876;1;303;627;29;808;434;110821;4
One (by U2) ;Achtung Baby (Deluxe Edition);U2;1991-11-18;276186;76;392;534;0;-8793;1;369;245;104;155;325;181305;4
Angels;Life Thru A Lens;Robbie Williams;1997-01-01;265000;75;429;594;4;-6251;1;277;156;495;1;236;15022;4
't Kleine Café Aan De Haven;Als Je Wilt Weten Wie Ik Ben;Vader Abraham;1976-11-01;253054;43;422;31;7;-14356;1;351;694;105;104;338;177845;3
Hier Encore;Que c'est triste Venise (Remastered 2014);Charles Aznavour;1964;143466;66;276;422;2;-9341;0;502;814;0;321;43;64247;4
I Won't Stand Between Them;Golden Years Of Dutch Pop Music - The Seventies Part 1;Bonnie St. Claire;2016-09-23;260680;28;224;396;2;-9149;1;293;323;114;646;233;79773;4
Hurt (by Johnny Cash);American IV: The Man Comes Around;Johnny Cash;2002-01-01;216533;73;534;392;9;-7636;0;267;649;227;948;163;90379;4
Mull Of Kintyre;Wings Greatest;Wings;1978-11-22;286346;49;318;363;2;-11248;1;264;311;0;114;418;90807;3
It's All Over Now;Forty Licks;The Rolling Stones;2023-07-26;207955;30;64;708;0;-9153;1;313;606;293;328;855;99002;4
Year Of The Cat;Running Man - Introducing... Al Stewart;Al Stewart;2003;394731;43;548;539;4;-1056;0;316;329;729;244;586;117092;4
She Flies On Strange Wings;Seven Tears;Golden Earring;1971;442840;31;319;698;4;-8104;1;426;19;372;112;254;130553;4
California Blue;Mystery Girl;Roy Orbison;1989;235906;51;651;596;2;-12561;1;271;67;127;376;695;105679;4
Goodnight Saigon;The Nylon Curtain;Billy Joel;1982-06-23;423266;49;598;398;0;-14208;1;613;152;0;116;135;129125;4
Perfect Day;Transformer;Lou Reed;1972-12-01;225000;67;4;267;10;-12488;1;323;744;734;103;872;144799;3
Homburg;Exotic Birds and Fruit (Expanded Edition);Procol Harum;1974-01-01;266920;26;329;45;5;-12656;1;366;687;275;289;148;141962;4
La Diligence;Favorieten Expres;The Cats;2018-04-27;208760;34;605;598;11;-9696;1;306;278;478;139;854;138817;4
Zeg Me Dat Het Niet Zo Is;Een Zomer Aan Het Eind Van De Twintigste Eeuw;Frank Boeijen Groep;1989-01-01;161506;45;356;632;0;-203;0;39;859;111;235;314;75826;4
Thorbeckeplein;Vanavond Tussen 8 En 11 Live (Alle Liedjes Uit Het Lang Genoeg Jong Concert);Robert Long;2000-05-01;216306;25;468;277;9;-14433;1;986;933;963;792;383;142612;3
Woman In Love;Guilty;Barbra Streisand;1980-09-23;231840;68;469;278;3;-16311;0;28;248;126;133;331;169735;4
You're The First, The Last, My Everything;Can't Get Enough;Barry White;1974-02-15;276466;59;678;571;5;-951;1;353;389;862;183;765;130285;4
Droomland;De Hazes 100;Andre Hazes,Paul de Leeuw;2012-01-01;208040;35;323;466;2;-7279;1;287;261;0;946;247;99511;3
The First Time Ever I Saw Your Face;First Take;Roberta Flack;1969;260666;61;311;264;0;-21644;1;37;731;205;156;139;120653;4
Beautiful People;Melanie;Melanie;1969;215133;38;539;444;0;-9392;1;529;608;0;397;373;129034;4
Lying All The Time;Golden Years Of Dutch Pop Music;The Outsiders;2014-01-01;194746;29;442;718;1;-3543;1;3;716;101;136;336;131595;4
Don't Give Up;So (Remastered);Peter Gabriel;1986-05-19;394826;60;671;283;3;-14198;1;508;831;818;911;331;80806;3
River Deep Mountain High;River Deep-Mountain High;Ike & Tina Turner;1966-01-01;214880;53;389;745;3;-6998;1;384;777;159;143;271;83037;4
To Love Somebody;Bee Gees' 1st;Bee Gees;1967-07-14;182000;69;423;384;9;-12503;1;315;729;411;27;521;9043;4
One Of These Nights;One of These Nights (2013 Remaster);Eagles;1975-06-10;291685;72;655;606;7;-10385;1;285;603;789;757;765;110061;4
The Family Tree;Spin Art;VENICE;1999-01-01;205133;36;34;104;3;-15767;1;336;811;0;998;257;127236;4
Another 45 Miles (from 1992);The Naked Truth (Complete);Golden Earring;1992-05-11;232066;25;434;448;7;-13422;1;282;326;0;96;184;9511;4
I Still Haven't Found What I'm Looking For;The Joshua Tree (Super Deluxe);U2;1987-03-03;277476;78;564;774;1;-9424;1;368;135;191;861;657;100894;4
Time To Say Goodbye;The Best of Andrea Bocelli - 'Vivere';Francesco Sartori,Lucio Quarantotto,Sarah Brightman,Andrea Bocelli;2007-01-01;245893;53;201;435;7;-7149;1;33;818;245;985;349;156477;3
I Won't Forget You;The Essential Jim Reeves;Jim Reeves;1997-02-14;120426;27;401;177;9;-17993;1;382;932;119;107;344;86286;3
Proud Mary (by Creedence Clearwater Revival);Bayou Country (Expanded Edition);Creedence Clearwater Revival;1969-01-05;187213;74;699;641;2;-7564;1;289;13;218;601;728;120745;4
The End;The Doors;The Doors;1967-01-04;703373;59;347;302;0;-12104;1;291;163;917;14;332;105702;4
The Elephant Song;Hollandse Top 100 - 1961 tm 2016 - 55 jaar Hits van Nederlandse Bodem;Kamahl;2016-10-14;210964;29;509;366;3;-14214;1;342;222;109;334;466;104668;3
Earth Song;HIStory - PAST, PRESENT AND FUTURE - BOOK I;Michael Jackson;1995-06-16;406040;66;501;439;3;-7521;0;313;482;117;87;145;138377;4
In Nije Dei;Hollands Glorie;De Kast;2004;295680;39;406;492;9;-8541;1;292;505;233;958;154;130414;4
Zoutelande;Aan;BLØF,Geike;2017-05-19;223266;53;67;641;6;-7198;0;285;223;242;141;891;129016;4
We'll Meet Again;National Treasure - The Ultimate Collection;Vera Lynn;2014-01-01;207866;32;38;509;2;-16829;1;389;942;0;708;121;104324;4
The Wonder Of You;The Essential Elvis Presley;Elvis Presley;2007;153200;61;448;691;7;-6957;1;286;286;111;945;633;88836;4
Time Is On My Side;Time Is on My Side;The Rolling Stones;1963;178494;14;317;782;5;-5458;1;698;305;215;561;5;197151;3
Maid Of Orleans;Souvenir;Orchestral Manoeuvres In The Dark;2019-10-04;252106;30;538;734;8;-7461;1;34;575;635;478;352;109778;3
Monday Monday;All The Leaves Are Brown The Golden Era Collection;The Mamas & The Papas;2001-08-28;206360;34;49;557;1;-6358;1;293;724;0;624;679;110204;4
Purple Rain;Purple Rain;Prince;1984-06-25;520786;73;367;452;10;-10422;1;307;353;228;689;189;113066;4
Paranoid;Reunion;Black Sabbath;1998-10-05;267506;39;239;961;8;-6695;1;128;944;619;964;182;176343;4
The Last Time;Singles 1963-1965;The Rolling Stones;2004-04-26;221533;34;322;911;9;-6307;1;532;144;817;799;428;167614;4
Wonderful Land;Another String of Hot Hits (And More!);The Shadows;1987-10-05;123000;41;385;605;0;-7601;1;334;125;885;841;56;125097;4
De Steen;Voltooid Verleden Tijd;Bram Vermeulen;2006-03-17;263400;34;394;307;9;-9918;1;385;792;346;678;3;108637;4
Il Est Cinq Heures, Paris S'éveille;Il est cinq heures;Jacques Dutronc;1968-11-14;175333;53;54;629;9;-10171;1;325;5;0;158;749;139859;4
Morningside;Moods;Neil Diamond;1972-07-15;264733;36;504;197;4;-19727;1;302;558;24;143;371;127791;4
Geef Mij Je Angst (by Andre Hazes);Voor Jou;Andre Hazes;1983-01-01;259026;50;439;478;7;-9168;0;278;136;0;2;321;139638;4
Malle Babbe;In De Uren Van De Middag (Expanded Edition);Rob De Nijs;1973-01-01;253361;48;349;419;3;-9774;0;298;697;231;188;529;90347;3
An American Trilogy;Walk a Mile in My Shoes: The Essential '70s Masters;Elvis Presley;1995;272466;45;245;132;0;-13783;1;315;729;185;964;174;83813;4
The Lady In Red;Into The Light;Chris de Burgh;1986-01-01;256173;75;548;294;10;-17112;1;333;332;334;392;491;76698;4
Lady Jane;Singles 1965-1967;The Rolling Stones;2004-07-12;189626;36;379;465;7;-11802;1;491;337;63;889;308;204948;4
The Wild Rover;Seven Drunken Nights;The Dubliners;2011-11-11;170080;28;425;631;7;-9736;1;326;963;11;949;871;176068;3
Make You Feel My Love;19;Adele;2008-01-27;212040;76;317;172;10;-10636;1;326;907;383;105;963;6518;3
Ruby Tuesday;Between The Buttons;The Rolling Stones;1967-01-20;196493;63;524;553;0;-10767;1;292;831;0;174;517;104578;4
Lyin' Eyes;Take It To The Summit (Houston, TX 16th Nov '76);Eagles;1976;408267;31;573;441;7;-15007;1;282;761;403;418;588;1375;4
Silence Is Golden;Love Songs;The Tremeloes;1997-05-20;190933;50;436;565;4;-7268;1;294;557;0;244;582;112169;4
Viva La Vida;Viva La Vida or Death and All His Friends;Coldplay;2008-06-19;242373;73;486;617;5;-7115;0;287;954;323;109;417;138015;4
Because I Love You;Because I Love You;Buddy Holly;2005-01-01;158720;24;369;49;9;-8966;1;423;168;0;193;362;79402;4
N'Oubliez Jamais;Across From Midnight;Joe Cocker;1997-08-20;283133;49;593;497;5;-838;1;237;114;0;604;318;86833;4
Love Me Tender;Elvis 30 #1 Hits;Elvis Presley;2002-09-24;162066;56;439;529;9;-16253;1;39;881;0;106;314;109382;3
Make It A Memory;Make it a Memory;Krezip,Danny Vera;2022-03-11;209512;53;65;313;4;-10897;1;297;768;0;105;302;128939;4
Heaven Must Be Missing An Angel;Essential - No.1 Hits;Tavares;2012-01-01;210040;30;681;747;9;-8441;0;36;633;0;1;963;117304;4
It's Now Or Never;Elvis 30 #1 Hits;Elvis Presley;2002-09-24;194600;53;643;491;4;-9312;1;344;642;972;286;753;126399;4
How Can You Mend A Broken Heart;Trafalgar;Bee Gees;1971-09;237826;61;335;262;4;-13832;1;393;548;0;971;203;6882;4
Careless Whisper;Ladies And Gentlemen... The Best Of George Michael;George Michael;1998-11-09;300106;81;574;628;2;-8815;0;36;13;0;271;803;153119;4
Ich Bin Wie Du;Ich bin wie du;Marianne Rosenberg;2003-01-13;218186;45;481;775;0;-8057;1;802;879;252;724;591;12902;4
The Show Must Go On;Bohemian Rhapsody (The Original Soundtrack);Queen;2018-10-19;271611;61;425;675;11;-679;0;409;433;451;112;671;84156;4
Hurricane;Desire;Bob Dylan;1976-01-16;512732;65;509;827;0;-7715;1;782;409;0;12;743;135601;4
Tequila Sunrise;Take It To The Summit (Houston, TX 16th Nov '76);Eagles;1976;206184;25;628;494;7;-10854;1;276;767;425;506;738;115415;4
Where Do You Go To My Lovely;Playlist: The Best Of Peter Sarstedt;Peter Sarstedt;2016-05-20;284706;45;408;436;0;-7712;1;345;805;172;305;474;175024;3
Your Song;Elton John;Elton John;1970-04-10;241786;79;554;315;3;-11028;1;298;828;553;101;325;128157;4
Dance The Night Away;Trampoline;The Mavericks;1998-01-01;262640;53;651;754;4;-9373;1;293;692;195;161;936;140782;4
The Best;All The Best;Tina Turner;2004-11-01;330253;62;651;87;0;-5149;1;318;103;815;979;729;103857;4
I Walk The Line;I Walk the Line (Original Soundtrack Recording);Johnny Cash;1970-11-11;176533;61;713;258;9;-1459;1;384;877;606;967;56;98805;4
Cafe Biljart;One Man Show 1980;Toon Hermans;1980-01-01;226528;25;466;151;6;-27709;1;938;794;122;769;494;79613;3
Mijn Vlakke Land;De Vertedering - De 60 Mooiste Luisterliedjes;Jacques Brel;2011-01-01;172653;32;4;325;11;-11255;1;457;257;0;821;46;79245;4
Suzie Q;Creedence Clearwater Revival (Expanded Edition);Creedence Clearwater Revival;1968-07-05;517159;53;435;618;4;-11391;0;324;601;282;167;695;129911;4
San Quentin;Folsom Prison Blues;Johnny Cash;2012-01-01;157773;27;7;402;10;-13913;1;594;561;293;897;818;83554;4
New Kid In Town;Hotel California (40th Anniversary Expanded Edition);Eagles;1976-12-08;292733;35;559;654;4;-7977;1;312;126;159;979;623;110164;4
I'll Never Find Another You;The Seekers;The Seekers;1989-01-30;162320;50;567;672;10;-7666;1;336;75;837;367;79;126509;4
I'm Not In Love;The Original Soundtrack;10cc;1975;366640;69;404;523;4;-157;1;575;685;498;282;164;133738;4
Kronenburg Park;Foto Van Een Mooie Dag;Frank Boeijen Groep;1985-04-26;243733;51;499;546;7;-12549;0;341;445;0;102;448;90251;4
It's Over;The Essential Roy Orbison;Roy Orbison;2006-03-28;167306;34;483;336;0;-11062;1;255;768;541;128;56;90361;4
Rain And Tears;End Of The World;Aphrodite's Child;1969-06-07;197560;44;309;455;2;-10538;0;301;253;393;135;323;74464;4
Laat Me/Vivre;"Carré Vedetten Gala; Liesbeth List in Concert";Liesbeth List & Ramses Shaffy,Alderliefste;2006;272600;30;522;598;1;-9835;0;677;589;127;709;193;80224;4
Haus Am See;Stadtaffe;Peter Fox;2008-09-26;216000;62;801;599;5;-6071;0;473;324;0;237;589;123715;4
Only Time;A Day Without Rain;Enya;2000-11-11;218546;71;418;249;3;-13744;1;301;841;661;112;213;82803;4
Yesterday Once More;Now & Then (Reissue);Carpenters;1973-05-01;233533;66;254;38;4;-13806;1;337;672;0;379;408;168496;4
My Home Town;Born In The U.S.A.;Bruce Springsteen;1984-06-04;279666;59;652;338;9;-1158;1;367;486;59;744;392;116881;4
I Don't Believe In If Anymore;Roger Whittaker - The Best Of (1967 - 1975);Roger Whittaker;1985-01-01;195506;41;325;397;5;-12492;1;323;16;829;129;349;143387;4
Nothing Compares 2 U;I Do Not Want What I Haven't Got;Sinéad O'Connor;1990-07-01;280040;74;512;574;5;-7016;1;273;425;231;105;161;119917;4
Little Bird;The Story of Indo Rock, Vol. 10;The Tielman Brothers;2013-08-26;174230;21;345;478;1;-9464;1;444;664;157;781;543;11304;5
Vienna (by Ultravox);Vienna [Deluxe Edition]: 40th Anniversary;Ultravox;2020-01-01;294146;49;571;417;5;-15738;1;449;134;402;105;384;79768;4
In My Life;Rubber Soul (Remastered);The Beatles;1965-12-03;146333;76;688;435;9;-11359;1;323;449;0;113;435;103239;4
Brandend Zand;De Regenboog Serie: Anneke Grönloh;Anneke Gronloh;2009-03-20;186213;35;484;662;9;-9532;1;407;714;198;29;844;171877;4
Ben;Ben;Michael Jackson;1972-08-04;165160;59;464;132;5;-12935;1;283;81;116;994;303;68152;4
Jeanny;Falco 3;Falco;1985-02-19;355989;58;648;659;9;-10456;0;456;451;0;189;465;105914;4
Suzanne (by Herman van Veen);20 Jaar Herman Van Veen - In Vogelvlucht;Herman van Veen;1987-10-01;239226;40;628;163;9;-21221;1;337;928;123;115;176;12905;4
Guilty;Guilty;Barbra Streisand,Barry Gibb;1980-09-23;264333;62;626;425;0;-15656;1;356;231;0;114;952;150875;4
When A Man Loves A Woman;When a Man Loves a Woman;Percy Sledge;1966;173866;68;516;15;1;-2041;1;272;13;755;122;205;97398;3
Back Home;Golden Earring;Golden Earring;1970;231773;33;472;837;2;-6358;1;483;628;52;101;739;122984;4
The Turn Of A Friendly Card;The Turn Of A Friendly Card;The Alan Parsons Project;1980-11-01;965586;14;38;322;10;-14809;1;414;52;477;834;407;150586;4
Streets Of Philadelphia;Philadelphia - Music From The Motion Picture;Bruce Springsteen;1994-01-03;252493;56;708;19;5;-16578;1;326;194;226;916;47;93669;4
Rivers Of Babylon;Nightflight to Venus;Boney M.;1978;261266;69;729;851;7;-7033;1;362;13;912;443;741;115118;4
A Different Corner;Ladies And Gentlemen... The Best Of George Michael;George Michael;1998-11-09;243533;54;263;286;6;-1034;1;335;857;898;105;151;99001;4
Eleanor Rigby;Yellow Submarine Songtrack;The Beatles;2014-01-01;125226;63;521;301;4;-7118;0;356;836;0;398;621;137382;4
Play Me;Moods;Neil Diamond;1972-07-15;232066;50;473;213;2;-17951;1;273;488;147;132;341;106461;3
Ebony Eyes;The Golden Hits of The Everly Brothers;The Everly Brothers;1962-06-01;188093;32;317;161;4;-18856;1;322;808;0;104;287;8464;5
Telkens Weer;Liedjes Uit De Film Rooie Sien (Original Motion Picture Soundtrack);Willeke Alberti;1975-01-01;194200;32;354;272;0;-10485;1;29;888;314;371;26;111744;4
Als Ze Er Niet Is;Het Beste Van;De Dijk;1998-01-01;211266;43;377;486;0;-11776;1;617;239;712;105;217;165893;4
Brown Eyed Girl;Blowin' Your Mind!;Van Morrison;1967-09;183306;79;491;583;7;-10964;1;376;185;0;406;908;150566;4
Dochters;Wit Licht;Marco Borsato;2008-01-01;270466;48;644;523;7;-9787;1;304;568;0;111;358;127941;4
Bloed Zweet En Tranen;Strijdlustig;Andre Hazes;2002-01-01;241626;57;598;719;5;-4306;1;289;766;0;346;373;6801;4
Wind Of Change;Crazy World;Scorpions;1990-01-01;312360;78;452;524;0;-10108;1;351;315;0;103;246;151505;4
I Want To Know What Love Is;Feels Like The First Time;Foreigner;2011-09-13;285666;57;445;554;3;-7793;0;315;231;0;685;229;162081;4
Een Meisje Van 16;Het Beste Van Boudewijn De Groot;Boudewijn de Groot;1990-01-01;179693;41;622;395;2;-14274;1;569;366;0;264;629;139334;4
Osaka;Let The Shoes Shine In;The Shoes;2014-01-01;231149;26;333;542;0;-8312;1;3;149;327;222;735;88411;4
Michelle;Rubber Soul (Remastered);The Beatles;1965-12-03;162373;67;578;29;5;-12501;0;341;652;0;105;666;117403;4
Had To Fall In Love;Octave;The Moody Blues;1978-06-09;220040;49;493;306;0;-17392;1;29;678;243;14;346;71985;4
With A Little Help From My Friends;With A Little Help From My Friends;Joe Cocker;1969-05-01;312173;65;307;43;2;-11333;1;629;288;994;988;305;145224;3
Het Land Van Maas En Waal;Het Beste Van Boudewijn De Groot;Boudewijn de Groot;1990-01-01;178533;37;66;567;2;-10951;1;536;669;117;177;962;126071;4
Whole Lotta Rosie;Let There Be Rock;AC/DC;1977-03-21;333800;64;292;838;9;-4459;1;78;14;479;953;423;159176;4
Merci Cherie;Lieder voller Poesie - ausgewählt und kommentiert von Bastian Sick;Udo Jürgens;2007-02-16;194413;35;283;53;5;-8164;1;292;494;144;167;192;147279;3
Gute Nacht, Freunde;Mein Achtel Lorbeerblatt;Reinhard Mey;1972-01-01;171333;38;64;254;9;-1547;1;538;852;106;107;742;109802;4
Blue Bayou (by Linda Ronstadt);Simple Dreams;Linda Ronstadt;1977;239399;62;732;161;11;-12817;1;306;739;379;105;5;9521;4
Streets Of London;Spiral Staircase (Expanded Edition);Ralph McTell;1969-01-01;248586;55;396;295;4;-15126;1;343;625;76;989;187;155531;4
Spiegelbeeld;Favorieten Van Toen;Willeke Alberti;1991-01-01;147826;31;397;235;9;-11182;1;285;856;482;109;358;85334;3
Don't Waste Your Time;Aglow;The Cats;1971-01-01;211840;27;296;534;2;-981;1;31;239;103;124;513;83479;4
Zonder Jou (by Paul De Leeuw & Simone Kleinsma);Mooi Weer Een CD;Paul de Leeuw,Simone Kleinsma;2006-01-01;237666;43;424;421;8;-10252;1;368;844;0;163;249;133504;4
Tonight (by Tina Turner & David Bowie);Private Dancer (30th Anniversary Issue);Tina Turner,David Bowie;1984-05-29;244933;36;358;89;4;-5501;1;63;156;411;982;683;20403;4
Roll Over Lay Down;Hello!;Status Quo;1973-09-28;342760;42;596;467;2;-1281;1;514;905;399;314;25;126341;4
Ich Hab' Die Liebe Geseh'n;Ich Liebe Das Leben;Vicky Leandros;2000-01-01;265546;39;449;252;2;-12171;1;269;474;183;322;413;107819;4
In The Year 2525;RCA Collection;Zager & Evans;2007-06-25;193146;34;443;421;8;-10662;0;311;145;969;446;593;124229;4
Onderweg;De Stilte Voorbij;Abel;2000-02-21;189986;56;619;688;9;-6295;0;243;356;0;847;419;98134;4
Love Is A Golden Ring;Third Life;The Cats;1983;169706;37;679;573;4;-9994;1;282;294;675;162;897;118827;4
The Carnival Is Over;The Seekers;The Seekers;1989-01-30;192853;41;422;398;2;-10291;1;266;348;0;177;468;75513;3
Leningrad;Storm Front;Billy Joel;1989-10-17;242706;48;508;52;2;-632;1;273;38;591;117;233;138782;4
I've Got Dreams To Remember;The Very Best of Otis Redding;Otis Redding;1992-11-06;195866;45;388;277;9;-1315;1;28;495;0;138;4;14175;3
Blowin' In The Wind (by Bob Dylan);The Freewheelin' Bob Dylan;Bob Dylan;1963-05-27;165426;67;38;993;2;-20567;1;509;914;232;605;44;174874;4
I Will Always Love You (by Dolly Parton);Jolene;Dolly Parton;1974-02-04;176093;60;446;142;9;-13498;1;335;96;114;101;156;135724;4
Sylvia's Mother;Doctor Hook;Dr. Hook;1972;228333;58;303;47;9;-12715;1;512;692;0;339;563;168104;4
Alles Geprobeerd;Mooi En Onverslijtbaar;Het Goede Doel;1986-01-01;387906;42;589;559;10;-14987;1;396;101;223;756;846;76341;4
This Melody;N°7;Julien Clerc;1975-10-28;252760;37;577;501;2;-8465;1;295;352;237;114;505;120979;4
Blue Bayou (by Roy Orbison);In Dreams;Roy Orbison;1963-07;149426;43;53;26;5;-12218;1;357;673;12;116;805;117861;4
't Is Weer Voorbij Die Mooie Zomer;Grootste Hits;Gerard Cox;2015-07-17;281066;41;603;509;2;-11558;1;462;434;0;163;712;164071;4
The Man With The Child In His Eyes;The Kick Inside;Kate Bush;1978-02-17;158693;52;249;261;0;-10592;1;334;962;154;136;195;90007;4
Island In The Sun;The Essential Harry Belafonte;Harry Belafonte;2005-08-16;201453;42;322;383;2;-12023;1;514;868;0;36;575;65939;5
Why Tell Me Why;Best Of Anita Meyer;Anita Meyer;2010-10-22;213773;52;649;77;1;-5779;0;591;234;0;587;382;112344;4
If;The Best of Bread;Bread;1973-06-01;155773;57;388;176;9;-16952;1;299;912;336;977;342;97628;4
Jesus To A Child;Older;George Michael;1996-05-13;411146;60;534;415;1;-11781;0;278;314;365;847;188;173561;4
Smoke On The Water;Deepest Purple: The Very Best of Deep Purple;Deep Purple;1990-07-23;337613;57;616;612;0;-11084;1;275;169;434;101;897;114558;4
Old Man;Austin City Limits;Neil Young;1984;233038;41;424;408;7;-13904;1;49;552;529;768;48;144201;4
My Broken Souvenirs;Souvenirs;Pussycat;1977-01-01;236266;42;462;352;10;-9372;1;253;785;146;134;35;105922;4
Where The Streets Have No Name;U218 Singles (Deluxe Version);U2;2006-01-01;286480;44;499;871;2;-475;1;366;574;239;105;301;125778;4
The Way Old Friends Do;Abba Gold Anniversary Edition;ABBA;2014-01-01;174133;30;817;426;2;-7949;1;317;641;551;147;226;170353;4
Crying;Crying;Roy Orbison;1962-01-01;166466;58;35;293;2;-9502;1;258;758;821;104;162;96685;4
Strawberry Fields Forever;Love;The Beatles;2006-11-17;271973;47;383;558;11;-10319;1;514;303;398;555;207;102508;4
Grijs;Grijs;Jaap Reesema,Beste Zangers;2022-09-01;180773;58;555;328;0;-10356;1;289;515;0;153;303;139763;4
You've Got Your Troubles;The Fortunes - Original Hits;The Fortunes;2018-04-27;201986;38;616;515;11;-11476;0;323;58;0;211;593;13552;4
Fortunate Son;Willy And The Poor Boys (Expanded Edition);Creedence Clearwater Revival;1969-11-02;140773;84;64;663;0;-7516;1;374;201;806;152;663;13277;4
Give Up Your Guns;Timothy;The Buoys;1971;256786;39;439;376;11;-17228;0;319;36;452;203;626;131495;4
Waterloo;Waterloo;ABBA;1974;168960;73;445;949;2;-4682;1;471;395;818;902;653;147604;4
There's No More Corn On The Brasos;Telstar Dubbel Goud, Vol. 55;The Walkers;1976-12-10;241540;36;575;363;1;-14643;1;305;367;194;154;61;105977;4
Take It Easy;Eagles (2013 Remaster);Eagles;1972-06-01;211577;78;575;67;7;-1039;1;318;343;495;129;74;139191;4
We Should Be Together;Homerun;The Cats;1976-01-01;197986;34;421;761;4;-10691;1;861;744;0;89;947;181688;4
Gloria;In Reality;Them;1971;365600;32;556;729;2;-10282;1;327;118;338;259;558;115093;4
You Don't Bring Me Flowers;You Don't Bring Me Flowers;Neil Diamond,Barbra Streisand;1978-12-16;195400;54;16;123;0;-18111;1;4;878;224;157;239;67006;4
My Sweet Lord;All Things Must Pass (2014 Remaster);George Harrison;1970-11-20;281231;73;54;688;1;-9021;0;331;812;0;857;564;120981;4
Losing My Religion;Out Of Time (25th Anniversary Edition);R.E.M.;1991-03-12;268426;83;666;855;9;-5051;0;295;179;12;987;803;125639;4
Down On The Corner;Willy And The Poor Boys (Expanded Edition);Creedence Clearwater Revival;1969-11-02;166280;73;858;544;0;-9289;1;751;583;109;707;874;108217;4
Something;Abbey Road (Remastered);The Beatles;1969-09-26;182293;73;396;338;0;-10872;1;304;198;262;138;377;133522;4
If You Leave Me Now;Chicago X;Chicago;1976-06-14;235373;76;434;563;11;-6784;1;268;197;824;128;275;104183;4
Kus Mich Dan;Ich Weit Desse D'r Bus;Arno Adams;2004-03-18;270213;17;42;259;6;-1211;0;35;883;248;95;152;93403;4
Goodbye My Love Goodbye;Demis Roussos;Demis Roussos;2001-01-01;233760;35;192;464;7;-10344;1;331;587;0;144;218;93231;4
Anak;Kasaysayan Ni Ka Freddie Aguilar;Freddie Aguilar;2006-04-16;236093;47;471;302;9;-1117;0;29;374;615;114;153;77924;4
Let It Be Me;Best Of The Everly Brothers - Rare Solo Classics;The Everly Brothers;1991-05-13;146733;56;471;19;7;-16046;1;28;77;385;129;305;72764;4
Candle In The Wind;Love Songs;Elton John;1995-11-06;228933;46;596;468;4;-11694;1;292;208;517;195;584;124139;4
Blauw;Blauw;The Scene;1990-01-01;276773;45;564;616;7;-10245;1;277;25;109;845;124;131068;4
Summer Is Over;A Girl Called Dusty;Dusty Springfield;1964-04-17;224293;31;469;554;6;-9468;1;273;31;0;7;394;95711;3
To All The Girls I've Loved Before;1100 Bel Air Place;Julio Iglesias,Willie Nelson;1984;213960;51;541;296;6;-18169;1;321;501;242;949;342;82313;4
Forever Young;Forever Young;Alphaville;1984-09-27;226706;72;489;483;9;-9466;0;275;42;28;236;333;136822;4
Baker Street;City to City;Gerry Rafferty;1978;365626;68;497;349;7;-14;1;297;929;28;259;421;113762;4
Back To Black;Back To Black;Amy Winehouse;2006-10-27;240440;68;49;725;10;-3304;1;392;123;268;983;335;12328;4
Hier Kom Ik Weg;Allennig II;Daniël Lohues;2008-04-13;208160;35;567;383;2;-9785;1;318;842;163;131;521;92144;4
Father And Son;Tea For The Tillerman (Remastered 2020);Yusuf / Cat Stevens;1970-11-23;221120;74;495;326;7;-1229;1;365;541;885;996;371;136243;4
In The Dutch Mountains;In The Dutch Mountains;Nits;1987-11-18;206413;43;42;504;7;-11445;1;33;551;546;592;27;84735;4
De Nozem En De Non;Cornelis Vreeswijk (Remastered);Cornelis Vreeswijk;1972-01-01;224440;28;671;324;7;-10913;1;43;769;109;924;691;107278;4
Queen For Tonight;Helen Shapiro;Helen Shapiro;1990-09-17;131333;36;611;444;10;-10599;1;363;477;0;183;958;117473;4
I Heard It Through The Grapevine (by Creedence Clearwater Revival);Chronicle: 20 Greatest Hits;Creedence Clearwater Revival;1976-01-01;664333;51;633;731;0;-10173;1;428;698;28;997;868;118674;4
Under Pressure;Bohemian Rhapsody (The Original Soundtrack);Queen,David Bowie;2018-10-19;244484;60;672;699;2;-7831;1;475;395;0;94;46;113737;4
Perfect;÷ (Deluxe);Ed Sheeran;2017-03-03;263400;87;599;448;8;-6312;1;232;163;0;106;168;9505;3
Suspicion;Pot Luck;Elvis Presley;1962-06-05;155600;49;73;473;2;-1537;1;34;816;354;112;923;131019;4
Mag Het Licht Uit;Wakker In Een Vreemde Wereld;De Dijk;1987-01-01;259000;43;754;309;0;-13925;1;334;339;282;947;482;113344;4
Westenwind;Mijn Paradijs;Dana Winner;2004-11-26;228306;39;601;468;9;-9331;1;254;386;0;241;456;109989;4
Marmor, Stein Und Eisen Bricht;Marmor, Stein und Eisen bricht;Drafi Deutscher;1987-05-01;156106;50;507;545;4;-11496;1;607;649;145;562;865;112561;4
Easy Livin';The Ultimate Collection;Uriah Heep;2003;156333;51;24;824;9;-8298;0;773;723;503;33;525;160218;4
Release Me;Engelbert Humperdinck: 50;Engelbert Humperdinck;2017-05-19;200000;45;24;314;5;-1034;1;299;837;216;104;275;86284;4
Tell Him;Higher Ground;Barbra Streisand,Céline Dion;1997-10-28;290533;43;344;403;4;-9479;1;422;756;0;111;72;75818;4
Dynamite;A's, B's And Rarities;Mud;2005-12-20;176680;40;578;92;1;-4621;0;641;281;147;198;772;141061;4
Als De Zon Schijnt;Wij;André van Duin;1982;151693;41;564;816;11;-6829;1;101;439;731;904;947;166968;4
Oh Well;Woodstock Rock;Fleetwood Mac;2014-09-22;171653;28;388;837;2;-7491;1;781;69;459;389;549;97974;3
Kl 204 (Als Ik God Was);Het Beste Van Peter Koelewijn;Peter Koelewijn;2012-03-09;315440;18;662;514;4;-1398;0;462;31;522;115;352;142315;4
Bed Of Roses;Keep The Faith;Bon Jovi;1992-11-03;394400;72;309;596;5;-5599;1;293;101;0;21;161;164587;3
Summertime (by Brainbox);Brainbox;Brainbox;1969-01-01;262746;33;375;551;0;-8729;1;277;421;716;311;247;88786;4
Wild Horses;The Rolling Stones Singles Box Set (1971-2006) [Sampler];The Rolling Stones;2011-01-01;344386;46;443;309;7;-975;1;267;666;785;813;178;140749;4
Lola (from 1970);Lola Versus Powerman and the Moneygoround, Pt. 1;The Kinks;1970-11-27;241991;54;456;894;9;-4602;1;37;458;485;695;926;151333;4
More Than A Feeling;Boston;Boston;1976;285133;78;377;681;7;-8039;1;298;88;23;504;285;108789;4
Save The Last Dance For Me (by Drifters) ;The Drifters Ultimate Collection;The Drifters;2023-02-23;130600;21;463;753;2;-8318;1;124;219;0;313;861;161653;4
De Peel In Brand;Kilomeaters ('T Beste Van 20 Joar Rowwen Hèze);Rowwen Hèze;2005-01-01;204706;38;281;361;0;-12699;1;362;609;0;142;331;199073;4
Paloma Blanca;Single Hit Collection;George Baker Selection;2003-01-01;207800;45;719;632;5;-11537;1;289;169;16;284;962;131908;4
Hello Mary Lou;Legacy;Ricky Nelson;2000-01-01;138840;33;588;601;9;-11031;1;291;371;101;8;922;99007;4
Stayin' Alive;How Can You Mend A Broken Heart;Bee Gees;2020-12-11;285373;72;702;773;10;-9256;0;343;288;871;147;953;103564;4
Oerend Hard;De Jonge Jaren van Normaal - 50 Jaar Nederpop;Normaal;2008-01-01;224569;48;664;66;9;-1039;1;989;122;0;75;836;126566;4
Zij Gelooft In Mij;Gewoon Andre;Andre Hazes;1981-01-01;229973;56;459;442;10;-9145;1;258;273;176;251;155;79971;4
A Thing Called Love;A Thing Called Love;Johnny Cash;1972-04-01;152680;50;526;499;0;-10873;1;345;481;0;261;786;155775;4
Huilen Is Voor Jou Te Laat;Huilen is voor jou te laat – Smartlappen & Levensliedjes;Corry & De Rekels;2011-11-25;185946;14;588;367;4;-8564;1;312;277;102;104;631;116768;4
Dancing In The Dark;Born In The U.S.A.;Bruce Springsteen;1984-06-04;241306;79;527;942;1;-564;0;366;115;0;188;495;148723;4
Tears In The Morning;Feel Flows The Sunflower & Surf’s Up Sessions 1969-1971 (Super Deluxe);The Beach Boys;2021-08-27;246533;20;346;307;9;-15997;1;38;211;0;107;295;125896;3
Devoted To You;The Very Best of The Everly Brothers;The Everly Brothers;1964-08-01;141040;52;587;34;3;-9387;1;256;834;0;955;526;90523;4
Halt Mich;Was Muss Muss - Best Of;Herbert Grönemeyer;2008-01-01;207480;41;294;442;9;-7127;1;32;788;472;845;158;104409;4
Voilà;Voilà;Barbara Pravi;2020-11-06;176815;62;447;337;2;-8665;0;631;773;0;298;603;135379;4
One Of Us;The Visitors (Deluxe Edition);ABBA;1981;237013;62;652;397;7;-15245;1;385;478;946;679;858;82235;4
Theme From The Deerhunter;String of Hits;The Shadows;1979-08-01;206066;40;505;226;4;-13649;1;258;707;883;118;121;81246;3
Seasons;Universal Masters Collection;Earth & Fire;2001-01-01;246733;29;436;63;2;-8614;0;339;251;242;139;844;13088;4
Lodi;Green River (Expanded Edition);Creedence Clearwater Revival;1969-08-03;193293;65;773;675;5;-8697;1;281;324;112;896;925;126866;4
Homeward Bound;Parsley, Sage, Rosemary And Thyme;Simon & Garfunkel;1966-10-10;149613;66;485;378;3;-11773;1;337;831;0;103;528;92928;4
A Boy Named Sue;A Boy Named Sue;Johnny Cash;2009-08-03;217478;40;52;454;9;-15708;1;494;933;202;752;89;105399;4
La Mamma;Rarities;Charles Aznavour;2015-10-30;227053;37;484;323;4;-10496;0;344;937;0;123;348;104514;4
'k Heb Je Lief;Lief;Paul de Leeuw;1997-01-01;286093;47;524;369;11;-12321;1;361;73;0;835;212;135751;4
A Horse With No Name;Hits;America;2011-03-15;227453;47;673;64;11;-9252;0;338;781;167;168;89;122883;4
I'll Have To Say I Love You In A Song;Photographs & Memories: His Greatest Hits;Jim Croce;1974-09-26;154626;31;537;446;9;-14978;1;289;834;104;107;715;133792;4
Papa Can You Hear Me;Yentl;Barbra Streisand;1983-11-08;210626;41;268;144;10;-16267;0;38;931;163;93;132;9046;1
Long As I Can See The Light;Cosmo's Factory (Expanded Edition);Creedence Clearwater Revival;1970-07-25;210866;54;707;407;11;-7045;1;373;35;253;564;532;127252;4
Birds;Sad Singalong Songs;Anouk;2013-01-01;203026;30;278;379;11;-8486;1;314;794;0;106;819;113125;3
The Fool On The Hill;Love;The Beatles;2006-11-17;209713;38;485;321;4;-12156;0;285;57;0;271;369;144531;4
When I'm Sixty-Four;Sgt. Pepper's Lonely Hearts Club Band (Remastered);The Beatles;1967-06-01;157666;62;704;241;1;-13258;1;476;625;28;868;661;140411;4
You Took The Words Right Out Of My Mouth;The Very Best Of Meat Loaf;Meat Loaf;1977;304466;24;442;723;9;-7006;1;844;134;0;72;71;125073;4
The Logical Song;The Very Best Of Supertramp;Supertramp;1990-01-01;249666;54;623;666;5;-9255;0;457;562;228;148;729;120247;4
Band On The Run;All The Best;Paul McCartney,Wings;1987-11-02;309333;53;468;444;0;-13822;1;335;552;331;285;668;125564;4
Veronica;Het Mooiste Van Cornelis Vreeswijk;Cornelis Vreeswijk;2006-01-01;175293;17;551;112;4;-17568;1;399;923;242;103;422;119802;4
Wonderful Tonight;Slowhand 35th Anniversary (Super Deluxe);Eric Clapton;1977-11-01;225026;73;572;214;7;-15625;1;293;649;129;125;485;95542;4
She's Leaving Home;Sgt. Pepper's Lonely Hearts Club Band (Super Deluxe Edition);The Beatles;1967-05-26;205466;33;355;186;0;-13385;1;325;95;0;915;399;13136;3
Go Now;The Magnificent Moodies;The Moody Blues;2014-12-15;192506;49;347;608;5;-7881;0;373;465;0;833;67;118813;3
(They Long To Be) Close To You;Close To You;Carpenters;1970-01-01;273933;66;528;233;8;-15362;1;346;726;108;122;208;89044;4
No Regrets;No Regrets;The Walker Brothers;1975-08-15;343066;38;565;45;2;-14915;1;322;267;964;139;5;100878;4
Op Fietse;Niks Is Zoas 't Lek;Skik;1997;290840;43;525;859;0;-5414;1;297;188;0;244;859;104123;4
Girl You'll Be A Woman Soon;The Bang Years 1966-1968 (The 23 Original Mono Recordings);Neil Diamond;1968;180253;62;515;641;5;-5573;1;272;567;642;322;655;109558;4
Sunday Bloody Sunday;U218 Singles;U2;2006-01-01;279960;52;343;985;6;-3174;1;138;409;119;517;724;201057;4
Appleknockers Flophouse;Appleknockers Flophouse;Cuby & The Blizzards;1969;150693;32;308;707;0;-9437;1;994;301;253;255;674;197321;4
As Tears Go By (by Marianne Faithfull);As Tears Go By;Marianne Faithfull;1964;156186;44;522;583;0;-8554;1;269;551;165;343;736;127706;4
Weekend;Reality Fills Fantasy;Earth & Fire;1979-09-08;214906;49;866;572;9;-11164;0;374;366;36;13;559;121751;4
The Last Seven Days;Golden Years Of Dutch Pop Music;Gloria;2017-02-03;265480;19;349;407;1;-11641;1;286;131;204;161;724;9435;4
Shallow;A Star Is Born Soundtrack;Lady Gaga,Bradley Cooper;2018-10-05;215733;83;572;385;7;-6362;1;308;371;0;231;323;95799;4
Little Red Rooster;Singles 1963-1965;The Rolling Stones;2004-04-26;184720;33;72;436;7;-11626;1;432;571;296;112;663;109347;3
The Weight (by The Band);Best Of The Band;The Band;1976;274866;46;639;431;9;-12494;1;489;414;711;867;526;144048;4
Bring It On Home To Me;The Singles Plus;The Animals;1987-10-19;163706;48;497;467;7;-9012;1;264;505;112;117;813;82851;4
New World In The Morning;Roger Whittaker - The Best Of (1967 - 1975);Roger Whittaker;1985-01-01;143933;42;469;511;9;-11361;0;35;381;566;955;845;82978;4
Nikita;Ice On Fire;Elton John;1985-11-07;343240;68;632;656;7;-929;1;277;123;264;735;752;86605;4
Light My Fire;The Doors;The Doors;1967-01-04;429760;69;413;725;3;-5787;0;324;369;216;905;44;124618;4
In A Gadda Da Vida;In-A-Gadda-Da-Vida;Iron Butterfly;1968-06-14;1024133;49;548;452;0;-11612;1;343;577;375;192;5;120127;4
Naast Jou;Voor De Overlevenden;Boudewijn de Groot;1966-01-01;212400;28;676;464;3;-12382;1;405;146;0;855;868;136326;4
Quand Les Roses;Adamo - Volume 2 - Studio 2;Salvatore Adamo;2003;154093;34;426;347;7;-10306;1;273;409;0;3;463;84549;4
Eye In The Sky;Eye In The Sky (Expanded Edition);The Alan Parsons Project;1982;276280;72;823;417;2;-12643;1;32;562;98;765;522;111928;4
Only Love;La Dame De Coeur;Nana Mouskouri;1984-04-18;264560;42;279;506;7;-8317;1;307;577;0;149;359;132575;4
Thank God I'm A Country Boy;Back Home Again;John Denver;1974-06-15;193093;64;762;537;9;-958;1;478;785;669;551;958;105603;4
Baba O'Riley;Who's Next (Deluxe Edition);The Who;1971-08-14;300400;75;489;724;5;-8367;1;352;313;185;287;15;117292;4
Marina;20 Hits;Rocco Granata;1988-01-01;166186;53;66;419;7;-14265;1;37;574;296;719;894;103154;4
Saturday Night;Shpritsz;Herman Brood & His Wild Romance;1978;222506;44;634;614;2;-6917;1;258;598;521;681;546;92108;4
Waiting On A Friend;The Rolling Stones Singles Box Set (1971-2006) [Sampler];The Rolling Stones;2011-01-01;276853;30;611;691;0;-8592;1;278;222;553;108;884;116897;4
Sukiyaki;Sukiyaki;Kyu Sakamoto;2014-03-12;187663;42;406;337;7;-11157;1;309;643;0;159;457;145111;4
Zondagmiddag Buitenveldert;Frans Halsema 1939-1984;Frans Halsema;1985-01-01;142893;29;517;507;7;-10831;1;615;662;0;107;599;113384;4
Gigi L'Amoroso;40 succès en or;Dalida;1997-01-01;448906;50;524;433;5;-888;1;631;598;0;615;687;96994;4
Tusk;Greatest Hits;Fleetwood Mac;1988-11-21;210173;54;614;623;0;-17032;1;775;237;726;452;96;180512;4
Het Regent Zonnestralen;Naar Huis;Acda en de Munnik;1998-09-21;225493;55;624;628;7;-9846;1;303;434;0;179;783;108102;4
Little Green Bag;Little Green Bag;George Baker Selection;1969-01-01;267240;38;685;847;7;-506;1;369;488;826;126;838;102487;4
Maribaja;Home;The Cats;1973-11-17;188066;30;468;667;5;-8921;1;272;327;0;445;906;81055;4
La Ballade Des Gens Heureux;Je vous reparlerai d'amour;Gérard Lenorman;2004-06-10;197386;45;63;662;5;-567;1;47;495;0;148;726;124753;4
Mooi Was Die Tijd;Hollands Glorie;Corry Konings;2011-12-08;247173;33;823;51;4;-12227;1;342;105;216;887;633;113095;4
Il Silenzio;I Successi;Nini Rosso;1996-04-29;189333;39;365;33;10;-8684;1;286;943;869;13;283;92641;3
Ring Ring, I've Got To Sing;Ring, Ring, I’ve Got To Sing;Férré Grignard;1966-01-01;230411;35;536;365;9;-13063;1;297;7;0;28;846;113373;3
Take Five;Time Out;The Dave Brubeck Quartet;1959-12-14;324133;68;454;26;8;-13193;0;401;539;78;675;598;174322;5
De Verzoening;In Natura;Frank Boeijen Groep;1986-04-26;302066;41;608;307;0;-14798;1;259;699;236;628;284;100591;3
You've Lost That Lovin' Feelin';The Very Best Of The Righteous Brothers - Unchained Melody;The Righteous Brothers;1990;225426;56;366;317;1;-13976;1;27;541;0;865;398;94108;4
Fantasy;All 'N All;Earth, Wind & Fire;1977-11-21;277413;57;608;745;4;-8772;0;857;323;428;135;614;88941;4
Griechischer Wein;Zeig mir den Platz an der Sonne;Udo Jürgens;1994-02-14;244640;57;403;575;0;-9257;0;398;66;0;332;597;148206;4
The Sun Ain't Gonna Shine Anymore;Portrait (Deluxe Edition);The Walker Brothers;1966-08-26;194906;42;381;683;2;-6795;1;354;224;152;244;434;111036;4
Fly Away;Windsong;John Denver;1975-09;251880;44;352;22;7;-15339;1;267;871;206;656;445;97126;4
Twilight Zone;Cut;Golden Earring;1982;478106;49;656;756;11;-6516;0;399;785;349;927;542;11856;4
A Forest;Seventeen Seconds;The Cure;1980-04-18;354640;64;587;493;0;-14927;1;505;423;712;909;451;161222;4
Private Dancer;80s Soft Pop;Tina Turner;2019-08-23;434373;28;587;572;2;-9656;1;413;363;871;915;471;115466;4
Der Weg;Was Muss Muss - Best Of;Herbert Grönemeyer;2008-01-01;259346;47;344;244;5;-10854;1;38;921;771;119;191;14236;1
Mrs. Robinson;Forrest Gump - The Soundtrack;Simon & Garfunkel;2001-10-02;230733;47;608;513;6;-11124;0;467;793;139;107;796;91946;4
At Seventeen;Between the Lines;Janis Ian;1975-03-01;283886;54;606;284;0;-16997;1;446;884;354;116;36;125133;4
Peggy Sue;Peggy Sue;Buddy Holly;2011-10-11;151226;11;67;469;9;-7276;1;294;982;388;108;691;148094;4
No Milk Today;The Very Best Of Herman's Hermits;Herman's Hermits;1996-03-06;176800;45;659;561;9;-9342;1;302;356;0;208;93;133536;4
Money;The Dark Side Of The Moon (2011 Remastered Version);Pink Floyd;1973-03-01;380080;65;47;505;11;-11966;0;171;194;104;206;767;124065;1
A Night Like This;Deleted Scenes From The Cutting Room Floor;Caro Emerald;2010-01-29;225931;56;87;706;1;-5769;1;417;56;0;104;953;12298;4
Only Lies;Greenfield & Cook;Greenfield & Cook;1972-01-01;209280;30;516;499;2;-11383;1;301;824;658;124;372;126207;4
Mr. Tambourine Man;Mr. Tambourine Man;The Byrds;1965-06-21;149466;62;456;47;2;-9564;1;294;513;376;444;639;120336;4
I'll Never Fall In Love Again;The Best Of Tom Jones Country Hits 20th Century Masters The Millennium Collection;Tom Jones;2006-01-01;252253;44;279;374;4;-10883;1;29;792;711;105;318;146896;3
Maggie May;Every Picture Tells A Story;Rod Stewart;1971-05-18;350266;69;605;574;2;-10536;1;377;559;113;684;543;129449;4
The Old Fashioned Way;L'album de sa vie 100 titres;Charles Aznavour;2019-02-01;245973;10;317;591;8;-6602;1;483;192;0;133;556;150158;4
Forever Autumn;Jeff Wayne's Musical Version of The War of The Worlds;Jeff Wayne,Richard Burton,Justin Hayward;1978-06-12;461906;42;383;675;2;-6404;0;409;277;124;636;482;124928;4
The Eyes Of Jenny;Good for Gold;Sandy Coast;2009-04-22;264160;38;679;527;9;-11671;1;351;34;0;775;68;118626;4
Little Ship;Ramona;Blue Diamonds;2018-03-23;124893;6;548;648;5;-7515;1;271;148;0;313;569;129853;4
Rocky Mountain High;Rocky Mountain High;John Denver;1972-09-15;283640;66;455;437;4;-11411;1;278;314;0;501;724;81396;4
Geef Mij Je Angst (by Guus Meeuwis) ;Het Beste Van Guus Meeuwis;Guus Meeuwis;2010-01-01;226213;44;534;261;8;-11699;1;538;932;356;106;295;74542;4
Limburg;Kilomeaters ('T Beste Van 20 Joar Rowwen Hèze);Rowwen Hèze;2005-01-01;246386;45;364;894;2;-5913;1;157;28;0;964;669;145426;4
This Strange Effect;The Collection;Dave Berry;2015-06-25;148626;34;621;516;2;-7236;1;251;433;0;772;408;98793;4
Vierentwintig Rozen;One Man Show 1993;Toon Hermans;1993-01-01;276096;22;265;797;10;-21742;1;261;732;177;677;386;170775;3
Vanmorgen Vloog Ze Nog;Tsjechov - De Musical Van Dimitri Frenkel Frank En Robert Lo;Robert Long,Martine Bijl,Simone Kleinsma,Robert Paul;1988-01-01;306893;33;516;159;5;-20705;1;297;833;92;104;153;82112;4
See Me, Feel Me;Who’s Next : Life House (Super Deluxe);The Who;2023-09-15;410333;12;303;861;4;-8006;1;634;356;102;907;294;122236;4
Sacramento;The Very Best Of Middle Of The Road;Middle Of The Road;2014-12-08;188600;20;757;577;9;-1123;1;606;116;247;541;531;135975;4
Ginny Come Lately;Collections;Albert West;2006-01-27;172586;35;53;369;9;-11945;1;256;604;614;217;438;99608;4
Air;Ekseption (Expanded Edition);Ekseption;1969-01-01;170906;33;274;649;0;-6853;1;327;212;9;107;432;139287;4
You've Got A Friend (by Carole King);Tapestry;Carole King;1971;308973;63;473;263;8;-10684;1;336;88;441;123;461;169094;4
The Second Waltz;Happy Days;André Rieu,Johann Strauss Orchestra;2019-11-22;234000;42;212;343;0;-9565;0;307;846;614;707;484;179598;3
Black Magic Woman;Ultimate Santana;Santana;2007-09-25;195866;60;497;552;9;-7102;0;307;679;314;89;633;124359;4
Lady D'Arbanville;Mona Bone Jakon (Remastered 2020);Yusuf / Cat Stevens;1970-04-24;225400;56;538;261;4;-12616;0;364;439;102;887;528;102153;4
Lay All Your Love On Me;Super Trouper;ABBA;1980;274466;76;678;727;2;-7844;0;258;117;396;354;71;133481;4
Crying In The Chapel;Elvis 30 #1 Hits;Elvis Presley;2002-09-24;143266;47;404;246;11;-13812;1;41;94;3;297;281;71274;4
99 Luftballons;Nena;Nena;1983-09-23;231466;73;636;467;4;-101;1;421;915;17;117;58;96639;4
Welcome To My World;The Essential Jim Reeves;Jim Reeves;1997-02-14;152600;44;341;252;3;-14869;1;288;725;594;287;399;81058;4
Turn! Turn! Turn!;20 Essential Tracks From The Box Set: 1965-1990;The Byrds;1990;233426;29;444;693;2;-10818;1;368;379;341;433;773;122009;4
Quiero;El Amor;Julio Iglesias;1975;168560;51;682;5;10;-16492;0;426;476;0;125;914;135108;4
Con Te Partiro;Bocelli (Remastered);Andrea Bocelli;1995-01-01;250983;67;241;367;7;-795;1;311;844;279;873;302;135267;5
Hello Again;In My Lifetime;Neil Diamond;1996-10-29;217840;37;325;198;0;-16956;1;276;676;451;131;125;60145;4
Miss You Nights;40 Golden Greats;Cliff Richard;1977;238360;29;33;146;5;-17016;1;36;803;632;118;207;71306;4
Son Of A Preacher Man;Dusty In Memphis;Dusty Springfield;1969-03-31;148053;76;404;43;4;-12327;1;224;538;0;802;641;180061;4
Daar Gaat Ze;Hoezo?;Clouseau;1989-01-01;229466;39;634;333;5;-14952;1;334;827;0;133;637;87025;4
Scarborough Fair;Essential - Easy Listening;Simon & Garfunkel;2010-01-22;188920;10;332;301;2;-1277;1;317;724;191;112;283;128759;3
First Of May;Odessa (Deluxe Edition);Bee Gees;1969-03-30;171866;50;193;322;2;-11011;1;425;524;153;807;297;61508;4
La Mer;Disque D'or;Charles Trenet;1992;201840;54;241;168;0;-16267;1;442;965;114;373;556;84749;3
Immortality;Let's Talk About Love;Céline Dion,Bee Gees;1997-11-14;250893;63;546;315;2;-11208;1;324;601;343;795;756;82951;4
Saved By The Bell;Robin's Reign;Robin Gibb;1970-02-01;186893;44;155;298;0;-13805;1;307;431;507;214;296;91058;3
Stand By Your Man;Tears Of Fire: The 25th Anniversary Collection;Tammy Wynette;1964;159760;58;517;246;9;-11992;1;308;788;105;133;525;10524;4
She's Always A Woman;The Stranger (Legacy Edition);Billy Joel;1977;201373;73;292;324;3;-11996;1;346;797;473;12;384;176631;3
Vivo Per Lei;Bocelli (Remastered);Andrea Bocelli,Giorgia;1995-01-01;265584;65;533;456;2;-6392;1;265;703;0;18;289;136117;4
I'm On Fire;Born In The U.S.A.;Bruce Springsteen;1984-06-04;155880;76;62;446;1;-14451;0;347;589;299;727;868;88591;4
Solitary Man;All-Time Greatest Hits;Neil Diamond;2014-07-08;153306;44;557;63;4;-5825;0;312;241;322;33;787;78835;4
What A Crazy Life;Cats As Cats Can;The Cats;1967-01-01;155653;31;537;659;11;-7656;1;329;6;0;463;892;11885;4
Forever And Ever;Demis Roussos;Demis Roussos;2001-01-01;212733;36;39;518;3;-10139;1;343;313;0;351;696;117385;4
Love On The Rocks;In My Lifetime;Neil Diamond;1996-10-29;217800;48;302;213;9;-16435;0;38;814;668;884;191;130214;4
Moonlight Shadow;The Mike Oldfield Collection;Mike Oldfield;2009-01-01;218186;66;611;72;4;-8359;1;259;291;0;356;8;128594;4
I've Gotta Get A Message To You;Idea (Deluxe Edition);Bee Gees;1968-08-11;177440;54;442;596;2;-6327;0;281;37;446;172;497;83414;4
Born To Be Wild;Steppenwolf;Steppenwolf;1968;210373;73;438;71;2;-12412;1;919;262;537;221;53;145928;4
Toe Maar Jongens;Vanavond Tussen 8 En 11 Live (Alle Liedjes Uit Het Lang Genoeg Jong Concert);Robert Long;2000-05-01;261399;19;662;559;10;-7511;0;336;79;0;843;793;93048;4
You'll Never Walk Alone (by Lee Towers);One Hour Of Golden Songs;Lee Towers;1984;210240;37;351;268;10;-16205;1;307;611;956;255;143;7839;4
Living Next Door To Alice;The Best of Smokie;Smokie;1990-12-01;217266;40;667;447;9;-13684;1;32;318;0;713;612;121942;4
Troy;Lion and the Cobra;Sinéad O'Connor;1987-11-04;391200;52;315;311;10;-9232;1;32;482;137;44;185;116262;4
Return To Sender;Elvis 30 #1 Hits;Elvis Presley;2002-09-24;128306;54;838;616;8;-6502;1;433;575;0;785;971;131719;4
Dolce Paola;Adamo - Volume 2 - Studio 2;Salvatore Adamo;2003;141280;31;393;394;8;-10068;1;311;193;0;185;674;108542;3
Midnight Special;Willy And The Poor Boys (Expanded Edition);Creedence Clearwater Revival;1969-11-02;253866;64;763;462;2;-9432;1;105;661;0;112;672;124491;4
Still Loving You;Comeblack;Scorpions;2011-11-07;403453;72;282;605;6;-4916;0;294;47;144;103;783;103929;4
Waterloo Sunset;Picture Book;The Kinks;2008-12-08;193106;32;513;683;1;-7996;0;246;268;0;173;467;107865;4
De Glimlach Van Een Kind;De Glimlach Van Een Kind;Willy Alberti;1998-01-01;160000;30;545;492;8;-8351;1;303;758;78;603;536;99092;3
Cecilia;Bridge Over Troubled Water;Simon & Garfunkel;1970-01-26;174826;71;755;876;0;-8867;1;362;357;517;22;954;102762;4
100 Years;Toen Was Geluk Heel Gewoon;Joey Dyser;2014-04-11;187416;32;642;526;0;-10918;1;643;661;0;601;632;79481;4
It Was A Very Good Year;September Of My Years (Expanded Edition);Frank Sinatra;1965-08;267240;51;215;142;7;-15395;0;325;862;0;113;126;79608;4
We Belong To The Night;Nightout;Ellen Foley;1979-06-25;321173;37;359;75;7;-9192;1;371;469;36;234;415;101413;4
Sealed With A Kiss;The Best Of Bobby Vinton;Bobby Vinton;1962;168866;45;431;379;5;-959;0;262;708;174;181;665;86172;4
White Room;Wheels Of Fire;Cream;1968-07-01;298333;68;553;576;0;-13458;1;304;191;664;365;457;109827;4
You've Got A Friend (by James Taylor);Greatest Hits;James Taylor;1976;268706;52;695;282;9;-15359;1;295;681;267;767;445;91681;4
I Will Always Love You (by Whitney Houston);The Bodyguard - Original Soundtrack Album;Whitney Houston;1992-11-17;271093;76;332;214;4;-12518;1;349;845;562;839;11;67531;4
Allemaal Angst;Vanavond Tussen 8 En 11 Live (Alle Liedjes Uit Het Lang Genoeg Jong Concert);Robert Long;2000-05-01;277053;23;614;44;5;-10755;1;755;583;0;978;351;124979;5
Biscaya;Biscaya;James Last;1982-01-01;244906;46;282;489;2;-8766;0;336;757;625;3;312;109388;4
The Young Ones;The Young Ones;Cliff Richard;2023-09-15;210185;19;673;5;7;-726;1;301;787;635;371;649;123978;4
The Unforgettable Fire;The Best Of 1980 - 1990;U2;1998-11-02;293400;43;421;756;10;-8127;1;317;12;412;698;198;136314;4
Summer Of '69;Reckless (30th Anniversary / Deluxe Edition);Bryan Adams;1984-11-05;216053;81;508;834;2;-6205;1;386;183;0;732;774;139131;4
Down Down;On The Level;Status Quo;1975-02-01;324960;49;47;899;4;-7127;1;333;113;689;287;213;89506;4
Eve Of Destruction;Eve Of Destruction;Barry McGuire;1965-01-01;215826;55;613;307;2;-17385;1;414;387;452;87;789;117305;4
Daydream Believer;The Birds, The Bees, & The Monkees;The Monkees;1968-04-22;179613;66;51;488;7;-10304;1;304;256;0;11;649;125683;4
La Mamma (Zij Kwamen Overal Vandaan);La Mamma (Zij Kwamen Overal Vandaan);Corry Brokken;1964-01-01;225893;26;571;2;10;-13711;0;397;931;0;107;341;10491;4
My Lady Of Spain;Party Hits;Classics;2006;172000;22;678;605;2;-8367;1;236;377;0;151;376;104;4
Don't Stop Me Now;Discover More Classic Rock;Queen;2020-08-10;209160;63;474;861;0;-5984;1;26;237;158;664;6;156333;4
Clocks;A Rush of Blood to the Head;Coldplay;2002-08-08;307879;81;577;749;5;-7215;0;279;599;115;183;255;13097;4
Born In The USA;Born In The U.S.A.;Bruce Springsteen;1984-06-04;278680;72;398;952;4;-6042;1;61;373;775;1;584;122093;4
Le Métèque;Le métèque;Georges Moustaki;1969-01-01;153317;49;519;376;9;-9321;1;375;688;272;153;65;97563;4
All I Have To Do Is Dream;The Very Best of The Everly Brothers;The Everly Brothers;1964-08-01;143333;61;534;462;4;-8172;1;266;839;0;129;534;96195;4
Skybird;Jonathan Livingston Seagull;Neil Diamond;1973;141093;41;473;313;9;-16842;1;271;584;228;119;611;130394;3
Eenzaam Zonder Jou;The Real... Will Tura;Will Tura;2017-02-24;148253;26;493;248;4;-11293;1;58;841;251;996;198;177569;3
World;Horizontal;Bee Gees;1968-01-01;195040;39;276;528;2;-9862;1;334;452;233;133;26;86301;4
American Pie;American Pie;Don McLean;1971;516893;75;531;481;4;-11709;0;6;699;0;842;491;13845;4
Like A Rolling Stone;Highway 61 Revisited;Bob Dylan;1965-08-30;369600;68;482;721;0;-6839;1;321;731;0;189;557;95263;4
Rolling In The Deep;21;Adele;2011-01-24;228093;81;73;769;8;-5114;1;298;138;0;473;507;104948;4
The Great Pretender;The Platters Golden Hits;The Platters;1986-01-01;157360;54;425;401;7;-9427;1;315;943;344;72;531;11571;3
Never Marry A Railroad Man;3rd Album;Shocking Blue;1971;184240;51;512;724;2;-74;0;394;464;731;193;672;133067;4
I'm A Believer;The Best of The Monkees;The Monkees;2008-07-01;165613;55;502;772;0;-6205;1;322;595;247;199;935;79463;4
Dodenrit;Veerpont;Drs. P;1999-01-01;310733;33;542;858;0;-7917;0;124;367;0;387;887;147814;4
Help!;Love;The Beatles;2006-11-17;138285;52;552;734;6;-7126;0;291;221;0;116;846;94887;4
Prikkebeen;Het Beste Van Boudewijn De Groot;Boudewijn de Groot,Elly Nieman;1990-01-01;252760;32;55;447;11;-11853;1;305;21;264;102;424;109598;4
Set Fire To The Rain;21;Adele;2011-01-24;242973;83;603;67;2;-3882;0;249;408;168;112;446;107993;4
Sunshine On My Shoulders;Poems, Prayers and Promises;John Denver;1971;311893;59;322;168;10;-13893;1;336;915;223;117;259;14668;4
Born To Run;Born To Run;Bruce Springsteen;1975-08-25;269920;71;27;944;4;-4199;1;975;501;205;116;606;146347;4
Perfect Symphony;Perfect Symphony (Ed Sheeran & Andrea Bocelli);Ed Sheeran,Andrea Bocelli;2017-12-15;265363;66;544;417;8;-4387;1;247;586;0;85;207;95156;3
Zwei Kleine Italiener;Conny's Party;Conny Froboess;1992;165266;44;643;343;10;-13016;1;27;525;0;177;909;98107;4
One Night;Elvis 30 #1 Hits;Elvis Presley;2002-09-24;152426;41;646;618;4;-6978;1;339;765;133;304;772;8019;4
Anne;Anne;Herman van Veen;1986-01-01;227640;41;668;78;0;-27268;0;418;671;203;167;284;114699;4
Pour Moi La Vie Va Commencer;D'où viens-tu Johnny ? (Bande originale du film);Johnny Hallyday;1963-10-24;132266;35;516;629;7;-8592;0;453;323;0;106;805;91491;4
Quiereme;Begin the Beguine;Julio Iglesias;1978;166293;35;622;575;7;-14086;1;389;419;0;659;911;12851;4
Give A Little Bit;Even In The Quietest Moments;Supertramp;1977-01-01;248173;76;531;818;2;-5358;1;452;694;96;263;471;90767;4
She's Not There;Moonflower;Santana;1977-10-01;249026;53;477;697;0;-7878;1;387;403;262;311;832;130365;4
Late Again;Stealers Wheel;Stealers Wheel;1972-01-01;196453;40;57;195;10;-10679;1;331;66;616;937;397;117084;3
Hart Van Mijn Gevoel;Onvoorspelbaar;De Kast;1999;268866;41;437;433;3;-9894;1;268;543;0;145;264;139801;4
Beneden Alle Peil;Het Beste Van Boudewijn De Groot;Boudewijn de Groot;1990-01-01;188560;27;623;256;2;-17674;1;483;816;813;111;557;116217;4
The Road Ahead (Miles Of The Unknown);The Road Ahead;City To City;2004-01-01;246600;42;542;461;11;-8515;1;237;4;825;143;137;99348;4
Down Man;Golden Years Of Dutch Pop Music;Brainbox;2015-10-23;155040;31;431;763;7;-8551;0;563;177;64;1;513;167856;4
Hello (by Adele) ;25;Adele;2015-11-20;295502;75;578;43;5;-6134;0;305;33;0;854;288;78991;4
Que Sera Sera (Whatever Will Be Will Be);Music, Movies & Memories;Doris Day;2014-04-01;95066;44;389;229;11;-8367;0;726;993;0;111;533;53348;4
Knowing Me, Knowing You;Arrival;ABBA;1976;241920;67;546;733;2;-7073;1;299;399;111;235;91;107285;4
Don't You Forget About Me;Themes - Volume 2;Simple Minds;2008-01-01;397400;35;651;66;2;-10944;1;265;775;772;46;797;111189;4
Aan De Andere Kant Van De Heuvels;Ramses Shaffy - Laat Me;Liesbeth List,Ramses Shaffy;2009-01-01;200173;18;519;323;9;-15523;1;347;401;384;225;531;85556;4
Someone Like You;21;Adele;2011-01-24;285240;81;556;319;9;-8251;1;281;893;0;996;294;135187;4
Living Doll (by Cliff Richard);Living Doll - The Collection;Cliff Richard;2012-02-17;157986;38;658;356;9;-12693;1;411;793;0;989;698;128095;4
The Great Gig In The Sky;The Dark Side Of The Moon (2011 Remastered Version);Pink Floyd;1973-03-01;284413;65;274;195;5;-15289;1;339;753;739;774;168;115227;4
Dreamer;Crime Of The Century (Remastered);Supertramp;1974-09-01;213236;62;664;414;5;-14113;1;675;864;367;813;831;147883;4
Ein Festival Der Liebe;Das Beste mit Liebe;Jürgen Marcus;2008-10-11;242706;40;624;748;9;-5462;1;388;32;0;499;816;134191;4
Zoek Jezelf;De Eerste Langspeelplaat Van Het Simplisties Verbond;Kees Van Kooten,Wim De Bie;1975-01-01;225000;25;606;314;5;-12681;1;442;421;0;327;543;102412;4
The 5th;Ekseption (Expanded Edition);Ekseption;1969-01-01;203133;30;323;756;0;-8044;0;36;396;828;744;443;85713;4
All You Need Is Love;Yellow Submarine Songtrack;The Beatles;2014-01-01;226666;50;364;483;7;-822;1;317;281;153;113;7;102967;4
Get Back;Love;The Beatles;2006-11-17;125340;45;63;793;7;-9444;1;352;32;722;194;27;123562;4
The Legend Of Xanadu;If No-One Sang;Dave Dee, Dozy, Beaky, Mick & Tich;1968-05-31;216373;40;403;902;9;-4828;1;498;121;857;975;691;76706;4
Through The Barricades;Gold - The Best of Spandau Ballet;Spandau Ballet;2000-05-15;357733;36;448;468;7;-9102;1;277;147;19;102;184;146156;4
Orinoco Flow;Themes From Calmi Cuori Appassionati;Enya;2001;266226;58;685;46;0;-11223;1;283;797;257;101;566;114995;4
Whatever You Want;Whatever You Want;Status Quo;1979;243546;61;56;705;2;-6761;1;498;772;259;264;501;122456;4
Here Comes The Night;Essence of British Rock;Them;2015-04-15;165800;14;719;572;4;-9014;1;269;378;106;33;968;100349;4
Tin Soldier;Wish You Were Mine, Vol. 5;Small Faces;2015-10-14;201106;17;372;538;9;-13938;1;333;946;645;768;416;113;4
She (by Elvis Costello) ;In Motion Pictures;Elvis Costello;2012;187720;66;333;28;1;-1287;1;32;427;188;13;276;130876;4
Before The Next Teardrop Falls;Before The Next Teardrop Falls;Freddy Fender;1975;149951;49;778;307;10;-9356;1;341;892;287;985;699;92299;4
Killer Queen;Bohemian Rhapsody (The Original Soundtrack);Queen;2018-10-19;179355;65;526;64;10;-6374;1;472;365;13;958;622;117132;4
Romeo And Juliet;Making Movies;Dire Straits;1980-10-17;360666;70;613;441;5;-11999;1;309;546;132;869;525;87573;4
All Along The Watchtower;Electric Ladyland;Jimi Hendrix;1968-10-25;240800;75;438;805;8;-6237;1;624;255;569;842;564;113253;4
Stay In My Life;Third Life;The Cats;1983;235920;20;535;719;9;-9867;1;583;359;106;32;836;152623;4
We Are The World;We Are The World;U.S.A. For Africa;1985-01-01;427333;69;528;447;4;-15255;1;435;189;0;745;292;7258;4
Zeg Maar Niets Meer;Gewoon Andre;Andre Hazes;1981-01-01;168760;57;272;58;7;-8684;1;391;161;334;103;397;195751;3
Up Around The Bend;Cosmo's Factory (Expanded Edition);Creedence Clearwater Revival;1970-07-25;161466;62;589;85;2;-6143;1;343;606;779;274;813;130318;4
Folsom Prison Blues;Save My Love For Sorrow (Live Amsterdam '72);Johnny Cash;2023-02-17;67810;17;597;634;5;-7717;1;364;631;611;207;963;119601;4
Circle Of Life;The Lion King Collection (Deluxe Edition);Elton John;2011-01-01;292413;43;265;563;10;-9358;1;347;194;255;109;115;160258;4
Grand Hotel;Grand Hotel;Procol Harum;1973-01-01;368560;28;289;509;7;-8893;1;379;181;305;144;178;116595;4
Het Oude Huis;Liedjes Uit Het Oude Huis;Willeke Alberti;1980-01-01;287786;21;381;386;8;-8125;1;328;924;195;148;189;109791;3
Time Is Tight;The Complete Stax / Volt Soul Singles, Vol. 2: 1968-1971;Booker T. & the M.G.'s;1993-09-30;195226;49;772;43;9;-14602;0;464;67;889;104;959;134561;4
Honky Tonk Women;Honky Tonk Women / You Can't Always Get What You Want;The Rolling Stones;2019-11-29;182706;56;56;721;7;-6669;1;629;225;339;453;966;119285;4
Niemand In De Stad;Niemand In De Stad;De Dijk;1989-01-01;291066;41;632;407;2;-12885;1;258;598;148;314;701;90426;4
Het Spel Kaarten;Zigeuner Hits (De Grootste Smartlappen Aller Tijden);Gerard De Vries;2011-09-12;263226;19;651;411;10;-14654;1;781;773;61;977;42;82628;4
Bus Stop;20 Golden Greats;The Hollies;1978-07-01;174640;52;601;698;4;-8708;0;313;103;0;893;787;136263;4
Long Blond Animal;Prisoner Of The Night;Golden Earring;1980;216626;40;441;701;2;-7555;1;441;532;763;283;779;168951;4
S.O.S.;Abba;ABBA;1975;202386;68;415;713;5;-555;1;278;251;197;289;579;125056;4
Calm After The Storm;The Common Linnets;The Common Linnets;2014-05-12;212693;52;694;391;6;-11089;1;303;488;273;123;382;116046;4
I'm Just A Singer (In A Rock And Roll Band);Seventh Sojourn;The Moody Blues;1972-11-17;257826;42;271;852;11;-12719;0;586;185;203;831;7;14962;4
You Don't Have To Say You Love Me;Complete A And B Sides 1963 - 1970;Dusty Springfield;2006-01-01;168466;44;243;655;2;-4597;0;363;659;128;821;575;111965;3
No Woman No Cry;Natty Dread;Bob Marley & The Wailers;1974;226240;58;898;365;0;-10452;1;462;159;928;132;563;9853;4
What's A Woman;Night Owls;Vaya Con Dios;1990-04-10;233493;55;294;329;7;-12571;1;338;625;32;154;267;82865;3
Iedereen Is Van De Wereld;2007;The Scene;2007-05-17;227893;46;454;729;4;-683;1;417;307;459;288;38;118051;4
Don't Let The Sun Go Down On Me;Ladies & Gentlemen;George Michael,Elton John;1998-11-09;346813;65;435;547;0;-8092;1;287;494;0;544;26;135453;4
From The Time You Say Goodbye;Thank You - Dankeschön;Vera Lynn;2020-10-30;153738;5;262;314;5;-13724;1;363;944;887;455;198;78731;4
You Are;New Harvest...First Gathering;Dolly Parton;1977-02-14;315613;41;421;129;7;-15465;1;34;848;514;258;195;133893;4
A Salty Dog;A Salty Dog (2009 Remaster);Procol Harum;1969-06-02;278760;38;312;272;1;-9705;1;262;488;501;345;718;55451;4
Killing Me Softly With His Song;Killing Me Softly;Roberta Flack;1973-01-01;286920;71;476;381;5;-10238;0;342;727;0;614;33;121948;4
La Vie En Rose;Edith Piaf - The Best Of;Édith Piaf;2008-10-13;187733;59;371;278;7;-8596;0;303;981;0;272;338;82331;4
Mother How Are You Today;Het Beste Van Maywood;Maywood;2006-01-01;159106;42;227;297;9;-12769;1;343;384;179;126;286;131783;3
Spanish Eyes;My Cherie;Al Martino;1965-09-04;166906;52;519;481;2;-9796;1;283;308;105;121;48;109246;4
Let's Go Together;Home;The Cats;1973-11-17;223240;30;226;652;9;-935;1;324;17;353;351;755;166999;4
You Are So Beautiful;Classics (Vol.4);Joe Cocker;1987-03-01;162973;57;376;119;1;-17643;1;431;918;321;156;752;122679;4
Theme From Harry's Game;The Best That is Irish Volume I;Clannad;2003-04-01;150973;6;203;788;1;-23433;0;364;956;18;168;374;68047;4
Jimmy;Collected (1964 - 2016);Boudewijn de Groot;2016-09-16;235973;26;653;756;11;-9996;1;288;178;371;234;861;110762;4
Summer Holiday;Cliff with Strings - My Kinda Life;Cliff Richard;2023-11-03;139635;23;624;532;1;-7333;0;349;711;26;117;653;130119;4
Max;Aguaplano;Paolo Conte;1987-10-06;224773;46;494;234;8;-16365;1;313;397;203;211;18;125373;4
Die Gitarre Und Das Meer;Auf hoher See;Freddy Quinn;1961-01-01;128253;25;625;244;9;-13552;1;555;728;103;161;546;113651;4
Hello (by Lionel Richie);Can't Slow Down;Lionel Richie;1983-01-01;246933;68;424;222;9;-15053;0;391;646;0;148;606;61648;4
Burning Love;Elvis (Fool);Elvis Presley;1973-07-16;170293;74;66;748;2;-11206;1;284;993;585;283;972;143549;4
Only You (And You Alone);The Platters Golden Hits;The Platters;1986-01-01;156560;61;419;331;3;-10497;1;293;932;0;102;322;80647;4
True Love That's A Wonder;Good for Gold;Sandy Coast;2009-04-22;195706;31;576;821;2;-9632;1;417;393;369;375;858;121622;4
Till I Kissed You;Greatest and Original Hits;The Everly Brothers;2017-09-15;140040;10;451;746;1;-4604;1;367;264;0;202;745;138526;4
Über Den Wolken;Die Grossen Erfolge;Reinhard Mey;1998-01-01;233133;47;616;415;7;-16116;1;97;312;461;509;843;119987;4
Kiss Me Quick;Pot Luck;Elvis Presley;1962-06-05;167373;45;56;652;10;-9809;1;538;589;171;249;947;134015;4
Nescio;Omsk;Nits;1983-03-01;287306;36;554;519;7;-12831;0;298;336;253;105;599;127222;4
Tiger Feet;A's, B's And Rarities;Mud;2005-12-20;230413;45;528;914;11;-7233;1;102;991;0;468;745;9333;4
(Everything I Do) I Do It For You;Waking Up The Neighbours;Bryan Adams;1991-09-24;393640;75;533;36;1;-12633;1;282;805;103;631;299;131229;4
Sunny Afternoon;Face to Face (Deluxe);The Kinks;1966-10-28;210525;50;595;462;2;-8414;0;259;102;0;641;526;124991;4
Quiereme Mucho;The 24 Greatest Songs;Julio Iglesias;1978;246266;38;477;465;2;-15163;1;369;7;129;381;637;125653;4
Lola (from 1972);Everybody's in Show-Biz (Super Deluxe);The Kinks;25-8-1972;101391;13;455;522;9;-15997;1;667;114;974;706;417;134163;4
I Can't Stop Loving You;Modern Sounds in Country and Western Music, Vols 1 & 2;Ray Charles;2009-06-02;256120;59;31;279;5;-13552;1;308;815;0;318;377;79397;3
Atlantis (by Shadows);Another String of Hot Hits (And More!);The Shadows;1987-10-05;168053;34;423;636;5;-7688;1;302;486;717;254;463;12726;4
Follow You Follow Me;Turn It on Again: The Hits;Genesis;1999-10-25;238440;43;506;6;7;-10992;1;34;268;591;156;774;93323;4
Peaceful Easy Feeling;Eagles (2013 Remaster);Eagles;1972-06-01;257962;67;568;634;4;-12336;1;282;494;281;252;866;142686;4
Don't Cry Daddy;From Elvis in Memphis;Elvis Presley;1969-06-17;167746;51;44;196;2;-17375;1;272;804;895;179;333;85776;4
Dreams (by Fleetwood Mac);Greatest Hits;Fleetwood Mac;1988-11-21;254453;65;823;338;0;-15899;1;413;139;129;5;785;120473;4
Living Doll (by Cliff Richard & The Young Ones);Radio Gold - Cliff Richard And The Shadows;Cliff Richard & The Shadows;2017-07-20;156793;41;599;481;9;-7412;1;467;501;0;982;772;62573;4
Days;The Ultimate Collection;The Kinks;2002-05-27;174773;17;525;837;2;-5242;1;38;953;0;721;819;100905;4
Deurdonderen;Deurdonderen;Normaal;1982-01-01;233693;47;457;792;4;-10426;1;837;13;317;106;86;174973;4
Nine Million Bicycles;Piece By Piece;Katie Melua;2005-09-23;197160;44;534;247;0;-15636;1;322;516;859;122;344;82168;4
Binnen Zonder Kloppen;Het Beste Van;De Dijk;1998-01-01;285440;43;728;555;5;-1033;1;37;187;173;101;557;11746;4
Spring Summer Winter And Fall;Best Of Aphrodite's Child;Aphrodite's Child;1971-07-07;297331;33;331;506;9;-11156;1;304;532;779;103;331;99111;3
Jambalaya (On The Bayou);Now & Then (Reissue);Carpenters;1973-05-01;222626;48;617;457;2;-14187;1;72;747;318;716;819;97698;4
Misschien Wordt Het Morgen Beter;Cornelis Vreeswijk (Remastered);Cornelis Vreeswijk;1972-01-01;144426;25;518;514;4;-7484;1;616;55;0;169;82;150665;3
Long Cool Woman (In A Black Dress);20 Golden Greats;The Hollies;1978-07-01;197133;35;761;788;4;-11672;1;596;44;531;341;768;138902;4
Sophietje;Die Goeie Ouwe Tijd Top 100;Johnny Lion;2010-01-01;149840;34;663;405;9;-12865;1;89;309;112;132;822;61974;4
You Needed Me;Let's Keep It That Way;Anne Murray;1978;220266;61;497;296;9;-10756;1;302;431;0;106;171;62204;4
Lonely Boy;Put Your Head On My Shoulder: The Very Best Of Paul Anka;Paul Anka;2000-10-03;151106;42;623;605;0;-9923;1;306;352;0;101;804;106163;3
Aan De Kust;Hier - Het Beste Van 20 Jaar BLØF;BLØF;2012-01-01;213040;44;585;529;7;-7551;1;465;549;0;118;328;8079;4
Brown Sugar;Hot Rocks (1964-1971);The Rolling Stones;1971-12-20;229173;49;64;874;0;-5772;1;317;164;141;775;965;128395;4
Like A Spanish Song;Hard To Be Friends;The Cats;1975-01-01;176200;23;671;573;9;-9222;1;463;494;0;101;898;12417;4
How You Gonna See Me Now;From the Inside;Alice Cooper;1978;235973;44;544;336;5;-14413;1;38;458;348;133;298;136516;4
Noordzee;Toen En Nu;Boudewijn de Groot;2003-01-01;149666;22;522;293;8;-15305;1;444;818;105;109;691;131867;4
Cotton Fields;Willy And The Poor Boys (Expanded Edition);Creedence Clearwater Revival;1969-11-02;177266;65;582;641;9;-7621;1;297;237;0;132;86;148634;4
Tell Laura I Love Her;Collections;Albert West;2006-01-27;164413;27;535;469;10;-9107;1;315;566;332;168;7;119308;4
Hey Tonight;Pendulum (Expanded Edition);Creedence Clearwater Revival;1970-12-07;162853;62;709;78;4;-7315;1;323;284;839;185;691;128826;4
Don't Waste My Time;Take Me With You;The Cats;1970-01-01;152933;24;653;725;7;-11487;1;473;111;611;125;963;9607;4
La Chanson Des Vieux Amants;15 Ans D'Amour;Jacques Brel;1988-01-01;267466;49;397;2;0;-14119;0;287;826;454;164;228;90211;4
Heb Het Leven Lief;Vergezicht;Liesbeth List;1999-04-19;280400;26;49;381;9;-11965;0;392;618;0;116;206;131713;4
Going To The Run;Bloody Buccaneers;Golden Earring;1991-05-11;233906;42;473;512;7;-10534;1;328;367;431;493;199;124146;4
Listen To The Ocean;Nine Hundred Miles;Nina & Frederik;2017;185453;16;508;129;9;-16445;1;443;86;55;108;359;100645;4
You Got It;Mystery Girl;Roy Orbison;1989;210266;70;649;618;9;-10728;1;265;596;146;192;667;114688;4
Poupée De Cire, Poupée De Son;Gainsbourg Versions Femmes;France Gall;2000-01-01;150106;43;475;614;1;-8307;1;277;806;0;208;799;147799;4
Englishman In New York;...Nothing Like The Sun;Sting;1987-01-01;267266;72;674;347;9;-17707;1;364;396;105;916;647;102013;4
Here It Comes Again;The Fortunes - Original Hits;The Fortunes;2018-04-27;183720;29;516;656;4;-8328;1;391;642;0;107;508;114523;4
Mama;The Platinum Collection;Genesis;2004-11-29;408826;42;559;941;9;-5183;1;818;38;164;323;632;82919;4
Don't Stop;Greatest Hits;Fleetwood Mac;1988-11-21;190773;53;602;851;9;-6613;1;359;615;129;564;87;119057;4
Liefs Uit Londen;Hier - Het Beste Van 20 Jaar BLØF;BLØF;2012-01-01;238626;35;396;279;0;-11186;1;378;81;337;135;131;155985;3
Mijn Allergrootste Fan;Tijdloos;André van Duin;2012-02-17;235733;10;367;295;9;-16387;1;374;69;285;116;296;88546;4
Money For Nothing;Brothers In Arms - 20th Anniversary Edition;Dire Straits;1985-05-13;504333;70;642;766;2;-682;0;401;407;103;593;593;134185;4
Maybe Tomorrow Maybe Tonight;Atlantis;Earth & Fire;1973-01-01;193466;32;479;616;2;-11127;1;11;555;122;599;665;126443;4
Honey;Honey;Bobby Goldsboro;1968-01-01;238733;57;399;278;7;-13122;1;291;674;694;203;597;93189;4
Ferry 'Cross The Mersey;The Very Best Of Gerry & Pacemakers;Gerry & The Pacemakers;1997-10-13;144626;32;396;274;6;-13348;0;289;467;0;722;668;106798;4
Sugar Baby Love;The Best Of;The Rubettes;1990-01-01;209893;53;424;768;0;-904;1;45;303;181;363;791;129694;4
The Way We Were;The Way We Were;Barbra Streisand;1974-01;211093;60;264;32;9;-11716;1;325;885;141;134;171;138108;3
All Or Nothing;From The Beginning;Small Faces;1967-06-02;183093;38;345;638;2;-6624;1;295;163;167;136;295;115106;4
Atlantis (by Donovan);Barabajagal;Donovan;1969-08-11;302640;47;291;313;0;-1617;1;347;177;552;828;341;77893;4
Vrijgezel;Vlinders Van De Nacht;Benny Neyman;1981;226000;46;661;363;10;-13609;1;348;435;0;379;566;101401;4
Kayleigh;A Singles Collection 1982-1992: Six of One, Half-Dozen of the Other;Marillion;1992-06-08;243413;49;562;671;2;-721;1;269;188;378;947;595;106002;4
It's The End;Lookin' Ahead;The Buffoons;1968-01-01;167320;20;407;503;5;-8741;1;285;681;0;727;44;102498;4
Hurt (by Timi Yuro);The Best Of Timi Yuro ;Timi Yuro;1992-01-01;148466;37;493;244;5;-11487;1;277;707;462;121;222;87044;3
Whiskey In The Jar (by The Dubliners);The Best Of The Dubliners;The Dubliners;2002;178533;53;551;834;0;-5238;1;467;795;148;309;661;108145;4
Sajang E;De Jonge Jaren van Massada - 50 Jaar Nederpop;Massada;2008-01-01;262104;30;52;376;9;-14711;1;375;415;16;131;577;11673;4
Ik Ga Naar Frankrijk;The Amazing Stroopwafels;The Amazing Stroopwafels;2014-11-07;141040;40;626;601;5;-13838;1;341;166;0;107;967;141702;4
Jan Klaassen De Trompetter;In De Uren Van De Middag (Expanded Edition);Rob De Nijs;1973-01-01;192604;42;749;745;3;-7333;1;615;552;0;543;958;118841;4
Kees;Frans Halsema 1939-1984;Frans Halsema;1985-01-01;233933;26;465;263;11;-14121;0;42;265;16;13;408;88813;4
The Last Waltz;The Last Waltz;Engelbert Humperdinck;1967-11-25;184186;56;406;441;2;-11318;1;299;718;171;196;42;109099;3
Tell Me;The Rolling Stones;The Rolling Stones;1964-04-16;245266;36;509;706;6;-9427;1;843;576;169;516;446;122015;4
Then I Kissed Her;Favorieten Expres - Zomerhits;The Beach Boys;2018-04-27;134706;8;588;708;1;-8123;1;266;294;299;796;873;126991;4
L'Important C'est La Rose;Eternel;Gilbert Bécaud;2011-11-16;222533;16;416;5;0;-8194;1;34;277;0;127;428;120912;4
The Wind Cries Mary;Are You Experienced;Jimi Hendrix;1967-05-12;200733;61;499;495;5;-10508;1;501;348;286;2;339;80086;4
Dansen Op De Vulkaan;Wakker In Een Vreemde Wereld;De Dijk;1987-01-01;267333;44;583;804;11;-1379;0;391;338;304;484;854;150491;4
Starman;The Rise and Fall of Ziggy Stardust and the Spiders from Mars (2012 Remaster);David Bowie;1972-06-06;254293;78;486;449;5;-10298;1;267;166;223;54;549;100456;4
One Day I'll Fly Away;Now We May Begin;Randy Crawford;1980;302653;57;489;358;2;-10413;1;302;761;18;106;422;77784;4
Le Printemps;Fugain Et Le Big Bazar Numéro 4;Michel Fugain,Le Big Bazar;1976-09-03;146000;34;709;763;0;-5618;1;48;67;0;318;89;124998;4
Mercedes Benz;Pearl (Legacy Edition);Janis Joplin;1971-01-11;107866;55;704;106;0;-15169;0;542;939;0;674;521;86763;4
Sgt. Pepper's Lonely Hearts Club Band;Yellow Submarine Songtrack;The Beatles;2014-01-01;121360;38;33;85;7;-5788;1;374;126;151;834;602;189782;4
Sailing To Philadelphia;The Best Of Dire Straits & Mark Knopfler - Private Investigations;Mark Knopfler;2005-01-01;353120;54;594;468;6;-10117;0;246;606;872;913;174;99067;4
Rockin' In A Free World;Paris 1989;Neil Young;1989;320400;38;383;649;2;-10974;0;497;769;81;942;37;130131;4
Ain't Got No, I Got Life;'Nuff Said (Expanded Edition);Nina Simone;1968;127800;51;557;632;7;-11072;1;111;442;224;833;692;115097;4
De Neus Umhoeg;Kilomeaters ('T Beste Van 20 Joar Rowwen Hèze);Rowwen Hèze;2005-01-01;214800;35;622;414;0;-14121;1;336;723;845;972;51;132137;4
Hey Joe;Are You Experienced;Jimi Hendrix;1967-05-12;210160;69;346;768;9;-5695;1;377;603;38;244;532;169492;4
The Living Years;Living Years;Mike + The Mechanics;1988-10-28;332333;60;527;429;8;-12431;1;321;655;0;865;277;97893;4
I'll Find My Way Home;The Friends Of Mr Cairo;Jon & Vangelis;1981-01-01;271306;49;538;413;0;-14745;1;314;197;123;446;7;171647;4
Denis;Greatest Hits: Blondie;Blondie;2006-01-01;139413;41;529;771;0;-6726;1;462;376;508;601;863;138905;4
Lonely Days;2 Years On;Bee Gees;1970-11;225666;49;334;24;0;-145;0;327;662;835;634;37;94254;4
Verdammt, Ich Lieb' Dich;Déjà Vu - Das Beste Von Matthias Reim;Matthias Reim;2004-01-01;217680;62;569;86;9;-5008;0;49;217;0;372;469;109957;4
Longfellow Serenade;Serenade;Neil Diamond;1974-10-26;230560;46;635;5;4;-14682;1;308;284;0;594;702;120809;4
The Guitar Man;Late Night Tales: Music For Pleasure;Bread;2012-06-11;225053;31;279;646;4;-7907;0;464;231;11;309;485;142649;4
Hocus Pocus;The Best Of Focus / Hocus Pocus (Incl WC 2010 Version of 'Hocus Pocus');Focus;2001;402866;49;262;818;2;-5538;1;152;218;916;276;395;183629;4
Cracklin' Rosie;All-Time Greatest Hits;Neil Diamond;2014-07-08;178853;48;6;667;1;-8138;1;328;257;0;115;846;127413;4
Woorden Zonder Woorden;Hollands Glorie;De Kast;2004;210200;25;609;586;5;-835;0;28;557;145;111;219;132898;4
Holding Back The Years;I'll Keep Holding On;Simply Red;2023-02-03;269840;29;71;514;9;-8885;0;278;58;159;953;517;8602;4
The Old Calahan;Friends;BZN;1981-01-01;63666;12;254;338;0;-21135;1;373;955;19;122;217;64661;3
Downtown;The Ultimate Petula Clark;Petula Clark;2003-04-14;187760;59;48;689;11;-7921;1;646;78;0;149;596;117413;4
Fool To Cry;Black And Blue;The Rolling Stones;1976-04-23;303893;30;464;338;5;-117;1;437;939;16;111;296;70131;4
Tanze Mit Mir In Den Morgen;Die Beine von Dolores;Gerhard Wendland;2015-08-01;171253;19;543;384;8;-10406;1;341;6;849;268;661;126264;4
Love Letters In The Sand;The Gold Collection;Pat Boone;1964-01-01;130506;23;509;485;1;-9957;1;316;594;256;277;574;137903;3
He'll Have To Go (by Ry Cooder);Chicken Skin Music;Ry Cooder;1976;309240;33;413;291;5;-14624;1;339;3;0;238;777;181975;4
Eltse Grins Foarby;De Top 10 Van;De Kast;2011-12-02;321560;22;494;611;2;-9977;0;328;268;472;155;457;130001;4
Voir Un Ami Pleurer;Les Marquises;Jacques Brel;1977;237173;38;346;215;2;-9958;1;342;821;391;11;216;7341;3
Almost Cut My Hair;Deja Vu;Crosby, Stills, Nash & Young;1970-03-11;269173;56;471;471;7;-10483;1;437;185;927;164;575;136829;4
Evergreen;Memories;Barbra Streisand;1981;184493;47;362;188;9;-16423;1;334;949;535;846;192;11513;4
Diana;Sings His Favorites;Paul Anka;1966;140520;51;551;576;7;-849;1;325;762;0;803;919;142814;4
His Latest Flame;Don´t Be Cruel and Other Hits;Elvis Presley;2021-10-19;124682;22;528;723;4;-15281;0;322;748;154;129;941;105038;4
Rockin' All Over The World;Rockin' All Over The World;Status Quo;1977-11-11;215333;60;632;933;0;-7874;1;326;236;151;604;968;131487;4
Tomorrow Is Another Day;Het Beste van The Buffoons;The Buffoons;2008-01-01;153463;32;375;654;7;-8647;1;329;214;0;27;647;20031;4
Kiss And Say Goodbye;The Manhattans (Expanded Version);The Manhattans;1976;266733;60;645;42;10;-1009;1;624;555;0;125;583;129084;4
Je T'Aime ... Moi Non Plus;Comic Strip;Serge Gainsbourg,Jane Birkin;1996;268600;51;47;362;0;-12382;1;303;389;698;29;377;83609;4
(Fly Away) Little Paraquayo;Hot Baker (Remastered);George Baker Selection;1974-01-01;199733;35;531;335;2;-12531;1;347;228;0;648;794;105583;3
Prachtig Mooie Dag;Hout Moet;Daniël Lohues;2011-02-11;160773;36;553;686;9;-4439;1;33;979;0;751;562;103053;4
Formidable;racine carrée;Stromae;2013-01-01;213933;75;513;628;4;-9056;0;19;997;0;146;501;70568;4
You're So Vain;No Secrets;Carly Simon;1972;258411;75;659;678;0;-818;1;313;157;669;784;647;106186;4
You Win Again;E.S.P.;Bee Gees;1987-09-01;241400;63;547;831;11;-11298;0;319;874;834;222;909;168581;4
Margrietje;Nooit Zonder Jou;Louis Neefs;1980-01-01;235400;15;34;292;0;-15194;1;454;739;0;13;295;76426;5
Sammy;Ramses Shaffy - Laat Me;Ramses Shaffy;2009-01-01;134186;31;499;453;7;-10337;1;514;685;0;135;788;76804;4
Tunnel Of Love;Making Movies;Dire Straits;1980-10-17;489506;61;488;792;5;-7882;1;373;242;147;217;617;137541;4
C'est Ma Vie;Jusqu'A L'Amour;Salvatore Adamo;2003;249920;44;406;724;9;-9307;1;532;776;0;303;576;93564;4
So Long;Going Deaf For A Living;Fischer-Z;1980-05;302733;47;556;384;0;-1498;1;407;697;926;545;891;126841;4
Dedicated Follower Of Fashion;The Kink Kontroversy (Deluxe);The Kinks;1965-11-26;180893;38;405;879;0;-6662;1;433;366;139;41;885;172999;4
Battle Hymn Of The Republic;The Essential Andy Williams;Andy Williams,The St. Charles Borromeo Choir;2013-05-10;211653;27;353;214;10;-1208;1;355;946;0;119;28;80602;4
Dancing In The Street;Dancing In The Street E.P.;David Bowie,Mick Jagger;1985-08-12;204786;58;6;816;4;-1364;1;431;117;0;126;744;13099;4
Paradiso;De Regenboog Serie: Anneke Grönloh;Anneke Gronloh;2009-03-20;160066;33;591;632;1;-8943;1;253;531;0;111;874;9074;4
Solsbury Hill;Peter Gabriel 1: Car (Remastered);Peter Gabriel;1977;261560;70;678;631;11;-8624;1;301;355;268;376;463;102378;1
Unchain My Heart;Unchain My Heart;Joe Cocker;1987-10-28;304293;60;751;674;9;-12976;0;425;214;143;32;696;117969;4
La Paloma;Freddy, die Gitarre und das Meer;Freddy Quinn;1987-01-01;229866;28;484;137;2;-16128;1;358;863;48;132;437;99585;4
Lay Down;Candles In The Rain;Melanie,The Edwin Hawkins Singers;1970-05-01;229560;23;341;68;7;-5878;1;108;24;327;406;522;175122;4
What's Going On;What's Going On;Marvin Gaye;1971-05-21;233000;69;283;716;1;-9632;0;986;447;0;399;828;20196;4
Mr. Bojangles;Sammy Davis Jr.'s Greatest Hits (2016 Remaster);Sammy Davis Jr.;2016-04-29;345306;15;514;195;0;-13371;0;412;685;335;118;176;1151;3
Heartbeat;100 Best of Rock & Roll Love Songs;Buddy Holly;2016-03-11;127321;6;623;283;9;-12376;1;335;244;0;528;82;150874;4
Nah Neh Nah;Night Owls;Vaya Con Dios;1990-04-10;174533;58;669;521;6;-1189;1;461;466;659;535;837;111826;4
Summer Is Here;Golden Years Of Dutch Pop Music;The Outsiders;2014-01-01;206453;24;359;766;7;-2496;1;292;106;101;115;675;106841;3
We Were All Wounded At Wounded Knee;Already Here (Expanded Edition);Redbone;1972-09-13;209840;36;891;521;0;-10353;0;34;173;209;238;856;111669;4
Ik Kan Het Niet Alleen;Niemand In De Stad;De Dijk;1989-01-01;238733;48;528;845;7;-1213;1;359;307;103;304;905;142086;4
I'd Rather Go Blind;The Complete Blue Horizon Sessions;Chicken Shack;2006;193920;43;542;476;4;-11412;1;242;136;172;127;47;78975;3
Driving Home For Christmas;The Works;Chris Rea;2007-11-10;240213;83;497;661;9;-9047;1;361;328;317;211;894;180225;4
Musica E;Musica è;Eros Ramazzotti;1988-06-27;659493;35;538;277;0;-14206;1;346;24;199;183;637;125283;4
Listen To The Music;Toulouse Street;The Doobie Brothers;1972;227266;75;645;598;1;-1318;0;335;221;353;721;913;105929;4
Blowin' In The Wind (by Hollies);Hollies Sing Dylan (Expanded Edition);The Hollies;1969-05-01;252760;36;506;582;9;-6281;1;35;646;261;927;555;117599;4
Land Of Hope And Glory;Her Greatest From Abbey Road;Vera Lynn;2017-03-10;177573;13;198;349;5;-886;1;299;805;0;108;22;81152;4
Le Lac Majeur;Amerika;Mort Shuman;1972-01-01;326680;38;255;439;8;-10394;1;347;529;324;687;214;130043;3
I Close My Eyes And Count To Ten;The Silver Collection;Dusty Springfield;1988-01-01;191026;36;462;442;10;-9122;1;277;59;285;3;447;111551;4
Somethin' Stupid;The World We Knew;Frank Sinatra,Nancy Sinatra;1967-08;162493;75;257;338;4;-12902;1;357;736;0;252;544;207356;4
We Are The Champions;News Of The World (2011 Remaster);Queen;1977-10-28;179200;74;268;459;10;-694;1;346;378;0;118;175;64177;4
Radio Ga Ga;The Works (2011 Remaster);Queen;1984-02-27;348226;73;744;502;5;-7719;1;359;183;228;189;66;112344;4
That's Amore;Dino: The Essential Dean Martin;Dean Martin;2013-12-31;187693;40;462;217;10;-9522;1;314;798;0;103;542;78799;4
Een Echte Vriend;Tijdloos;André van Duin;2012-02-17;275600;17;65;37;5;-14124;1;419;539;32;129;274;131617;4
Those Were The Days;30 Éxitos Ingleses Vol. 1;Mary Hopkin;2013-04-19;297813;39;521;409;11;-8027;0;304;735;205;705;554;88728;4
Hello Josephine;The Scorpions: Hello Josephine, The Greatest Hits Complete;The Scorpions;2011-09-19;142543;23;438;916;9;-8922;1;416;289;297;844;957;162722;4
Rose Garden;Rose Garden;Lynn Anderson;1971;175866;61;589;501;0;-11665;1;31;168;0;741;969;131064;4
Love Hurts (by Everly Brothers);All I Have to Do Is Dream;The Everly Brothers;2019-07-12;141400;27;647;354;6;-11053;1;249;822;161;187;534;90987;4
Kan Ik Iets Voor Je Doen?;Scherp De Zeis;De Dijk;2011-01-01;200360;36;501;727;2;-609;0;263;138;653;311;45;7923;4
Everybody Loves Somebody;Everybody Loves Somebody;Dean Martin;1964;164546;68;366;391;3;-12322;1;425;854;0;352;461;119182;3
Op Een Mooie Pinksterdag;Die Goeie Ouwe Tijd Top 100;Andre Van Den Heuvel,Leen Jongewaard;2010-01-01;205080;29;791;181;0;-13394;1;544;956;15;127;385;107775;4
September;The Best Of Earth, Wind & Fire Vol. 1;Earth, Wind & Fire;1978-11-23;215093;73;697;832;9;-7264;1;298;168;131;269;979;125926;4
Jailhouse Rock;Elvis' Golden Records;Elvis Presley;1958-03-21;146480;66;647;582;10;-9538;0;755;41;193;715;915;167396;4
Bye Bye Love;The Very Best of The Everly Brothers;The Everly Brothers;1964-08-01;142906;52;547;523;9;-9176;1;572;724;0;103;89;169598;4
The Ballad Of Lucy Jordan;Broken English;Marianne Faithfull;1979-11-02;249533;51;694;271;4;-16762;1;431;844;476;105;744;12093;4
Bachelor Boy;The Young Ones (Remastered);Cliff Richard,The Shadows;2022-01-24;119522;30;328;641;2;-6709;1;345;325;0;248;883;201094;3
The Eve Of The War;Highlights from Jeff Wayne's Musical Version of The War of The Worlds;Jeff Wayne;1978-06-12;304226;31;416;663;2;-6319;0;69;132;189;291;409;126661;4
Badlands;Darkness On the Edge of Town;Bruce Springsteen;1978-06-02;242453;59;609;777;4;-7548;1;487;862;116;278;852;122612;4
België;Belgie;Het Goede Doel;1982;360706;50;584;662;0;-13559;0;412;114;413;741;658;140926;3
Nights On Broadway;Main Course;Bee Gees;1975-06-01;271373;54;573;641;5;-9196;1;443;235;414;859;613;88862;4
This Is My Song;The Very Best Of Petula Clark;Petula Clark;2015-07-17;198026;41;192;27;5;-16865;1;336;311;0;992;267;191968;3
Delilah;Delilah;Tom Jones;1968-01-01;204160;61;528;482;9;-10939;0;27;614;0;549;788;9582;1
Constantly;40 Golden Greats;Cliff Richard;1977;159533;31;44;234;0;-13659;1;271;686;261;145;502;84211;4
De Noorderzon Scheen;Zo Wil Ik Leven;Conny Vandenbos;1976-12-19;178451;30;553;501;4;-13084;1;464;489;0;186;409;119553;4
Reflections Of My Life;The Music;Marmalade;2008-01-01;251160;34;45;46;7;-10327;1;251;177;306;308;42;96157;4
Ein Bisschen Frieden;Augenblicke;Nicole;1992-02-03;181866;44;625;505;6;-8667;1;286;486;0;26;607;117995;4
Shaffy Cantate;Favorieten Expres;Ramses Shaffy,Liesbeth List;2018-04-27;166573;17;443;486;4;-9207;1;29;725;679;859;477;130284;4
Georgia On My Mind;Ray Charles;Ray Charles;2011-09-20;215120;47;288;316;0;-806;1;286;861;0;188;201;130939;4
Sweet Hitch-Hiker;Mardi Gras;Creedence Clearwater Revival;1972-04-11;177266;53;58;849;2;-11664;1;325;316;405;341;929;142706;4
Let's Spend The Night Together;Between The Buttons;The Rolling Stones;1967-01-20;215920;53;562;793;7;-7774;1;526;705;0;222;57;140838;4
Can't Get It Out Of My Head;Eldorado;Electric Light Orchestra;1974-09-01;261466;51;226;382;0;-14449;1;281;748;84;131;33;169146;4
Milord;de l'accordeoniste a milord;Édith Piaf;1986;272986;51;492;466;7;-6766;1;381;821;0;164;627;105319;4
Dansen Aan Zee;Watermakers;BLØF;2000-01-01;274866;50;348;431;7;-10546;1;333;16;0;969;257;193753;3
Por Un Poco De Tu Amor;The 24 Greatest Songs;Julio Iglesias;1978;177026;38;388;361;2;-14537;0;439;73;0;304;587;120376;4
Lucky Lips;40 Golden Greats;Cliff Richard & The Shadows;1977;163840;34;686;481;4;-1225;1;45;793;0;216;902;144862;4
Make Me Smile (Come Up And See Me);Make Me Smile;Steve Harley & Cockney Rebel;2006-12-05;390095;24;459;544;0;-13788;1;483;302;115;936;68;137911;4
Summertime (by Ella Fitzgerald & Louis Armstrong);Porgy And Bess;Ella Fitzgerald,Louis Armstrong;1958-01-01;298133;64;172;696;11;-21295;0;339;916;199;137;103;167974;5
Soerabaja;Warm Is De Liefde - 50 Gouden Herinneringen;Anneke Gronloh;2009-01-01;148173;29;281;481;10;-10474;1;319;84;0;14;324;97758;3
Mamma Mia;Abba;ABBA;1975;213266;77;749;748;2;-7011;1;323;295;443;469;827;137547;4
I'd Do Anything For Love (But I Won't Do That);Bat Out Of Hell II: Back Into Hell...;Meat Loaf;1993;721000;57;395;562;2;-10383;1;811;467;413;143;363;103909;4
Et Maintenant;Gilbert Becaud (1963-1964) [2011 Remastered] [Deluxe version];Gilbert Bécaud;1964;225680;47;385;501;5;-7245;1;531;719;183;826;527;12552;4
Breakfast In America;The Very Best Of Supertramp;Supertramp;1990-01-01;159440;50;568;526;0;-9349;0;298;517;0;735;749;75095;4
Life On Mars?;Licorice Pizza (Original Motion Picture Soundtrack);David Bowie;2021-11-26;232773;44;459;528;10;-10292;1;376;646;694;623;26;12344;4
I Say A Little Prayer;Aretha Now;Aretha Franklin;1968-06-14;216773;75;592;355;9;-14051;1;352;478;0;585;499;133032;4
Zondag;Het Beste Van Rob de Nijs;Rob De Nijs;2022-04-08;181320;26;55;818;6;-8343;1;311;207;0;293;886;126446;4
Zet Een Kaars Voor Je Raam;Het Beste Van Rob de Nijs;Rob De Nijs;2022-04-08;203800;16;483;401;4;-10276;1;272;578;318;146;345;109623;4
Vriendschap;Belgie;Het Goede Doel;1982;247400;44;562;348;0;-14347;1;301;431;426;197;721;1702;4
Love Is All;The Butterfly Ball and the Grasshopper's Feast;Roger Glover,Ronnie Dio;1974-11-18;194626;50;609;63;7;-939;1;333;373;0;227;818;111922;4
Both Sides Now;Feathers.;Joni Mitchell,Jeanette Lindström,Steve Dobrogosz;2000-01-01;325600;45;493;888;7;-15836;1;546;95;797;173;262;100182;3
Red Red Wine;The Very Best Of;UB40;2000;183733;71;857;468;1;-853;1;476;414;132;269;843;89119;4
These Boots Are Made For Walking;The Mexican - Music From The Motion Picture;Nancy Sinatra;2001-01-01;162600;26;721;424;4;-11943;1;618;427;227;23;404;82739;4
Locomotive Breath;Aqualung (Special Edition);Jethro Tull;1971-03-19;266013;58;68;53;11;-13105;0;889;417;11;559;352;124551;4
Samen Zijn;Hollandse Sterren Collectie;Willeke Alberti;2008-01-01;264106;37;43;275;0;-11686;1;297;709;155;138;228;78796;4
David's Song;New World;The Kelly Family;1990-09-01;188626;36;132;335;2;-11476;0;295;489;252;175;128;911;4
Matrimony;The Essential Collection;Gilbert O'Sullivan;2016-06-10;194293;41;646;668;0;-8324;1;345;164;0;139;87;107057;4
Rhiannon;Fleetwood Mac;Fleetwood Mac;1975-07-11;252773;74;723;49;9;-14745;0;296;111;946;923;795;129012;4
Gaia;Gaia;Valensia;1993-01-01;331226;36;383;326;4;-12509;0;281;736;631;213;199;174449;3
Stand By Me;Don't Play That Song (Mono);Ben E. King;1962-08-20;180055;77;65;306;9;-9443;1;393;57;707;707;605;118068;4
In Den Haag Is Een Laan;Van Dichtbij;Conny Vandenbos;1975-10-31;240864;24;485;438;4;-10331;0;288;669;122;191;413;114646;4
Bird Of Paradise;Bird of Paradise - An Anthology;Snowy White;2003-08-18;281466;52;474;443;1;-11422;1;365;6;607;316;313;143644;4
Red Sails In The Sunset;Blueberry Hill;Fats Domino;2011-10-18;169691;23;413;486;8;-6193;1;322;699;349;111;705;79652;4
The Ballroom Blitz;Sweet Fanny Adams;Sweet;1974-04;242200;50;562;911;11;-5968;0;787;721;906;387;797;10882;4
Auto Vliegtuug;Kilomeaters ('T Beste Van 20 Joar Rowwen Hèze);Rowwen Hèze;2005-01-01;238253;35;32;521;7;-7125;1;246;484;848;155;245;96151;3
To My Father's House;Les Humphries Singers & Friends;Les Humphries Singers;2011-08-30;205635;7;442;965;7;-6132;1;136;172;0;58;513;90086;4
Fool's Overture;Even In The Quietest Moments;Supertramp;1977-01-01;652560;52;406;306;3;-10482;1;372;313;79;727;73;135272;4
Heart Of Stone;The Rolling Stones, Now!;The Rolling Stones;1965-02-13;169093;40;581;577;0;-11375;1;275;149;263;103;569;94827;4
Travelin' Band;Cosmo's Factory (Expanded Edition);Creedence Clearwater Revival;1970-07-25;127493;52;513;92;6;-6664;1;511;166;282;178;963;166186;4
Cowboys And Angels;Ladies And Gentlemen... The Best Of George Michael;George Michael;1998-11-09;434866;43;577;512;10;-13032;0;287;417;654;127;285;128087;3
Running Up That Hill;Hounds Of Love;Kate Bush;1985-09-16;298933;81;629;545;10;-13123;0;546;719;308;604;194;108376;4
Here, There And Everywhere;Revolver (Remastered);The Beatles;1966-08-05;144880;66;29;247;7;-12125;1;383;921;565;917;36;165361;4
Together Again;Profile: Best of Emmylou Harris;Emmylou Harris;2009-10-06;232266;28;492;309;1;-11655;1;266;62;816;387;387;75287;4
Tom Traubert's Blues;Soft 90's;Rod Stewart;2023-04-14;377106;8;354;169;11;-12798;1;322;908;0;107;162;67706;4
The Times They Are A-Changin';The Times They Are A-Changin';Bob Dylan;1964-01-13;192053;65;389;396;7;-7999;1;332;887;0;828;585;17186;3
Landslide;Fleetwood Mac;Fleetwood Mac;1975-07-11;199493;79;414;161;7;-2232;0;318;883;223;117;423;159375;4
Celluloid Heroes;Everybody's in Show-Biz (Super Deluxe);The Kinks;1972-08-25;381232;22;441;421;2;-14177;1;43;785;102;844;386;123214;4
Summer Of '71;Golden Years Of Dutch Pop Music;Bolland & Bolland;2017-02-03;246786;24;374;374;0;-1083;0;292;542;259;238;183;137696;4
24 Hours From Tulsa;Espanol - Famous Hits Recorded In Spanish;Gene Pitney;2005;179266;20;557;451;7;-1227;1;339;481;0;339;82;78983;4
