"TypeCode","FreqCode","RefPeriodId","RefYear","RefMonth","Period","ReporterCode","ReporterISO","ReporterDesc","FlowCode","FlowDesc","PartnerCode","PartnerISO","PartnerDesc","Partner2Code","Partner2ISO","Partner2Desc","ClassificationCode","ClassificationSearchCode","IsOriginalClassification","CmdCode","CmdDesc","AggrLevel","IsLeaf","CustomsCode","CustomsDesc","MosCode","MotCode","MotDesc","QtyUnitCode","QtyUnitAbbr","Qty","IsQtyEstimated","AltQtyUnitCode","AltQtyUnitAbbr","AtlQty","IsAltQtyEstimated","NetWgt","IsNetWgtEstimated","GrossWgt","IsGrossWgtEstimated","Cifvalue","Fobvalue","PrimaryValue","LegacyEstimationFlag","IsReported","IsAggregate",
"C","A","20220101","2022","52","2022","20","AND","Andorra","M","Import","0","W00","World","0","W00","World","H6","HS","true","090220","Tea, green; (not fermented), in immediate packings of a content exceeding 3kg","6","true","C00","TOTAL CPC","0","0","TOTAL MOT","8","kg","1168.6","false","8","kg","1168.6","false","1168.6","false","0","false","28464.536",,"28464.536","0","false","true",
"C","A","20220101","2022","52","2022","24","AGO","Angola","M","Import","0","W00","World","0","W00","World","H5","HS","true","090220","Tea, green; (not fermented), in immediate packings of a content exceeding 3kg","6","true","C00","TOTAL CPC","0","0","TOTAL MOT","8","kg","162375.988","false","8","kg","162375.988","false","162375.988","false","0","false","272917.523","250124.096","272917.523","0","false","true",
"C","A","20220101","2022","52","2022","28","ATG","Antigua and Barbuda","M","Import","0","W00","World","0","W00","World","H3","HS","true","090220","Tea, green; (not fermented), in immediate packings of a content exceeding 3kg","6","true","C00","TOTAL CPC","0","0","TOTAL MOT","8","kg","32709.64","false","5","u","6317","false","32709.64","false","0","false","84848.77",,"84848.77","0","false","true",
"C","A","20220101","2022","52","2022","31","AZE","Azerbaijan","M","Import","0","W00","World","0","W00","World","H6","HS","true","090220","Tea, green; (not fermented), in immediate packings of a content exceeding 3kg","6","true","C00","TOTAL CPC","0","0","TOTAL MOT","8","kg","113316.35","false","8","kg","113316.35","false","113316.35","false","0","false","453178.22",,"453178.22","0","false","true",
"C","A","20220101","2022","52","2022","32","ARG","Argentina","M","Import","0","W00","World","0","W00","World","H5","HS","true","090220","Tea, green; (not fermented), in immediate packings of a content exceeding 3kg","6","true","C00","TOTAL CPC","0","0","TOTAL MOT","8","kg","41162.96","false","8","kg","41162.96","false","41162.96","false","0","false","239346.31","212027.23","239346.31","0","false","true",
"C","A","20220101","2022","52","2022","36","AUS","Australia","M","Import","0","W00","World","0","W00","World","H6","HS","true","090220","Tea, green; (not fermented), in immediate packings of a content exceeding 3kg","6","true","C00","TOTAL CPC","0","0","TOTAL MOT","8","kg","382875.283","false","8","kg","382875.283","false","382875.283","false","0","false","3634536.269","3333618.898","3634536.269","0","false","true",
"C","A","20220101","2022","52","2022","40","AUT","Austria","M","Import","0","W00","World","0","W00","World","H6","HS","true","090220","Tea, green; (not fermented), in immediate packings of a content exceeding 3kg","6","true","C00","TOTAL CPC","0","0","TOTAL MOT","8","kg","371525","false","8","kg","371525","false","371525","false","0","false","2147799.039",,"2147799.039","0","false","true",
"C","A","20220101","2022","52","2022","44","BHS","Bahamas","M","Import","0","W00","World","0","W00","World","H5","HS","true","090220","Tea, green; (not fermented), in immediate packings of a content exceeding 3kg","6","true","C00","TOTAL CPC","0","0","TOTAL MOT","8","kg","20028.355","false","8","kg","20028.355","false","20028.355","false","0","false","185957",,"185957","0","false","true",
"C","A","20220101","2022","52","2022","48","BHR","Bahrain","M","Import","0","W00","World","0","W00","World","H6","HS","true","090220","Tea, green; (not fermented), in immediate packings of a content exceeding 3kg","6","true","C00","TOTAL CPC","0","0","TOTAL MOT","8","kg","23709.76","false","8","kg","23709.76","false","23709.76","false","0","false","629305.078",,"629305.078","0","false","true",
"C","A","20220101","2022","52","2022","51","ARM","Armenia","M","Import","0","W00","World","0","W00","World","H6","HS","true","090220","Tea, green; (not fermented), in immediate packings of a content exceeding 3kg","6","true","C00","TOTAL CPC","0","0","TOTAL MOT","8","kg","63235.525","false","8","kg","63235.525","false","63235.525","false","0","false","252305.14","0","252305.14","0","false","true",
"C","A","20220101","2022","52","2022","52","BRB","Barbados","M","Import","0","W00","World","0","W00","World","H5","HS","true","090220","Tea, green; (not fermented), in immediate packings of a content exceeding 3kg","6","true","C00","TOTAL CPC","0","0","TOTAL MOT","8","kg","172202.19","true","-1","N/A","0","false","172202.19","true","0","false","651178",,"651178","6","false","true",
"C","A","20220101","2022","52","2022","56","BEL","Belgium","M","Import","0","W00","World","0","W00","World","H6","HS","true","090220","Tea, green; (not fermented), in immediate packings of a content exceeding 3kg","6","true","C00","TOTAL CPC","0","0","TOTAL MOT","8","kg","247543.92","false","8","kg","247543.92","false","247543.92","false","0","false","1828930.29",,"1828930.29","0","false","true",
"C","A","20220101","2022","52","2022","60","BMU","Bermuda","M","Import","0","W00","World","0","W00","World","H6","HS","true","090220","Tea, green; (not fermented), in immediate packings of a content exceeding 3kg","6","true","C00","TOTAL CPC","0","0","TOTAL MOT","8","kg","6813.67","false","8","kg","6813.67","false","6813.67","false","0","false",,"78724.16","78724.16","0","false","true",
"C","A","20220101","2022","52","2022","68","BOL","Bolivia (Plurinational State of)","M","Import","0","W00","World","0","W00","World","H6","HS","true","090220","Tea, green; (not fermented), in immediate packings of a content exceeding 3kg","6","true","C00","TOTAL CPC","0","0","TOTAL MOT","-1","N/A","0","false","-1","N/A","0","false",,"false","0","false","24086","21175","24086","0","false","true",
"C","A","20220101","2022","52","2022","70","BIH","Bosnia Herzegovina","M","Import","0","W00","World","0","W00","World","H6","HS","true","090220","Tea, green; (not fermented), in immediate packings of a content exceeding 3kg","6","true","C00","TOTAL CPC","0","0","TOTAL MOT","8","kg","28357.78","false","8","kg","28357.78","false","28357.78","false","0","false","147824.64",,"147824.64","0","false","true",
"C","A","20220101","2022","52","2022","72","BWA","Botswana","M","Import","0","W00","World","0","W00","World","H6","HS","true","090220","Tea, green; (not fermented), in immediate packings of a content exceeding 3kg","6","true","C00","TOTAL CPC","0","0","TOTAL MOT","8","kg","136047.51","false","8","kg","136047.51","false","112361.147","false","0","false","575407.05",,"575407.05","0","false","true",
"C","A","20220101","2022","52","2022","76","BRA","Brazil","M","Import","0","W00","World","0","W00","World","H6","HS","true","090220","Tea, green; (not fermented), in immediate packings of a content exceeding 3kg","6","true","C00","TOTAL CPC","0","0","TOTAL MOT","8","kg","175077","false","8","kg","175077","false","175077","false","0","false","523538","464800","523538","0","false","true",
"C","A","20220101","2022","52","2022","84","BLZ","Belize","M","Import","0","W00","World","0","W00","World","H5","HS","true","090220","Tea, green; (not fermented), in immediate packings of a content exceeding 3kg","6","true","C00","TOTAL CPC","0","0","TOTAL MOT","8","kg","5693.01","true","5","u","1585","false","5693.01","true","0","false","32722.535",,"32722.535","6","false","true",
"C","A","20220101","2022","52","2022","96","BRN","Brunei Darussalam","M","Import","0","W00","World","0","W00","World","H5","HS","true","090220","Tea, green; (not fermented), in immediate packings of a content exceeding 3kg","6","true","C00","TOTAL CPC","0","0","TOTAL MOT","8","kg","20965.301","true","8","kg","20871","false","20965.301","true","0","false","292302.208",,"292302.208","6","false","true",
"C","A","20220101","2022","52","2022","100","BGR","Bulgaria","M","Import","0","W00","World","0","W00","World","H6","HS","true","090220","Tea, green; (not fermented), in immediate packings of a content exceeding 3kg","6","true","C00","TOTAL CPC","0","0","TOTAL MOT","8","kg","12090.749","true","-1","N/A","0","false","12090.749","true","0","false","208179.842",,"208179.842","6","false","true",
"C","A","20220101","2022","52","2022","104","MMR","Myanmar","M","Import","0","W00","World","0","W00","World","H6","HS","true","090220","Tea, green; (not fermented), in immediate packings of a content exceeding 3kg","6","true","C00","TOTAL CPC","0","0","TOTAL MOT","8","kg","6107.7","false","8","kg","6107.7","false","6107.7","false","0","false","55926.8",,"55926.8","0","false","true",
"C","A","20220101","2022","52","2022","108","BDI","Burundi","M","Import","0","W00","World","0","W00","World","H6","HS","true","090220","Tea, green; (not fermented), in immediate packings of a content exceeding 3kg","6","true","C00","TOTAL CPC","0","0","TOTAL MOT","8","kg","1459","false","8","kg","1459","false","1459","false","0","false","1407.232",,"1407.232","0","false","true",
"C","A","20220101","2022","52","2022","116","KHM","Cambodia","M","Import","0","W00","World","0","W00","World","H6","HS","true","090220","Tea, green; (not fermented), in immediate packings of a content exceeding 3kg","6","true","C00","TOTAL CPC","0","0","TOTAL MOT","8","kg","80827.99","false","8","kg","80827.99","false","80827.99","false","0","false","588798.07",,"588798.07","0","false","true",
"C","A","20220101","2022","52","2022","20","AND","Andorra","M","Import","0","W00","World","0","W00","World","H6","HS","true","090240","Tea, black; (fermented) and partly fermented tea, in immediate packings of a content exceeding 3kg","6","true","C00","TOTAL CPC","0","0","TOTAL MOT","8","kg","116.3","false","8","kg","116.3","false","116.3","false","0","false","2634.064",,"2634.064","0","false","true",
"C","A","20220101","2022","52","2022","24","AGO","Angola","M","Import","0","W00","World","0","W00","World","H5","HS","true","090240","Tea, black; (fermented) and partly fermented tea, in immediate packings of a content exceeding 3kg","6","true","C00","TOTAL CPC","0","0","TOTAL MOT","8","kg","627492.597","false","8","kg","627492.597","false","627492.597","false","0","false","2008636.204","1715531.442","2008636.204","0","false","true",
"C","A","20220101","2022","52","2022","28","ATG","Antigua and Barbuda","M","Import","0","W00","World","0","W00","World","H3","HS","true","090240","Tea, black; (fermented) and partly fermented tea, in immediate packings of a content exceeding 3kg","6","true","C00","TOTAL CPC","0","0","TOTAL MOT","8","kg","24310.68","false","5","u","4175.23","false","24310.68","false","0","false","106460.63",,"106460.63","0","false","true",
"C","A","20220101","2022","52","2022","31","AZE","Azerbaijan","M","Import","0","W00","World","0","W00","World","H6","HS","true","090240","Tea, black; (fermented) and partly fermented tea, in immediate packings of a content exceeding 3kg","6","true","C00","TOTAL CPC","0","0","TOTAL MOT","8","kg","12308494.31","false","8","kg","12308494.31","false","12308494.31","false","0","false","63468468.77",,"63468468.77","0","false","true",
"C","A","20220101","2022","52","2022","32","ARG","Argentina","M","Import","0","W00","World","0","W00","World","H5","HS","true","090240","Tea, black; (fermented) and partly fermented tea, in immediate packings of a content exceeding 3kg","6","true","C00","TOTAL CPC","0","0","TOTAL MOT","8","kg","533873.13","false","8","kg","533873.13","false","533873.13","false","0","false","1782815.97","1597970.99","1782815.97","0","false","true",
"C","A","20220101","2022","52","2022","36","AUS","Australia","M","Import","0","W00","World","0","W00","World","H6","HS","true","090240","Tea, black; (fermented) and partly fermented tea, in immediate packings of a content exceeding 3kg","6","true","C00","TOTAL CPC","0","0","TOTAL MOT","8","kg","969534.179","false","8","kg","969534.179","false","969534.179","false","0","false","6809884.114","6119074.377","6809884.114","0","false","true",
"C","A","20220101","2022","52","2022","40","AUT","Austria","M","Import","0","W00","World","0","W00","World","H6","HS","true","090240","Tea, black; (fermented) and partly fermented tea, in immediate packings of a content exceeding 3kg","6","true","C00","TOTAL CPC","0","0","TOTAL MOT","8","kg","795575","false","8","kg","795575","false","795575","false","0","false","3892989.154",,"3892989.154","0","false","true",
"C","A","20220101","2022","52","2022","44","BHS","Bahamas","M","Import","0","W00","World","0","W00","World","H5","HS","true","090240","Tea, black; (fermented) and partly fermented tea, in immediate packings of a content exceeding 3kg","6","true","C00","TOTAL CPC","0","0","TOTAL MOT","8","kg","68615.315","false","8","kg","68615.315","false","68615.315","false","0","false","495881",,"495881","0","false","true",
"C","A","20220101","2022","52","2022","48","BHR","Bahrain","M","Import","0","W00","World","0","W00","World","H6","HS","true","090240","Tea, black; (fermented) and partly fermented tea, in immediate packings of a content exceeding 3kg","6","true","C00","TOTAL CPC","0","0","TOTAL MOT","-1","N/A","0","false","8","kg","899716.98","false",,"false","0","false","4655862.539",,"4655862.539","0","false","true",
"C","A","20220101","2022","52","2022","51","ARM","Armenia","M","Import","0","W00","World","0","W00","World","H6","HS","true","090240","Tea, black; (fermented) and partly fermented tea, in immediate packings of a content exceeding 3kg","6","true","C00","TOTAL CPC","0","0","TOTAL MOT","8","kg","49735.36","false","8","kg","49735.36","false","49735.36","false","0","false","464288.36","0","464288.36","0","false","true",
"C","A","20220101","2022","52","2022","52","BRB","Barbados","M","Import","0","W00","World","0","W00","World","H5","HS","true","090240","Tea, black; (fermented) and partly fermented tea, in immediate packings of a content exceeding 3kg","6","true","C00","TOTAL CPC","0","0","TOTAL MOT","8","kg","64213.08","true","-1","N/A","0","false","64213.08","true","0","false","297351",,"297351","6","false","true",
"C","A","20220101","2022","52","2022","56","BEL","Belgium","M","Import","0","W00","World","0","W00","World","H6","HS","true","090240","Tea, black; (fermented) and partly fermented tea, in immediate packings of a content exceeding 3kg","6","true","C00","TOTAL CPC","0","0","TOTAL MOT","8","kg","623623.1","false","8","kg","623623.1","false","623623.1","false","0","false","2459169.87",,"2459169.87","0","false","true",
"C","A","20220101","2022","52","2022","60","BMU","Bermuda","M","Import","0","W00","World","0","W00","World","H6","HS","true","090240","Tea, black; (fermented) and partly fermented tea, in immediate packings of a content exceeding 3kg","6","true","C00","TOTAL CPC","0","0","TOTAL MOT","8","kg","6227.71","false","8","kg","6227.71","false","6227.71","false","0","false",,"82790.62","82790.62","0","false","true",
"C","A","20220101","2022","52","2022","68","BOL","Bolivia (Plurinational State of)","M","Import","0","W00","World","0","W00","World","H6","HS","true","090240","Tea, black; (fermented) and partly fermented tea, in immediate packings of a content exceeding 3kg","6","true","C00","TOTAL CPC","0","0","TOTAL MOT","8","kg","216608.898","true","-1","N/A","0","false","216608.898","true","538200","false","656274","589148","656274","6","false","true",
"C","A","20220101","2022","52","2022","70","BIH","Bosnia Herzegovina","M","Import","0","W00","World","0","W00","World","H6","HS","true","090240","Tea, black; (fermented) and partly fermented tea, in immediate packings of a content exceeding 3kg","6","true","C00","TOTAL CPC","0","0","TOTAL MOT","8","kg","5773.74","false","8","kg","5773.74","false","5773.74","false","0","false","33915.84",,"33915.84","0","false","true",
"C","A","20220101","2022","52","2022","72","BWA","Botswana","M","Import","0","W00","World","0","W00","World","H6","HS","true","090240","Tea, black; (fermented) and partly fermented tea, in immediate packings of a content exceeding 3kg","6","true","C00","TOTAL CPC","0","0","TOTAL MOT","8","kg","855249.9","false","8","kg","855249.9","false","921244.51","false","0","false","3379166.993",,"3379166.993","0","false","true",
"C","A","20220101","2022","52","2022","76","BRA","Brazil","M","Import","0","W00","World","0","W00","World","H6","HS","true","090240","Tea, black; (fermented) and partly fermented tea, in immediate packings of a content exceeding 3kg","6","true","C00","TOTAL CPC","0","0","TOTAL MOT","8","kg","140683","false","8","kg","140683","false","140683","false","0","false","609084","566216","609084","0","false","true",
"C","A","20220101","2022","52","2022","84","BLZ","Belize","M","Import","0","W00","World","0","W00","World","H5","HS","true","090240","Tea, black; (fermented) and partly fermented tea, in immediate packings of a content exceeding 3kg","6","true","C00","TOTAL CPC","0","0","TOTAL MOT","8","kg","17578.649","false","5","u","1736","false","17578.649","false","0","false","27918.53",,"27918.53","0","false","true",
"C","A","20220101","2022","52","2022","96","BRN","Brunei Darussalam","M","Import","0","W00","World","0","W00","World","H5","HS","true","090240","Tea, black; (fermented) and partly fermented tea, in immediate packings of a content exceeding 3kg","6","true","C00","TOTAL CPC","0","0","TOTAL MOT","8","kg","89445.973","true","8","kg","88388","false","89445.973","true","0","false","973857.477",,"973857.477","6","false","true",
"C","A","20220101","2022","52","2022","100","BGR","Bulgaria","M","Import","0","W00","World","0","W00","World","H6","HS","true","090240","Tea, black; (fermented) and partly fermented tea, in immediate packings of a content exceeding 3kg","6","true","C00","TOTAL CPC","0","0","TOTAL MOT","8","kg","246259.693","true","-1","N/A","0","false","246259.693","true","0","false","325780.562",,"325780.562","6","false","true",
"C","A","20220101","2022","52","2022","104","MMR","Myanmar","M","Import","0","W00","World","0","W00","World","H6","HS","true","090240","Tea, black; (fermented) and partly fermented tea, in immediate packings of a content exceeding 3kg","6","true","C00","TOTAL CPC","0","0","TOTAL MOT","8","kg","580178","false","8","kg","580178","false","580178","false","0","false","3043686",,"3043686","0","false","true",
"C","A","20220101","2022","52","2022","108","BDI","Burundi","M","Import","0","W00","World","0","W00","World","H6","HS","true","090240","Tea, black; (fermented) and partly fermented tea, in immediate packings of a content exceeding 3kg","6","true","C00","TOTAL CPC","0","0","TOTAL MOT","8","kg","3614.5","false","8","kg","3614.5","false","3614.5","false","0","false","2660.035",,"2660.035","0","false","true",
"C","A","20220101","2022","52","2022","116","KHM","Cambodia","M","Import","0","W00","World","0","W00","World","H6","HS","true","090240","Tea, black; (fermented) and partly fermented tea, in immediate packings of a content exceeding 3kg","6","true","C00","TOTAL CPC","0","0","TOTAL MOT","8","kg","80742.64","false","8","kg","80742.64","false","80742.64","false","0","false","249468.44",,"249468.44","0","false","true",
"C","A","20220101","2022","52","2022","124","CAN","Canada","M","Import","0","W00","World","0","W00","World","H6","HS","true","090220","Tea, green; (not fermented), in immediate packings of a content exceeding 3kg","6","true","C00","TOTAL CPC","0","0","TOTAL MOT","8","kg","1166938.62","true","8","kg","1166901","false","1166938.62","true","0","false",,"11320221.189","11320221.189","6","false","true",
"C","A","20220101","2022","52","2022","132","CPV","Cabo Verde","M","Import","0","W00","World","0","W00","World","H5","HS","true","090220","Tea, green; (not fermented), in immediate packings of a content exceeding 3kg","6","true","C00","TOTAL CPC","0","0","TOTAL MOT","8","kg","5259","false","8","kg","5259","false","5259","false","0","false","23135.837",,"23135.837","0","false","true",
"C","A","20220101","2022","52","2022","140","CAF","Central African Rep.","M","Import","0","W00","World","0","W00","World","H5","HS","true","090220","Tea, green; (not fermented), in immediate packings of a content exceeding 3kg","6","true","C00","TOTAL CPC","0","0","TOTAL MOT","8","kg","22760","false","8","kg","22760","false","22760","false","0","false","57808.446",,"57808.446","0","false","true",
"C","A","20220101","2022","52","2022","144","LKA","Sri Lanka","M","Import","0","W00","World","0","W00","World","H5","HS","true","090220","Tea, green; (not fermented), in immediate packings of a content exceeding 3kg","6","true","C00","TOTAL CPC","0","0","TOTAL MOT","8","kg","2256705.76","false","8","kg","2256705.76","false","2256705.76","false","0","false","6924261.776","0","6924261.776","0","false","true",
"C","A","20220101","2022","52","2022","152","CHL","Chile","M","Import","0","W00","World","0","W00","World","H6","HS","true","090220","Tea, green; (not fermented), in immediate packings of a content exceeding 3kg","6","true","C00","TOTAL CPC","0","0","TOTAL MOT","8","kg","505338.658","false","8","kg","505338.658","false","505338.658","false","0","false","2567953.126","2260540.653","2567953.126","0","false","true",
"C","A","20220101","2022","52","2022","156","CHN","China","M","Import","0","W00","World","0","W00","World","H6","HS","true","090220","Tea, green; (not fermented), in immediate packings of a content exceeding 3kg","6","true","C00","TOTAL CPC","0","0","TOTAL MOT","8","kg","7959346.189","true","8","kg","7957020","false","7959346.189","true","0","false","8468521",,"8468521","6","false","true",
"C","A","20220101","2022","52","2022","170","COL","Colombia","M","Import","0","W00","World","0","W00","World","H6","HS","true","090220","Tea, green; (not fermented), in immediate packings of a content exceeding 3kg","6","true","C00","TOTAL CPC","0","0","TOTAL MOT","8","kg","158529.37","false","8","kg","158529.37","false","158529.37","false","0","false","490280.36",,"490280.36","0","false","true",
"C","A","20220101","2022","52","2022","180","COD","Dem. Rep. of the Congo","M","Import","0","W00","World","0","W00","World","H4","HS","true","090220","Tea, green; (not fermented), in immediate packings of a content exceeding 3kg","6","true","C00","TOTAL CPC","0","0","TOTAL MOT","8","kg","94288","false","8","kg","94288","false","94288","false","0","false","59257.656",,"59257.656","0","false","true",
"C","A","20220101","2022","52","2022","188","CRI","Costa Rica","M","Import","0","W00","World","0","W00","World","H6","HS","true","090220","Tea, green; (not fermented), in immediate packings of a content exceeding 3kg","6","true","C00","TOTAL CPC","0","0","TOTAL MOT","8","kg","22583.74","false","8","kg","22583.74","false","22583.74","false","0","false","106636.59",,"106636.59","0","false","true",
"C","A","20220101","2022","52","2022","191","HRV","Croatia","M","Import","0","W00","World","0","W00","World","H6","HS","true","090220","Tea, green; (not fermented), in immediate packings of a content exceeding 3kg","6","true","C00","TOTAL CPC","0","0","TOTAL MOT","8","kg","84880.241","false","8","kg","84880.241","false","84880.241","false","0","false","286227",,"286227","0","false","true",
"C","A","20220101","2022","52","2022","196","CYP","Cyprus","M","Import","0","W00","World","0","W00","World","H6","HS","true","090220","Tea, green; (not fermented), in immediate packings of a content exceeding 3kg","6","true","C00","TOTAL CPC","0","0","TOTAL MOT","8","kg","12691","false","8","kg","12691","false","12691","false","0","false","91917.456",,"91917.456","0","false","true",
"C","A","20220101","2022","52","2022","203","CZE","Czechia","M","Import","0","W00","World","0","W00","World","H6","HS","true","090220","Tea, green; (not fermented), in immediate packings of a content exceeding 3kg","6","true","C00","TOTAL CPC","0","0","TOTAL MOT","8","kg","335988.609","true","-1","N/A","0","false","335988.609","true","0","false","2885860","2726509","2885860","6","false","true",
"C","A","20220101","2022","52","2022","204","BEN","Benin","M","Import","0","W00","World","0","W00","World","H6","HS","true","090220","Tea, green; (not fermented), in immediate packings of a content exceeding 3kg","6","true","C00","TOTAL CPC","0","0","TOTAL MOT","8","kg","1410","false","8","kg","1410","false","1410","false","0","false","1128.391",,"1128.391","0","false","true",
"C","A","20220101","2022","52","2022","208","DNK","Denmark","M","Import","0","W00","World","0","W00","World","H6","HS","true","090220","Tea, green; (not fermented), in immediate packings of a content exceeding 3kg","6","true","C00","TOTAL CPC","0","0","TOTAL MOT","8","kg","178404","false","8","kg","178404","false","178404","false","0","false","1041992.945",,"1041992.945","0","false","true",
"C","A","20220101","2022","52","2022","214","DOM","Dominican Rep.","M","Import","0","W00","World","0","W00","World","H5","HS","true","090220","Tea, green; (not fermented), in immediate packings of a content exceeding 3kg","6","true","C00","TOTAL CPC","0","0","TOTAL MOT","8","kg","16454.02","false","-1","N/A","0","false","27575.87","false","0","false","233974.047","208935.633","233974.047","0","false","true",
"C","A","20220101","2022","52","2022","124","CAN","Canada","M","Import","0","W00","World","0","W00","World","H6","HS","true","090240","Tea, black; (fermented) and partly fermented tea, in immediate packings of a content exceeding 3kg","6","true","C00","TOTAL CPC","0","0","TOTAL MOT","8","kg","3784967.057","true","8","kg","3784914","false","3784967.057","true","0","false",,"23129738.726","23129738.726","6","false","true",
"C","A","20220101","2022","52","2022","132","CPV","Cabo Verde","M","Import","0","W00","World","0","W00","World","H5","HS","true","090240","Tea, black; (fermented) and partly fermented tea, in immediate packings of a content exceeding 3kg","6","true","C00","TOTAL CPC","0","0","TOTAL MOT","8","kg","2558","false","8","kg","2558","false","2558","false","0","false","15827.564",,"15827.564","0","false","true",
"C","A","20220101","2022","52","2022","140","CAF","Central African Rep.","M","Import","0","W00","World","0","W00","World","H5","HS","true","090240","Tea, black; (fermented) and partly fermented tea, in immediate packings of a content exceeding 3kg","6","true","C00","TOTAL CPC","0","0","TOTAL MOT","8","kg","93652","false","8","kg","93652","false","93652","false","0","false","133013.92",,"133013.92","0","false","true",
"C","A","20220101","2022","52","2022","144","LKA","Sri Lanka","M","Import","0","W00","World","0","W00","World","H5","HS","true","090240","Tea, black; (fermented) and partly fermented tea, in immediate packings of a content exceeding 3kg","6","true","C00","TOTAL CPC","0","0","TOTAL MOT","8","kg","3770683.89","false","8","kg","3770683.89","false","3770683.89","false","0","false","9627958.391","0","9627958.391","0","false","true",
"C","A","20220101","2022","52","2022","152","CHL","Chile","M","Import","0","W00","World","0","W00","World","H6","HS","true","090240","Tea, black; (fermented) and partly fermented tea, in immediate packings of a content exceeding 3kg","6","true","C00","TOTAL CPC","0","0","TOTAL MOT","8","kg","16279826.149","false","8","kg","16279826.149","false","16279826.149","false","0","false","32868409.242","27514876.95","32868409.242","0","false","true",
"C","A","20220101","2022","52","2022","156","CHN","China","M","Import","0","W00","World","0","W00","World","H6","HS","true","090240","Tea, black; (fermented) and partly fermented tea, in immediate packings of a content exceeding 3kg","6","true","C00","TOTAL CPC","0","0","TOTAL MOT","8","kg","30752959.397","true","8","kg","30752541","false","30752959.397","true","0","false","102829201",,"102829201","6","false","true",
"C","A","20220101","2022","52","2022","170","COL","Colombia","M","Import","0","W00","World","0","W00","World","H6","HS","true","090240","Tea, black; (fermented) and partly fermented tea, in immediate packings of a content exceeding 3kg","6","true","C00","TOTAL CPC","0","0","TOTAL MOT","8","kg","176346.02","false","8","kg","176346.02","false","176346.02","false","0","false","569505.12",,"569505.12","0","false","true",
"C","A","20220101","2022","52","2022","180","COD","Dem. Rep. of the Congo","M","Import","0","W00","World","0","W00","World","H4","HS","true","090240","Tea, black; (fermented) and partly fermented tea, in immediate packings of a content exceeding 3kg","6","true","C00","TOTAL CPC","0","0","TOTAL MOT","8","kg","15874","false","8","kg","15874","false","15874","false","0","false","26582.007",,"26582.007","0","false","true",
"C","A","20220101","2022","52","2022","188","CRI","Costa Rica","M","Import","0","W00","World","0","W00","World","H6","HS","true","090240","Tea, black; (fermented) and partly fermented tea, in immediate packings of a content exceeding 3kg","6","true","C00","TOTAL CPC","0","0","TOTAL MOT","8","kg","72600","false","8","kg","72600","false","72600","false","0","false","205495.47",,"205495.47","0","false","true",
"C","A","20220101","2022","52","2022","191","HRV","Croatia","M","Import","0","W00","World","0","W00","World","H6","HS","true","090240","Tea, black; (fermented) and partly fermented tea, in immediate packings of a content exceeding 3kg","6","true","C00","TOTAL CPC","0","0","TOTAL MOT","8","kg","31063.446","false","8","kg","31063.446","false","31063.446","false","0","false","117413",,"117413","0","false","true",
"C","A","20220101","2022","52","2022","196","CYP","Cyprus","M","Import","0","W00","World","0","W00","World","H6","HS","true","090240","Tea, black; (fermented) and partly fermented tea, in immediate packings of a content exceeding 3kg","6","true","C00","TOTAL CPC","0","0","TOTAL MOT","8","kg","33502","false","8","kg","33502","false","33502","false","0","false","190206.909",,"190206.909","0","false","true",
"C","A","20220101","2022","52","2022","203","CZE","Czechia","M","Import","0","W00","World","0","W00","World","H6","HS","true","090240","Tea, black; (fermented) and partly fermented tea, in immediate packings of a content exceeding 3kg","6","true","C00","TOTAL CPC","0","0","TOTAL MOT","8","kg","646235.722","true","-1","N/A","0","false","646235.722","true","0","false","3945117","3813236","3945117","6","false","true",
"C","A","20220101","2022","52","2022","204","BEN","Benin","M","Import","0","W00","World","0","W00","World","H6","HS","true","090240","Tea, black; (fermented) and partly fermented tea, in immediate packings of a content exceeding 3kg","6","true","C00","TOTAL CPC","0","0","TOTAL MOT","8","kg","8456.16","false","8","kg","8456.16","false","8456.16","false","0","false","6143.382",,"6143.382","0","false","true",
"C","A","20220101","2022","52","2022","208","DNK","Denmark","M","Import","0","W00","World","0","W00","World","H6","HS","true","090240","Tea, black; (fermented) and partly fermented tea, in immediate packings of a content exceeding 3kg","6","true","C00","TOTAL CPC","0","0","TOTAL MOT","8","kg","489115","false","8","kg","489115","false","489115","false","0","false","3764221.341",,"3764221.341","0","false","true",
"C","A","20220101","2022","52","2022","214","DOM","Dominican Rep.","M","Import","0","W00","World","0","W00","World","H5","HS","true","090240","Tea, black; (fermented) and partly fermented tea, in immediate packings of a content exceeding 3kg","6","true","C00","TOTAL CPC","0","0","TOTAL MOT","8","kg","55063.63","false","8","kg","55063.63","false","66638.81","false","0","false","158099.311","98890.866","158099.311","0","false","true",
"C","A","20220101","2022","52","2022","218","ECU","Ecuador","M","Import","0","W00","World","0","W00","World","H5","HS","true","090220","Tea, green; (not fermented), in immediate packings of a content exceeding 3kg","6","true","C00","TOTAL CPC","0","0","TOTAL MOT","8","kg","27706.5","false","21","1000 KG","27.706","false","27706.5","false","0","false","127821.9",,"127821.9","0","false","true",
"C","A","20220101","2022","52","2022","222","SLV","El Salvador","M","Import","0","W00","World","0","W00","World","H6","HS","true","090220","Tea, green; (not fermented), in immediate packings of a content exceeding 3kg","6","true","C00","TOTAL CPC","0","0","TOTAL MOT","8","kg","223.36","false","8","kg","223.36","false","223.36","false","0","false","6711.84","0","6711.84","0","false","true",
"C","A","20220101","2022","52","2022","231","ETH","Ethiopia","M","Import","0","W00","World","0","W00","World","H6","HS","true","090220","Tea, green; (not fermented), in immediate packings of a content exceeding 3kg","6","true","C00","TOTAL CPC","0","0","TOTAL MOT","8","kg","3913.65","false","8","kg","3913.65","false","3913.65","false","0","false","8462.314",,"8462.314","0","false","true",
"C","A","20220101","2022","52","2022","233","EST","Estonia","M","Import","0","W00","World","0","W00","World","H6","HS","true","090220","Tea, green; (not fermented), in immediate packings of a content exceeding 3kg","6","true","C00","TOTAL CPC","0","0","TOTAL MOT","8","kg","1608.722","false","8","kg","1608.722","false","1608.722","false","0","false","17785.1",,"17785.1","0","false","true",
"C","A","20220101","2022","52","2022","242","FJI","Fiji","M","Import","0","W00","World","0","W00","World","H6","HS","true","090220","Tea, green; (not fermented), in immediate packings of a content exceeding 3kg","6","true","C00","TOTAL CPC","0","0","TOTAL MOT","8","kg","12908.15","false","8","kg","12908.15","false","12908.15","false","0","false","43471.744",,"43471.744","0","false","true",
"C","A","20220101","2022","52","2022","246","FIN","Finland","M","Import","0","W00","World","0","W00","World","H6","HS","true","090220","Tea, green; (not fermented), in immediate packings of a content exceeding 3kg","6","true","C00","TOTAL CPC","0","0","TOTAL MOT","8","kg","37289.304","true","-1","N/A","0","false","37289.304","true","0","false","583260.469",,"583260.469","6","false","true",
"C","A","20220101","2022","52","2022","251","FRA","France","M","Import","0","W00","World","0","W00","World","H6","HS","true","090220","Tea, green; (not fermented), in immediate packings of a content exceeding 3kg","6","true","C00","TOTAL CPC","0","0","TOTAL MOT","8","kg","3496694.757","true","-1","N/A","0","false","3496694.757","true","0","false","24220868.261",,"24220868.261","6","false","true",
"C","A","20220101","2022","52","2022","258","PYF","French Polynesia","M","Import","0","W00","World","0","W00","World","H5","HS","true","090220","Tea, green; (not fermented), in immediate packings of a content exceeding 3kg","6","true","C00","TOTAL CPC","0","0","TOTAL MOT","8","kg","1385.531","false","8","kg","1385.531","false","1385.531","false","0","false","29617.208",,"29617.208","0","false","true",
"C","A","20220101","2022","52","2022","268","GEO","Georgia","M","Import","0","W00","World","0","W00","World","H5","HS","true","090220","Tea, green; (not fermented), in immediate packings of a content exceeding 3kg","6","true","C00","TOTAL CPC","0","0","TOTAL MOT","8","kg","11736.89","false","8","kg","11736.89","false","11736.89","false","0","false","64006.3",,"64006.3","0","false","true",
"C","A","20220101","2022","52","2022","275","PSE","State of Palestine","M","Import","0","W00","World","0","W00","World","H3","HS","true","090220","Tea, green; (not fermented), in immediate packings of a content exceeding 3kg","6","true","C00","TOTAL CPC","0","0","TOTAL MOT","8","kg","21001.603","true","-1","N/A","0","false","21001.603","true","0","false","175998.972",,"175998.972","6","false","true",
"C","A","20220101","2022","52","2022","218","ECU","Ecuador","M","Import","0","W00","World","0","W00","World","H5","HS","true","090240","Tea, black; (fermented) and partly fermented tea, in immediate packings of a content exceeding 3kg","6","true","C00","TOTAL CPC","0","0","TOTAL MOT","8","kg","4377.5","false","21","1000 KG","4.378","false","4377.5","false","0","false","15439.2",,"15439.2","0","false","true",
"C","A","20220101","2022","52","2022","222","SLV","El Salvador","M","Import","0","W00","World","0","W00","World","H6","HS","true","090240","Tea, black; (fermented) and partly fermented tea, in immediate packings of a content exceeding 3kg","6","true","C00","TOTAL CPC","0","0","TOTAL MOT","8","kg","548.9","false","8","kg","548.9","false","548.9","false","0","false","7251.14","0","7251.14","0","false","true",
"C","A","20220101","2022","52","2022","231","ETH","Ethiopia","M","Import","0","W00","World","0","W00","World","H6","HS","true","090240","Tea, black; (fermented) and partly fermented tea, in immediate packings of a content exceeding 3kg","6","true","C00","TOTAL CPC","0","0","TOTAL MOT","8","kg","4402.09","false","8","kg","4402.09","false","4402.09","false","0","false","7423.989",,"7423.989","0","false","true",
"C","A","20220101","2022","52","2022","233","EST","Estonia","M","Import","0","W00","World","0","W00","World","H6","HS","true","090240","Tea, black; (fermented) and partly fermented tea, in immediate packings of a content exceeding 3kg","6","true","C00","TOTAL CPC","0","0","TOTAL MOT","8","kg","120689.166","false","8","kg","120689.166","false","120689.166","false","0","false","439714.4",,"439714.4","0","false","true",
"C","A","20220101","2022","52","2022","242","FJI","Fiji","M","Import","0","W00","World","0","W00","World","H6","HS","true","090240","Tea, black; (fermented) and partly fermented tea, in immediate packings of a content exceeding 3kg","6","true","C00","TOTAL CPC","0","0","TOTAL MOT","8","kg","104657.56","false","8","kg","104657.56","false","104657.56","false","0","false","454135.471",,"454135.471","0","false","true",
"C","A","20220101","2022","52","2022","246","FIN","Finland","M","Import","0","W00","World","0","W00","World","H6","HS","true","090240","Tea, black; (fermented) and partly fermented tea, in immediate packings of a content exceeding 3kg","6","true","C00","TOTAL CPC","0","0","TOTAL MOT","8","kg","167971.509","true","-1","N/A","0","false","167971.509","true","0","false","1101380.403",,"1101380.403","6","false","true",
"C","A","20220101","2022","52","2022","251","FRA","France","M","Import","0","W00","World","0","W00","World","H6","HS","true","090240","Tea, black; (fermented) and partly fermented tea, in immediate packings of a content exceeding 3kg","6","true","C00","TOTAL CPC","0","0","TOTAL MOT","8","kg","2283822.236","true","-1","N/A","0","false","2283822.236","true","0","false","16196076.425",,"16196076.425","6","false","true",
"C","A","20220101","2022","52","2022","258","PYF","French Polynesia","M","Import","0","W00","World","0","W00","World","H5","HS","true","090240","Tea, black; (fermented) and partly fermented tea, in immediate packings of a content exceeding 3kg","6","true","C00","TOTAL CPC","0","0","TOTAL MOT","8","kg","3825.533","false","8","kg","3825.533","false","3825.533","false","0","false","77968.94",,"77968.94","0","false","true",
"C","A","20220101","2022","52","2022","268","GEO","Georgia","M","Import","0","W00","World","0","W00","World","H5","HS","true","090240","Tea, black; (fermented) and partly fermented tea, in immediate packings of a content exceeding 3kg","6","true","C00","TOTAL CPC","0","0","TOTAL MOT","8","kg","1489583.49","false","8","kg","1489583.49","false","1489583.49","false","0","false","918269.86",,"918269.86","0","false","true",
"C","A","20220101","2022","52","2022","275","PSE","State of Palestine","M","Import","0","W00","World","0","W00","World","H3","HS","true","090240","Tea, black; (fermented) and partly fermented tea, in immediate packings of a content exceeding 3kg","6","true","C00","TOTAL CPC","0","0","TOTAL MOT","8","kg","502014.874","true","-1","N/A","0","false","502014.874","true","0","false","1750051.866",,"1750051.866","6","false","true",
"C","A","20220101","2022","52","2022","276","DEU","Germany","M","Import","0","W00","World","0","W00","World","H6","HS","true","090220","Tea, green; (not fermented), in immediate packings of a content exceeding 3kg","6","true","C00","TOTAL CPC","0","0","TOTAL MOT","8","kg","12670261.735","true","-1","N/A","0","false","12670261.735","true","0","false","61135318.444",,"61135318.444","6","false","true",
"C","A","20220101","2022","52","2022","300","GRC","Greece","M","Import","0","W00","World","0","W00","World","H6","HS","true","090220","Tea, green; (not fermented), in immediate packings of a content exceeding 3kg","6","true","C00","TOTAL CPC","0","0","TOTAL MOT","8","kg","140279","false","8","kg","140279","false","140279","false","0","false","548674.14","0","548674.14","0","false","true",
"C","A","20220101","2022","52","2022","308","GRD","Grenada","M","Import","0","W00","World","0","W00","World","H4","HS","true","090220","Tea, green; (not fermented), in immediate packings of a content exceeding 3kg","6","true","C00","TOTAL CPC","0","0","TOTAL MOT","8","kg","7350","false","8","kg","7350","false","7350","false","0","false","52318.889","0","52318.889","0","false","true",
"C","A","20220101","2022","52","2022","320","GTM","Guatemala","M","Import","0","W00","World","0","W00","World","H6","HS","true","090220","Tea, green; (not fermented), in immediate packings of a content exceeding 3kg","6","true","C00","TOTAL CPC","0","0","TOTAL MOT","8","kg","7098","false","8","kg","7098","false","7098","false","0","false","129873",,"129873","0","false","true",
"C","A","20220101","2022","52","2022","328","GUY","Guyana","M","Import","0","W00","World","0","W00","World","H5","HS","true","090220","Tea, green; (not fermented), in immediate packings of a content exceeding 3kg","6","true","C00","TOTAL CPC","0","0","TOTAL MOT","8","kg","26460.87","false","5","u","4298","false","26460.87","false","0","false","105681.055","100648.617","105681.055","0","false","true",
"C","A","20220101","2022","52","2022","344","HKG","China, Hong Kong SAR","M","Import","0","W00","World","0","W00","World","H6","HS","true","090220","Tea, green; (not fermented), in immediate packings of a content exceeding 3kg","6","true","C00","TOTAL CPC","0","0","TOTAL MOT","8","kg","4351882","false","8","kg","4351882","false","4351882","false","0","false","45543766.336",,"45543766.336","0","false","true",
"C","A","20220101","2022","52","2022","276","DEU","Germany","M","Import","0","W00","World","0","W00","World","H6","HS","true","090240","Tea, black; (fermented) and partly fermented tea, in immediate packings of a content exceeding 3kg","6","true","C00","TOTAL CPC","0","0","TOTAL MOT","8","kg","28975588.439","true","-1","N/A","0","false","28975588.439","true","0","false","114608015.856",,"114608015.856","6","false","true",
"C","A","20220101","2022","52","2022","300","GRC","Greece","M","Import","0","W00","World","0","W00","World","H6","HS","true","090240","Tea, black; (fermented) and partly fermented tea, in immediate packings of a content exceeding 3kg","6","true","C00","TOTAL CPC","0","0","TOTAL MOT","8","kg","115142","false","8","kg","115142","false","115142","false","0","false","189754.098","0","189754.098","0","false","true",
"C","A","20220101","2022","52","2022","308","GRD","Grenada","M","Import","0","W00","World","0","W00","World","H4","HS","true","090240","Tea, black; (fermented) and partly fermented tea, in immediate packings of a content exceeding 3kg","6","true","C00","TOTAL CPC","0","0","TOTAL MOT","8","kg","26486.285","true","-1","N/A","0","false","26486.285","true","0","false","108728.148","0","108728.148","6","false","true",
"C","A","20220101","2022","52","2022","320","GTM","Guatemala","M","Import","0","W00","World","0","W00","World","H6","HS","true","090240","Tea, black; (fermented) and partly fermented tea, in immediate packings of a content exceeding 3kg","6","true","C00","TOTAL CPC","0","0","TOTAL MOT","8","kg","28900","false","8","kg","28900","false","28900","false","0","false","513314",,"513314","0","false","true",
"C","A","20220101","2022","52","2022","328","GUY","Guyana","M","Import","0","W00","World","0","W00","World","H5","HS","true","090240","Tea, black; (fermented) and partly fermented tea, in immediate packings of a content exceeding 3kg","6","true","C00","TOTAL CPC","0","0","TOTAL MOT","8","kg","92691.03","false","5","u","4224089","false","92691.03","false","0","false","528076.209","502929.721","528076.209","0","false","true",
"C","A","20220101","2022","52","2022","344","HKG","China, Hong Kong SAR","M","Import","0","W00","World","0","W00","World","H6","HS","true","090240","Tea, black; (fermented) and partly fermented tea, in immediate packings of a content exceeding 3kg","6","true","C00","TOTAL CPC","0","0","TOTAL MOT","8","kg","7888125","false","8","kg","7888125","false","7888125","false","0","false","71707676.001",,"71707676.001","0","false","true",
"C","A","20220101","2022","52","2022","348","HUN","Hungary","M","Import","0","W00","World","0","W00","World","H6","HS","true","090220","Tea, green; (not fermented), in immediate packings of a content exceeding 3kg","6","true","C00","TOTAL CPC","0","0","TOTAL MOT","8","kg","17569.975","true","8","kg","17540","false","17569.785","true","0","false","181704",,"181704","6","false","true",
"C","A","20220101","2022","52","2022","352","ISL","Iceland","M","Import","0","W00","World","0","W00","World","H6","HS","true","090220","Tea, green; (not fermented), in immediate packings of a content exceeding 3kg","6","true","C00","TOTAL CPC","0","0","TOTAL MOT","8","kg","4529.474","true","-1","N/A","0","false","4529.474","true","0","false","45166.548","38959.736","45166.548","6","false","true",
"C","A","20220101","2022","52","2022","360","IDN","Indonesia","M","Import","0","W00","World","0","W00","World","H6","HS","true","090220","Tea, green; (not fermented), in immediate packings of a content exceeding 3kg","6","true","C00","TOTAL CPC","0","0","TOTAL MOT","8","kg","2631152","false","8","kg","2631152","false","2631152","false","0","false","7012214",,"7012214","0","false","true",
"C","A","20220101","2022","52","2022","372","IRL","Ireland","M","Import","0","W00","World","0","W00","World","H6","HS","true","090220","Tea, green; (not fermented), in immediate packings of a content exceeding 3kg","6","true","C00","TOTAL CPC","0","0","TOTAL MOT","-1","N/A","0","false","-1","N/A","0","false",,"false","0","false","365106.692",,"365106.692","0","false","true",
"C","A","20220101","2022","52","2022","376","ISR","Israel","M","Import","0","W00","World","0","W00","World","H6","HS","true","090220","Tea, green; (not fermented), in immediate packings of a content exceeding 3kg","6","true","C00","TOTAL CPC","0","0","TOTAL MOT","8","kg","109065.778","true","5","u","194106","false","109065.778","true","0","false","914000",,"914000","6","false","true",
"C","A","20220101","2022","52","2022","380","ITA","Italy","M","Import","0","W00","World","0","W00","World","H6","HS","true","090220","Tea, green; (not fermented), in immediate packings of a content exceeding 3kg","6","true","C00","TOTAL CPC","0","0","TOTAL MOT","8","kg","425704","false","8","kg","425704","false","425704","false","0","false","3236514.426",,"3236514.426","0","false","true",
"C","A","20220101","2022","52","2022","384","CIV","Côte d'Ivoire","M","Import","0","W00","World","0","W00","World","H5","HS","true","090220","Tea, green; (not fermented), in immediate packings of a content exceeding 3kg","6","true","C00","TOTAL CPC","0","0","TOTAL MOT","8","kg","252395","false","8","kg","252395","false","252395","false","0","false","273615.858",,"273615.858","0","false","true",
"C","A","20220101","2022","52","2022","388","JAM","Jamaica","M","Import","0","W00","World","0","W00","World","H6","HS","true","090220","Tea, green; (not fermented), in immediate packings of a content exceeding 3kg","6","true","C00","TOTAL CPC","0","0","TOTAL MOT","8","kg","20914.51","false","8","kg","20914.51","false","20914.51","false","0","false","110019.73",,"110019.73","0","false","true",
"C","A","20220101","2022","52","2022","392","JPN","Japan","M","Import","0","W00","World","0","W00","World","H6","HS","true","090220","Tea, green; (not fermented), in immediate packings of a content exceeding 3kg","6","true","C00","TOTAL CPC","0","0","TOTAL MOT","8","kg","2590044","false","8","kg","2590044","false","2590044","false","0","false","17294814.282","0","17294814.282","0","false","true",
"C","A","20220101","2022","52","2022","398","KAZ","Kazakhstan","M","Import","0","W00","World","0","W00","World","H6","HS","true","090220","Tea, green; (not fermented), in immediate packings of a content exceeding 3kg","6","true","C00","TOTAL CPC","0","0","TOTAL MOT","8","kg","1440640.05","false","8","kg","1440640.05","false","1440640.05","false","0","false","2809085.21",,"2809085.21","0","false","true",
"C","A","20220101","2022","52","2022","400","JOR","Jordan","M","Import","0","W00","World","0","W00","World","H6","HS","true","090220","Tea, green; (not fermented), in immediate packings of a content exceeding 3kg","6","true","C00","TOTAL CPC","0","0","TOTAL MOT","8","kg","61359.461","true","-1","N/A","0","false","61359.461","true","0","false","514208.477",,"514208.477","6","false","true",
"C","A","20220101","2022","52","2022","404","KEN","Kenya","M","Import","0","W00","World","0","W00","World","H6","HS","true","090220","Tea, green; (not fermented), in immediate packings of a content exceeding 3kg","6","true","C00","TOTAL CPC","0","0","TOTAL MOT","8","kg","153418.06","false","8","kg","153418.06","false","153418.06","false","0","false","212974.358",,"212974.358","0","false","true",
"C","A","20220101","2022","52","2022","410","KOR","Rep. of Korea","M","Import","0","W00","World","0","W00","World","H6","HS","true","090220","Tea, green; (not fermented), in immediate packings of a content exceeding 3kg","6","true","C00","TOTAL CPC","0","0","TOTAL MOT","8","kg","1779.247","false","8","kg","1779.247","false","1779.247","false","0","false","52386",,"52386","0","false","true",
"C","A","20220101","2022","52","2022","414","KWT","Kuwait","M","Import","0","W00","World","0","W00","World","H6","HS","true","090220","Tea, green; (not fermented), in immediate packings of a content exceeding 3kg","6","true","C00","TOTAL CPC","0","0","TOTAL MOT","8","kg","534801.254","true","-1","N/A","0","false","534801.254","true","0","false","4481775.645",,"4481775.645","6","false","true",
"C","A","20220101","2022","52","2022","417","KGZ","Kyrgyzstan","M","Import","0","W00","World","0","W00","World","H6","HS","true","090220","Tea, green; (not fermented), in immediate packings of a content exceeding 3kg","6","true","C00","TOTAL CPC","0","0","TOTAL MOT","8","kg","545951","false","8","kg","545951","false","545951","false","0","false","557486",,"557486","0","false","true",
"C","A","20220101","2022","52","2022","422","LBN","Lebanon","M","Import","0","W00","World","0","W00","World","H5","HS","true","090220","Tea, green; (not fermented), in immediate packings of a content exceeding 3kg","6","true","C00","TOTAL CPC","0","0","TOTAL MOT","8","kg","66858","false","8","kg","66858","false","66858","false","0","false","470824",,"470824","0","false","true",
"C","A","20220101","2022","52","2022","426","LSO","Lesotho","M","Import","0","W00","World","0","W00","World","H5","HS","true","090220","Tea, green; (not fermented), in immediate packings of a content exceeding 3kg","6","true","C00","TOTAL CPC","0","0","TOTAL MOT","8","kg","541692.1","false","8","kg","541692.1","false","541692.1","false","0","false","107291.913",,"107291.913","0","false","true",
"C","A","20220101","2022","52","2022","428","LVA","Latvia","M","Import","0","W00","World","0","W00","World","H6","HS","true","090220","Tea, green; (not fermented), in immediate packings of a content exceeding 3kg","6","true","C00","TOTAL CPC","0","0","TOTAL MOT","8","kg","4070.392","true","-1","N/A","0","false","4070.392","true","0","false","61312.703",,"61312.703","6","false","true",
"C","A","20220101","2022","52","2022","440","LTU","Lithuania","M","Import","0","W00","World","0","W00","World","H6","HS","true","090220","Tea, green; (not fermented), in immediate packings of a content exceeding 3kg","6","true","C00","TOTAL CPC","0","0","TOTAL MOT","8","kg","84362.075","false","8","kg","84362.075","false","84362.075","false","0","false","619384",,"619384","0","false","true",
"C","A","20220101","2022","52","2022","442","LUX","Luxembourg","M","Import","0","W00","World","0","W00","World","H6","HS","true","090220","Tea, green; (not fermented), in immediate packings of a content exceeding 3kg","6","true","C00","TOTAL CPC","0","0","TOTAL MOT","8","kg","9179.55","false","8","kg","9179.55","false","9179.55","false","0","false","282379.992","281435.323","282379.992","0","false","true",
"C","A","20220101","2022","52","2022","446","MAC","China, Macao SAR","M","Import","0","W00","World","0","W00","World","H6","HS","true","090220","Tea, green; (not fermented), in immediate packings of a content exceeding 3kg","6","true","C00","TOTAL CPC","0","0","TOTAL MOT","8","kg","28389","false","8","kg","28389","false","28389","false","0","false","330239.417",,"330239.417","0","false","true",
"C","A","20220101","2022","52","2022","450","MDG","Madagascar","M","Import","0","W00","World","0","W00","World","H6","HS","true","090220","Tea, green; (not fermented), in immediate packings of a content exceeding 3kg","6","true","C00","TOTAL CPC","0","0","TOTAL MOT","8","kg","2909.81","false","8","kg","2909.81","false","2909.81","false","0","false","14550.106","13099.945","14550.106","0","false","true",
"C","A","20220101","2022","52","2022","454","MWI","Malawi","M","Import","0","W00","World","0","W00","World","H5","HS","true","090220","Tea, green; (not fermented), in immediate packings of a content exceeding 3kg","6","true","C00","TOTAL CPC","0","0","TOTAL MOT","8","kg","4565.99","false","8","kg","4565.99","false","4565.99","false","0","false","5073.798",,"5073.798","0","false","true",
"C","A","20220101","2022","52","2022","458","MYS","Malaysia","M","Import","0","W00","World","0","W00","World","H6","HS","true","090220","Tea, green; (not fermented), in immediate packings of a content exceeding 3kg","6","true","C00","TOTAL CPC","0","0","TOTAL MOT","8","kg","2158198.36","false","8","kg","2158198.36","false","2158198.36","false","0","false","9782437.819",,"9782437.819","0","false","true",
"C","A","20220101","2022","52","2022","462","MDV","Maldives","M","Import","0","W00","World","0","W00","World","H6","HS","true","090220","Tea, green; (not fermented), in immediate packings of a content exceeding 3kg","6","true","C00","TOTAL CPC","0","0","TOTAL MOT","8","kg","83929.841","true","8","kg","83913.98","false","83929.841","true","0","false","123476.508",,"123476.508","6","false","true",
"C","A","20220101","2022","52","2022","470","MLT","Malta","M","Import","0","W00","World","0","W00","World","H6","HS","true","090220","Tea, green; (not fermented), in immediate packings of a content exceeding 3kg","6","true","C00","TOTAL CPC","0","0","TOTAL MOT","8","kg","44839","false","8","kg","44839","false","44839","false","0","false","75242.431",,"75242.431","0","false","true",
"C","A","20220101","2022","52","2022","478","MRT","Mauritania","M","Import","0","W00","World","0","W00","World","H5","HS","true","090220","Tea, green; (not fermented), in immediate packings of a content exceeding 3kg","6","true","C00","TOTAL CPC","0","0","TOTAL MOT","8","kg","6565190","false","8","kg","6565190","false","6565190","false","0","false","8537374.677",,"8537374.677","0","false","true",
"C","A","20220101","2022","52","2022","480","MUS","Mauritius","M","Import","0","W00","World","0","W00","World","H6","HS","true","090220","Tea, green; (not fermented), in immediate packings of a content exceeding 3kg","6","true","C00","TOTAL CPC","0","0","TOTAL MOT","8","kg","8629","false","8","kg","8629","false","8488","false","0","false","100148.782","83485.096","100148.782","0","false","true",
"C","A","20220101","2022","52","2022","484","MEX","Mexico","M","Import","0","W00","World","0","W00","World","H6","HS","true","090220","Tea, green; (not fermented), in immediate packings of a content exceeding 3kg","6","true","C00","TOTAL CPC","0","0","TOTAL MOT","8","kg","413755.423","true","8","kg","413748","false","413755.423","true","0","false",,"1672150","1672150","6","false","true",
"C","A","20220101","2022","52","2022","348","HUN","Hungary","M","Import","0","W00","World","0","W00","World","H6","HS","true","090240","Tea, black; (fermented) and partly fermented tea, in immediate packings of a content exceeding 3kg","6","true","C00","TOTAL CPC","0","0","TOTAL MOT","8","kg","31369.079","true","8","kg","31317.948","false","31369.835","true","0","false","273014",,"273014","6","false","true",
"C","A","20220101","2022","52","2022","352","ISL","Iceland","M","Import","0","W00","World","0","W00","World","H6","HS","true","090240","Tea, black; (fermented) and partly fermented tea, in immediate packings of a content exceeding 3kg","6","true","C00","TOTAL CPC","0","0","TOTAL MOT","8","kg","7957.982","true","-1","N/A","0","false","7957.982","true","0","false","172404.521","152400.237","172404.521","6","false","true",
"C","A","20220101","2022","52","2022","360","IDN","Indonesia","M","Import","0","W00","World","0","W00","World","H6","HS","true","090240","Tea, black; (fermented) and partly fermented tea, in immediate packings of a content exceeding 3kg","6","true","C00","TOTAL CPC","0","0","TOTAL MOT","8","kg","7132463","false","8","kg","7132463","false","7132463","false","0","false","13284054",,"13284054","0","false","true",
"C","A","20220101","2022","52","2022","372","IRL","Ireland","M","Import","0","W00","World","0","W00","World","H6","HS","true","090240","Tea, black; (fermented) and partly fermented tea, in immediate packings of a content exceeding 3kg","6","true","C00","TOTAL CPC","0","0","TOTAL MOT","-1","N/A","0","false","-1","N/A","0","false",,"false","0","false","22087234.203",,"22087234.203","0","false","true",
"C","A","20220101","2022","52","2022","376","ISR","Israel","M","Import","0","W00","World","0","W00","World","H6","HS","true","090240","Tea, black; (fermented) and partly fermented tea, in immediate packings of a content exceeding 3kg","6","true","C00","TOTAL CPC","0","0","TOTAL MOT","8","kg","673540.566","true","5","u","632912","false","673540.566","true","0","false","2348000",,"2348000","6","false","true",
"C","A","20220101","2022","52","2022","380","ITA","Italy","M","Import","0","W00","World","0","W00","World","H6","HS","true","090240","Tea, black; (fermented) and partly fermented tea, in immediate packings of a content exceeding 3kg","6","true","C00","TOTAL CPC","0","0","TOTAL MOT","8","kg","2567024","false","8","kg","2567024","false","2567024","false","0","false","10901137.304",,"10901137.304","0","false","true",
"C","A","20220101","2022","52","2022","384","CIV","Côte d'Ivoire","M","Import","0","W00","World","0","W00","World","H5","HS","true","090240","Tea, black; (fermented) and partly fermented tea, in immediate packings of a content exceeding 3kg","6","true","C00","TOTAL CPC","0","0","TOTAL MOT","8","kg","234367","false","8","kg","234367","false","234367","false","0","false","591942.035",,"591942.035","0","false","true",
"C","A","20220101","2022","52","2022","388","JAM","Jamaica","M","Import","0","W00","World","0","W00","World","H6","HS","true","090240","Tea, black; (fermented) and partly fermented tea, in immediate packings of a content exceeding 3kg","6","true","C00","TOTAL CPC","0","0","TOTAL MOT","8","kg","100866.9","false","8","kg","100866.9","false","100866.9","false","0","false","756129.74",,"756129.74","0","false","true",
"C","A","20220101","2022","52","2022","392","JPN","Japan","M","Import","0","W00","World","0","W00","World","H6","HS","true","090240","Tea, black; (fermented) and partly fermented tea, in immediate packings of a content exceeding 3kg","6","true","C00","TOTAL CPC","0","0","TOTAL MOT","8","kg","19866133","false","8","kg","19866133","false","19866133","false","0","false","91481944.327","0","91481944.327","0","false","true",
"C","A","20220101","2022","52","2022","398","KAZ","Kazakhstan","M","Import","0","W00","World","0","W00","World","H6","HS","true","090240","Tea, black; (fermented) and partly fermented tea, in immediate packings of a content exceeding 3kg","6","true","C00","TOTAL CPC","0","0","TOTAL MOT","8","kg","23108564.6","false","8","kg","23108564.6","false","23108564.6","false","0","false","64993619.5",,"64993619.5","0","false","true",
"C","A","20220101","2022","52","2022","400","JOR","Jordan","M","Import","0","W00","World","0","W00","World","H6","HS","true","090240","Tea, black; (fermented) and partly fermented tea, in immediate packings of a content exceeding 3kg","6","true","C00","TOTAL CPC","0","0","TOTAL MOT","8","kg","6595293.915","true","-1","N/A","0","false","6595293.915","true","0","false","22991562.649",,"22991562.649","6","false","true",
"C","A","20220101","2022","52","2022","404","KEN","Kenya","M","Import","0","W00","World","0","W00","World","H6","HS","true","090240","Tea, black; (fermented) and partly fermented tea, in immediate packings of a content exceeding 3kg","6","true","C00","TOTAL CPC","0","0","TOTAL MOT","8","kg","5169964.81","false","8","kg","5169964.81","false","5169964.81","false","0","false","6358391.645",,"6358391.645","0","false","true",
"C","A","20220101","2022","52","2022","410","KOR","Rep. of Korea","M","Import","0","W00","World","0","W00","World","H6","HS","true","090240","Tea, black; (fermented) and partly fermented tea, in immediate packings of a content exceeding 3kg","6","true","C00","TOTAL CPC","0","0","TOTAL MOT","8","kg","831900.241","true","-1","N/A","0","false","831900.241","true","0","false","10305017",,"10305017","6","false","true",
"C","A","20220101","2022","52","2022","414","KWT","Kuwait","M","Import","0","W00","World","0","W00","World","H6","HS","true","090240","Tea, black; (fermented) and partly fermented tea, in immediate packings of a content exceeding 3kg","6","true","C00","TOTAL CPC","0","0","TOTAL MOT","8","kg","3835812.836","true","-1","N/A","0","false","3835812.836","true","0","false","13371857.611",,"13371857.611","6","false","true",
"C","A","20220101","2022","52","2022","417","KGZ","Kyrgyzstan","M","Import","0","W00","World","0","W00","World","H6","HS","true","090240","Tea, black; (fermented) and partly fermented tea, in immediate packings of a content exceeding 3kg","6","true","C00","TOTAL CPC","0","0","TOTAL MOT","8","kg","2291992","false","8","kg","2291992","false","2291992","false","0","false","2404710",,"2404710","0","false","true",
"C","A","20220101","2022","52","2022","422","LBN","Lebanon","M","Import","0","W00","World","0","W00","World","H5","HS","true","090240","Tea, black; (fermented) and partly fermented tea, in immediate packings of a content exceeding 3kg","6","true","C00","TOTAL CPC","0","0","TOTAL MOT","8","kg","503886","false","8","kg","503886","false","503886","false","0","false","2089200",,"2089200","0","false","true",
"C","A","20220101","2022","52","2022","426","LSO","Lesotho","M","Import","0","W00","World","0","W00","World","H5","HS","true","090240","Tea, black; (fermented) and partly fermented tea, in immediate packings of a content exceeding 3kg","6","true","C00","TOTAL CPC","0","0","TOTAL MOT","8","kg","1590770.5","false","8","kg","1590770.5","false","1590770.5","false","0","false","1803701.665",,"1803701.665","0","false","true",
"C","A","20220101","2022","52","2022","428","LVA","Latvia","M","Import","0","W00","World","0","W00","World","H6","HS","true","090240","Tea, black; (fermented) and partly fermented tea, in immediate packings of a content exceeding 3kg","6","true","C00","TOTAL CPC","0","0","TOTAL MOT","8","kg","18520.325","true","-1","N/A","0","false","18520.325","true","0","false","287054.738",,"287054.738","6","false","true",
"C","A","20220101","2022","52","2022","440","LTU","Lithuania","M","Import","0","W00","World","0","W00","World","H6","HS","true","090240","Tea, black; (fermented) and partly fermented tea, in immediate packings of a content exceeding 3kg","6","true","C00","TOTAL CPC","0","0","TOTAL MOT","8","kg","150295.949","false","8","kg","150295.949","false","150295.949","false","0","false","1290753",,"1290753","0","false","true",
"C","A","20220101","2022","52","2022","442","LUX","Luxembourg","M","Import","0","W00","World","0","W00","World","H6","HS","true","090240","Tea, black; (fermented) and partly fermented tea, in immediate packings of a content exceeding 3kg","6","true","C00","TOTAL CPC","0","0","TOTAL MOT","8","kg","32020.31","false","8","kg","32020.31","false","32020.31","false","0","false","434440.867","432672.883","434440.867","0","false","true",
"C","A","20220101","2022","52","2022","446","MAC","China, Macao SAR","M","Import","0","W00","World","0","W00","World","H6","HS","true","090240","Tea, black; (fermented) and partly fermented tea, in immediate packings of a content exceeding 3kg","6","true","C00","TOTAL CPC","0","0","TOTAL MOT","8","kg","518981","false","8","kg","518981","false","518981","false","0","false","3090902.986",,"3090902.986","0","false","true",
"C","A","20220101","2022","52","2022","450","MDG","Madagascar","M","Import","0","W00","World","0","W00","World","H6","HS","true","090240","Tea, black; (fermented) and partly fermented tea, in immediate packings of a content exceeding 3kg","6","true","C00","TOTAL CPC","0","0","TOTAL MOT","8","kg","486.96","false","8","kg","486.96","false","486.96","false","0","false","4545.207","4323.023","4545.207","0","false","true",
"C","A","20220101","2022","52","2022","454","MWI","Malawi","M","Import","0","W00","World","0","W00","World","H5","HS","true","090240","Tea, black; (fermented) and partly fermented tea, in immediate packings of a content exceeding 3kg","6","true","C00","TOTAL CPC","0","0","TOTAL MOT","8","kg","4863.6","false","8","kg","4863.6","false","4863.6","false","0","false","11002.325",,"11002.325","0","false","true",
"C","A","20220101","2022","52","2022","458","MYS","Malaysia","M","Import","0","W00","World","0","W00","World","H6","HS","true","090240","Tea, black; (fermented) and partly fermented tea, in immediate packings of a content exceeding 3kg","6","true","C00","TOTAL CPC","0","0","TOTAL MOT","8","kg","25148963.52","false","8","kg","25148963.52","false","25148963.52","false","0","false","40837609.097",,"40837609.097","0","false","true",
"C","A","20220101","2022","52","2022","462","MDV","Maldives","M","Import","0","W00","World","0","W00","World","H6","HS","true","090240","Tea, black; (fermented) and partly fermented tea, in immediate packings of a content exceeding 3kg","6","true","C00","TOTAL CPC","0","0","TOTAL MOT","8","kg","22016.78","false","8","kg","22016.78","false","22016.78","false","0","false","189526.225",,"189526.225","0","false","true",
"C","A","20220101","2022","52","2022","470","MLT","Malta","M","Import","0","W00","World","0","W00","World","H6","HS","true","090240","Tea, black; (fermented) and partly fermented tea, in immediate packings of a content exceeding 3kg","6","true","C00","TOTAL CPC","0","0","TOTAL MOT","8","kg","358193","false","8","kg","358193","false","358193","false","0","false","1018949.862",,"1018949.862","0","false","true",
"C","A","20220101","2022","52","2022","478","MRT","Mauritania","M","Import","0","W00","World","0","W00","World","H5","HS","true","090240","Tea, black; (fermented) and partly fermented tea, in immediate packings of a content exceeding 3kg","6","true","C00","TOTAL CPC","0","0","TOTAL MOT","8","kg","337307","false","8","kg","337307","false","337307","false","0","false","250790.665",,"250790.665","0","false","true",
"C","A","20220101","2022","52","2022","480","MUS","Mauritius","M","Import","0","W00","World","0","W00","World","H6","HS","true","090240","Tea, black; (fermented) and partly fermented tea, in immediate packings of a content exceeding 3kg","6","true","C00","TOTAL CPC","0","0","TOTAL MOT","8","kg","470365","false","8","kg","470365","false","470227","false","0","false","1201180.052","1128005.714","1201180.052","0","false","true",
"C","A","20220101","2022","52","2022","484","MEX","Mexico","M","Import","0","W00","World","0","W00","World","H6","HS","true","090240","Tea, black; (fermented) and partly fermented tea, in immediate packings of a content exceeding 3kg","6","true","C00","TOTAL CPC","0","0","TOTAL MOT","8","kg","101994.844","true","8","kg","101994","false","101994.844","true","0","false",,"483667","483667","6","false","true",
"C","A","20220101","2022","52","2022","490","S19","Other Asia, nes","M","Import","0","W00","World","0","W00","World","H5","HS","true","090220","Tea, green; (not fermented), in immediate packings of a content exceeding 3kg","6","true","C00","TOTAL CPC","0","0","TOTAL MOT","8","kg","8814188","false","8","kg","8814188","false","8814188","false","0","false","24964230.62",,"24964230.62","0","false","true",
"C","A","20220101","2022","52","2022","496","MNG","Mongolia","M","Import","0","W00","World","0","W00","World","H6","HS","true","090220","Tea, green; (not fermented), in immediate packings of a content exceeding 3kg","6","true","C00","TOTAL CPC","0","0","TOTAL MOT","8","kg","110681.244","false","8","kg","110681.244","false","110681.244","false","0","false","239003.289",,"239003.289","0","false","true",
"C","A","20220101","2022","52","2022","498","MDA","Rep. of Moldova","M","Import","0","W00","World","0","W00","World","H5","HS","true","090220","Tea, green; (not fermented), in immediate packings of a content exceeding 3kg","6","true","C00","TOTAL CPC","0","0","TOTAL MOT","8","kg","2547.701","true","8","kg","2545","false","2547.701","true","0","false","47159",,"47159","6","false","true",
"C","A","20220101","2022","52","2022","499","MNE","Montenegro","M","Import","0","W00","World","0","W00","World","H6","HS","true","090220","Tea, green; (not fermented), in immediate packings of a content exceeding 3kg","6","true","C00","TOTAL CPC","0","0","TOTAL MOT","8","kg","2241.38","false","8","kg","2241.38","false","2241.38","false","0","false","30732.698",,"30732.698","0","false","true",
"C","A","20220101","2022","52","2022","500","MSR","Montserrat","M","Import","0","W00","World","0","W00","World","H5","HS","true","090220","Tea, green; (not fermented), in immediate packings of a content exceeding 3kg","6","true","C00","TOTAL CPC","0","0","TOTAL MOT","8","kg","390.28","false","8","kg","390.28","false","390.28","false","0","false","1436.83",,"1436.83","0","false","true",
"C","A","20220101","2022","52","2022","504","MAR","Morocco","M","Import","0","W00","World","0","W00","World","H6","HS","true","090220","Tea, green; (not fermented), in immediate packings of a content exceeding 3kg","6","true","C00","TOTAL CPC","0","0","TOTAL MOT","8","kg","80098943","false","8","kg","80098943","false","80098943","false","0","false","246430133.801",,"246430133.801","0","false","true",
"C","A","20220101","2022","52","2022","508","MOZ","Mozambique","M","Import","0","W00","World","0","W00","World","H5","HS","true","090220","Tea, green; (not fermented), in immediate packings of a content exceeding 3kg","6","true","C00","TOTAL CPC","0","0","TOTAL MOT","8","kg","15273","false","8","kg","15273","false","24115","false","0","false","255287.35","241104.398","255287.35","0","false","true",
"C","A","20220101","2022","52","2022","512","OMN","Oman","M","Import","0","W00","World","0","W00","World","H6","HS","true","090220","Tea, green; (not fermented), in immediate packings of a content exceeding 3kg","6","true","C00","TOTAL CPC","0","0","TOTAL MOT","8","kg","139141.085","true","-1","N/A","0","false","139141.085","true","0","false","1166039.01",,"1166039.01","6","false","true",
"C","A","20220101","2022","52","2022","516","NAM","Namibia","M","Import","0","W00","World","0","W00","World","H6","HS","true","090220","Tea, green; (not fermented), in immediate packings of a content exceeding 3kg","6","true","C00","TOTAL CPC","0","0","TOTAL MOT","8","kg","92536.728","false","8","kg","92536.728","false","92536.728","false","0","false","347214.882",,"347214.882","0","false","true",
"C","A","20220101","2022","52","2022","524","NPL","Nepal","M","Import","0","W00","World","0","W00","World","H6","HS","true","090220","Tea, green; (not fermented), in immediate packings of a content exceeding 3kg","6","true","C00","TOTAL CPC","0","0","TOTAL MOT","8","kg","15322.045","true","8","kg","15319","false","15322.045","true","0","false","41458.299",,"41458.299","6","false","true",
"C","A","20220101","2022","52","2022","528","NLD","Netherlands","M","Import","0","W00","World","0","W00","World","H6","HS","true","090220","Tea, green; (not fermented), in immediate packings of a content exceeding 3kg","6","true","C00","TOTAL CPC","0","0","TOTAL MOT","8","kg","1665290","false","8","kg","1665290","false","1665290","false","0","false","10540618.734",,"10540618.734","0","false","true",
"C","A","20220101","2022","52","2022","533","ABW","Aruba","M","Import","0","W00","World","0","W00","World","H4","HS","true","090220","Tea, green; (not fermented), in immediate packings of a content exceeding 3kg","6","true","C00","TOTAL CPC","0","0","TOTAL MOT","8","kg","10464.978","false","8","kg","10464.978","false","10464.978","false","0","false","52981.544",,"52981.544","0","false","true",
"C","A","20220101","2022","52","2022","554","NZL","New Zealand","M","Import","0","W00","World","0","W00","World","H6","HS","true","090220","Tea, green; (not fermented), in immediate packings of a content exceeding 3kg","6","true","C00","TOTAL CPC","0","0","TOTAL MOT","8","kg","107246.811","true","8","kg","107240","false","107246.811","true","0","false","868614.924","814469.032","868614.924","6","false","true",
"C","A","20220101","2022","52","2022","558","NIC","Nicaragua","M","Import","0","W00","World","0","W00","World","H6","HS","true","090220","Tea, green; (not fermented), in immediate packings of a content exceeding 3kg","6","true","C00","TOTAL CPC","0","0","TOTAL MOT","8","kg","1194.23","false","8","kg","1194.23","false","1194.23","false","0","false","25373.98",,"25373.98","0","false","true",
"C","A","20220101","2022","52","2022","562","NER","Niger","M","Import","0","W00","World","0","W00","World","H6","HS","true","090220","Tea, green; (not fermented), in immediate packings of a content exceeding 3kg","6","true","C00","TOTAL CPC","0","0","TOTAL MOT","8","kg","4168850","false","8","kg","4168850","false","4168850","false","0","false","3289452.127",,"3289452.127","0","false","true",
"C","A","20220101","2022","52","2022","566","NGA","Nigeria","M","Import","0","W00","World","0","W00","World","H6","HS","true","090220","Tea, green; (not fermented), in immediate packings of a content exceeding 3kg","6","true","C00","TOTAL CPC","0","0","TOTAL MOT","8","kg","367965.51","false","8","kg","367965.51","false","367965.51","false","0","false","443808.289",,"443808.289","0","false","true",
"C","A","20220101","2022","52","2022","579","NOR","Norway","M","Import","0","W00","World","0","W00","World","H6","HS","true","090220","Tea, green; (not fermented), in immediate packings of a content exceeding 3kg","6","true","C00","TOTAL CPC","0","0","TOTAL MOT","8","kg","13159","false","8","kg","13159","false","13159","false","0","false","203828.732",,"203828.732","0","false","true",
"C","A","20220101","2022","52","2022","586","PAK","Pakistan","M","Import","0","W00","World","0","W00","World","H6","HS","true","090220","Tea, green; (not fermented), in immediate packings of a content exceeding 3kg","6","true","C00","TOTAL CPC","0","0","TOTAL MOT","8","kg","6493105","false","8","kg","6493105","false","6493105","false","0","false","13892398.348",,"13892398.348","0","false","true",
"C","A","20220101","2022","52","2022","591","PAN","Panama","M","Import","0","W00","World","0","W00","World","H6","HS","true","090220","Tea, green; (not fermented), in immediate packings of a content exceeding 3kg","6","true","C00","TOTAL CPC","0","0","TOTAL MOT","8","kg","9063","false","8","kg","9063","false","9063","false","9063","false","55807",,"55807","0","false","true",
"C","A","20220101","2022","52","2022","600","PRY","Paraguay","M","Import","0","W00","World","0","W00","World","H6","HS","true","090220","Tea, green; (not fermented), in immediate packings of a content exceeding 3kg","6","true","C00","TOTAL CPC","0","0","TOTAL MOT","8","kg","40724.1","false","8","kg","40724.1","false","40724.1","false","0","false","114863.07","107433.45","114863.07","0","false","true",
"C","A","20220101","2022","52","2022","604","PER","Peru","M","Import","0","W00","World","0","W00","World","H6","HS","true","090220","Tea, green; (not fermented), in immediate packings of a content exceeding 3kg","6","true","C00","TOTAL CPC","0","0","TOTAL MOT","8","kg","112614","false","8","kg","112614","false","112614","false","0","false","257672.141",,"257672.141","0","false","true",
"C","A","20220101","2022","52","2022","608","PHL","Philippines","M","Import","0","W00","World","0","W00","World","H5","HS","true","090220","Tea, green; (not fermented), in immediate packings of a content exceeding 3kg","6","true","C00","TOTAL CPC","0","0","TOTAL MOT","-1","N/A","0","false","40","GT","1492.013","false",,"false","1492012.7","false","4047950","3880984","4047950","0","false","true",
"C","A","20220101","2022","52","2022","616","POL","Poland","M","Import","0","W00","World","0","W00","World","H6","HS","true","090220","Tea, green; (not fermented), in immediate packings of a content exceeding 3kg","6","true","C00","TOTAL CPC","0","0","TOTAL MOT","8","kg","5246719.398","true","-1","N/A","0","false","5246719.398","true","0","false","15650467","0","15650467","6","false","true",
"C","A","20220101","2022","52","2022","620","PRT","Portugal","M","Import","0","W00","World","0","W00","World","H6","HS","true","090220","Tea, green; (not fermented), in immediate packings of a content exceeding 3kg","6","true","C00","TOTAL CPC","0","0","TOTAL MOT","8","kg","65712.168","true","-1","N/A","0","false","65712.168","true","0","false","569215.96",,"569215.96","6","false","true",
"C","A","20220101","2022","52","2022","626","TLS","Timor-Leste","M","Import","0","W00","World","0","W00","World","H5","HS","true","090220","Tea, green; (not fermented), in immediate packings of a content exceeding 3kg","6","true","C00","TOTAL CPC","0","0","TOTAL MOT","8","kg","4779.75","false","8","kg","4779.75","false","4779.75","false","0","false","7779.53",,"7779.53","0","false","true",
"C","A","20220101","2022","52","2022","634","QAT","Qatar","M","Import","0","W00","World","0","W00","World","H6","HS","true","090220","Tea, green; (not fermented), in immediate packings of a content exceeding 3kg","6","true","C00","TOTAL CPC","0","0","TOTAL MOT","8","kg","29210.37","false","5","u","29259","false","29210.37","false","0","false","583899.709",,"583899.709","0","false","true",
"C","A","20220101","2022","52","2022","642","ROU","Romania","M","Import","0","W00","World","0","W00","World","H6","HS","true","090220","Tea, green; (not fermented), in immediate packings of a content exceeding 3kg","6","true","C00","TOTAL CPC","0","0","TOTAL MOT","8","kg","95066.316","true","8","kg","95065.54","false","95066.316","true","0","false","661716.87",,"661716.87","6","false","true",
"C","A","20220101","2022","52","2022","646","RWA","Rwanda","M","Import","0","W00","World","0","W00","World","H4","HS","true","090220","Tea, green; (not fermented), in immediate packings of a content exceeding 3kg","6","true","C00","TOTAL CPC","0","0","TOTAL MOT","8","kg","3587.27","false","8","kg","3587.27","false","3587.27","false","0","false","7010.64","0","7010.64","0","false","true",
"C","A","20220101","2022","52","2022","678","STP","Sao Tome and Principe","M","Import","0","W00","World","0","W00","World","H3","HS","true","090220","Tea, green; (not fermented), in immediate packings of a content exceeding 3kg","6","true","C00","TOTAL CPC","0","0","TOTAL MOT","8","kg","855.4","false","8","kg","855.4","false","855.4","false","976.03","false","8035.385","6710.553","8035.385","0","false","true",
"C","A","20220101","2022","52","2022","686","SEN","Senegal","M","Import","0","W00","World","0","W00","World","H6","HS","true","090220","Tea, green; (not fermented), in immediate packings of a content exceeding 3kg","6","true","C00","TOTAL CPC","0","0","TOTAL MOT","8","kg","7066907","false","8","kg","7066907","false","7066907","false","0","false","10709603.167",,"10709603.167","0","false","true",
"C","A","20220101","2022","52","2022","490","S19","Other Asia, nes","M","Import","0","W00","World","0","W00","World","H5","HS","true","090240","Tea, black; (fermented) and partly fermented tea, in immediate packings of a content exceeding 3kg","6","true","C00","TOTAL CPC","0","0","TOTAL MOT","8","kg","20225187","false","8","kg","20225187","false","20225187","false","0","false","47206158.32",,"47206158.32","0","false","true",
"C","A","20220101","2022","52","2022","496","MNG","Mongolia","M","Import","0","W00","World","0","W00","World","H6","HS","true","090240","Tea, black; (fermented) and partly fermented tea, in immediate packings of a content exceeding 3kg","6","true","C00","TOTAL CPC","0","0","TOTAL MOT","8","kg","85668.489","false","8","kg","85668.489","false","85668.489","false","0","false","355465.703",,"355465.703","0","false","true",
"C","A","20220101","2022","52","2022","498","MDA","Rep. of Moldova","M","Import","0","W00","World","0","W00","World","H5","HS","true","090240","Tea, black; (fermented) and partly fermented tea, in immediate packings of a content exceeding 3kg","6","true","C00","TOTAL CPC","0","0","TOTAL MOT","8","kg","17889.671","true","8","kg","17889","false","17889.671","true","0","false","106653",,"106653","6","false","true",
"C","A","20220101","2022","52","2022","499","MNE","Montenegro","M","Import","0","W00","World","0","W00","World","H6","HS","true","090240","Tea, black; (fermented) and partly fermented tea, in immediate packings of a content exceeding 3kg","6","true","C00","TOTAL CPC","0","0","TOTAL MOT","8","kg","1884.45","false","8","kg","1884.45","false","1884.45","false","0","false","20684.95",,"20684.95","0","false","true",
"C","A","20220101","2022","52","2022","500","MSR","Montserrat","M","Import","0","W00","World","0","W00","World","H5","HS","true","090240","Tea, black; (fermented) and partly fermented tea, in immediate packings of a content exceeding 3kg","6","true","C00","TOTAL CPC","0","0","TOTAL MOT","8","kg","365.27","false","8","kg","365.27","false","365.27","false","0","false","4397.87",,"4397.87","0","false","true",
"C","A","20220101","2022","52","2022","504","MAR","Morocco","M","Import","0","W00","World","0","W00","World","H6","HS","true","090240","Tea, black; (fermented) and partly fermented tea, in immediate packings of a content exceeding 3kg","6","true","C00","TOTAL CPC","0","0","TOTAL MOT","8","kg","794452.64","false","8","kg","794452.64","false","794452.64","false","0","false","5874793.357",,"5874793.357","0","false","true",
"C","A","20220101","2022","52","2022","508","MOZ","Mozambique","M","Import","0","W00","World","0","W00","World","H5","HS","true","090240","Tea, black; (fermented) and partly fermented tea, in immediate packings of a content exceeding 3kg","6","true","C00","TOTAL CPC","0","0","TOTAL MOT","-1","N/A","0","false","8","kg","43188.44","false","51027","false","0","false","131419.817","88762.159","131419.817","0","false","true",
"C","A","20220101","2022","52","2022","512","OMN","Oman","M","Import","0","W00","World","0","W00","World","H6","HS","true","090240","Tea, black; (fermented) and partly fermented tea, in immediate packings of a content exceeding 3kg","6","true","C00","TOTAL CPC","0","0","TOTAL MOT","8","kg","6190930.651","true","-1","N/A","0","false","6190930.651","true","0","false","21581929.745",,"21581929.745","6","false","true",
"C","A","20220101","2022","52","2022","516","NAM","Namibia","M","Import","0","W00","World","0","W00","World","H6","HS","true","090240","Tea, black; (fermented) and partly fermented tea, in immediate packings of a content exceeding 3kg","6","true","C00","TOTAL CPC","0","0","TOTAL MOT","8","kg","565303.516","true","-1","N/A","0","false","565303.516","true","0","false","2270352.325",,"2270352.325","6","false","true",
"C","A","20220101","2022","52","2022","524","NPL","Nepal","M","Import","0","W00","World","0","W00","World","H6","HS","true","090240","Tea, black; (fermented) and partly fermented tea, in immediate packings of a content exceeding 3kg","6","true","C00","TOTAL CPC","0","0","TOTAL MOT","8","kg","224298.543","true","8","kg","224246","false","224298.543","true","0","false","700535.596",,"700535.596","6","false","true",
"C","A","20220101","2022","52","2022","528","NLD","Netherlands","M","Import","0","W00","World","0","W00","World","H6","HS","true","090240","Tea, black; (fermented) and partly fermented tea, in immediate packings of a content exceeding 3kg","6","true","C00","TOTAL CPC","0","0","TOTAL MOT","8","kg","6236600","false","8","kg","6236600","false","6236600","false","0","false","20075958.283",,"20075958.283","0","false","true",
"C","A","20220101","2022","52","2022","533","ABW","Aruba","M","Import","0","W00","World","0","W00","World","H4","HS","true","090240","Tea, black; (fermented) and partly fermented tea, in immediate packings of a content exceeding 3kg","6","true","C00","TOTAL CPC","0","0","TOTAL MOT","8","kg","5425.659","false","8","kg","5425.659","false","5425.659","false","0","false","53583.219",,"53583.219","0","false","true",
"C","A","20220101","2022","52","2022","558","NIC","Nicaragua","M","Import","0","W00","World","0","W00","World","H6","HS","true","090240","Tea, black; (fermented) and partly fermented tea, in immediate packings of a content exceeding 3kg","6","true","C00","TOTAL CPC","0","0","TOTAL MOT","8","kg","2378.69","false","8","kg","2378.69","false","2378.69","false","0","false","8275.33",,"8275.33","0","false","true",
"C","A","20220101","2022","52","2022","562","NER","Niger","M","Import","0","W00","World","0","W00","World","H6","HS","true","090240","Tea, black; (fermented) and partly fermented tea, in immediate packings of a content exceeding 3kg","6","true","C00","TOTAL CPC","0","0","TOTAL MOT","8","kg","5437","false","8","kg","5437","false","5437","false","0","false","28922.934",,"28922.934","0","false","true",
"C","A","20220101","2022","52","2022","566","NGA","Nigeria","M","Import","0","W00","World","0","W00","World","H6","HS","true","090240","Tea, black; (fermented) and partly fermented tea, in immediate packings of a content exceeding 3kg","6","true","C00","TOTAL CPC","0","0","TOTAL MOT","8","kg","5663684.36","false","8","kg","5663684.36","false","5663684.36","false","0","false","13736463.869",,"13736463.869","0","false","true",
"C","A","20220101","2022","52","2022","579","NOR","Norway","M","Import","0","W00","World","0","W00","World","H6","HS","true","090240","Tea, black; (fermented) and partly fermented tea, in immediate packings of a content exceeding 3kg","6","true","C00","TOTAL CPC","0","0","TOTAL MOT","8","kg","34429","false","8","kg","34429","false","34429","false","0","false","529939.142",,"529939.142","0","false","true",
"C","A","20220101","2022","52","2022","586","PAK","Pakistan","M","Import","0","W00","World","0","W00","World","H6","HS","true","090240","Tea, black; (fermented) and partly fermented tea, in immediate packings of a content exceeding 3kg","6","true","C00","TOTAL CPC","0","0","TOTAL MOT","8","kg","245617184","false","8","kg","245617184","false","245617184","false","0","false","626585683.159",,"626585683.159","0","false","true",
"C","A","20220101","2022","52","2022","591","PAN","Panama","M","Import","0","W00","World","0","W00","World","H6","HS","true","090240","Tea, black; (fermented) and partly fermented tea, in immediate packings of a content exceeding 3kg","6","true","C00","TOTAL CPC","0","0","TOTAL MOT","8","kg","42719","false","8","kg","42719","false","42719","false","42719","false","184707",,"184707","0","false","true",
"C","A","20220101","2022","52","2022","600","PRY","Paraguay","M","Import","0","W00","World","0","W00","World","H6","HS","true","090240","Tea, black; (fermented) and partly fermented tea, in immediate packings of a content exceeding 3kg","6","true","C00","TOTAL CPC","0","0","TOTAL MOT","8","kg","144988.34","false","8","kg","144988.34","false","144988.34","false","0","false","99142.87","87310","99142.87","0","false","true",
"C","A","20220101","2022","52","2022","604","PER","Peru","M","Import","0","W00","World","0","W00","World","H6","HS","true","090240","Tea, black; (fermented) and partly fermented tea, in immediate packings of a content exceeding 3kg","6","true","C00","TOTAL CPC","0","0","TOTAL MOT","8","kg","2714230.477","false","8","kg","2714230.477","false","2714230.477","false","0","false","6344345.773",,"6344345.773","0","false","true",
"C","A","20220101","2022","52","2022","608","PHL","Philippines","M","Import","0","W00","World","0","W00","World","H5","HS","true","090240","Tea, black; (fermented) and partly fermented tea, in immediate packings of a content exceeding 3kg","6","true","C00","TOTAL CPC","0","0","TOTAL MOT","8","kg","673969.161","true","40","GT","529.258","false","673969.161","true","529312.76","false","2041968","1930767","2041968","6","false","true",
"C","A","20220101","2022","52","2022","616","POL","Poland","M","Import","0","W00","World","0","W00","World","H6","HS","true","090240","Tea, black; (fermented) and partly fermented tea, in immediate packings of a content exceeding 3kg","6","true","C00","TOTAL CPC","0","0","TOTAL MOT","8","kg","30643623.445","true","-1","N/A","0","false","30643623.445","true","0","false","76890390","0","76890390","6","false","true",
"C","A","20220101","2022","52","2022","620","PRT","Portugal","M","Import","0","W00","World","0","W00","World","H6","HS","true","090240","Tea, black; (fermented) and partly fermented tea, in immediate packings of a content exceeding 3kg","6","true","C00","TOTAL CPC","0","0","TOTAL MOT","8","kg","11876.929","true","-1","N/A","0","false","11876.929","true","0","false","152823.682",,"152823.682","6","false","true",
"C","A","20220101","2022","52","2022","626","TLS","Timor-Leste","M","Import","0","W00","World","0","W00","World","H5","HS","true","090240","Tea, black; (fermented) and partly fermented tea, in immediate packings of a content exceeding 3kg","6","true","C00","TOTAL CPC","0","0","TOTAL MOT","8","kg","452.461","false","8","kg","452.461","false","452.461","false","0","false","1460.93",,"1460.93","0","false","true",
"C","A","20220101","2022","52","2022","634","QAT","Qatar","M","Import","0","W00","World","0","W00","World","H6","HS","true","090240","Tea, black; (fermented) and partly fermented tea, in immediate packings of a content exceeding 3kg","6","true","C00","TOTAL CPC","0","0","TOTAL MOT","8","kg","2367370.41","false","5","u","1007810","false","2367370.41","false","0","false","8167137.657",,"8167137.657","0","false","true",
"C","A","20220101","2022","52","2022","642","ROU","Romania","M","Import","0","W00","World","0","W00","World","H6","HS","true","090240","Tea, black; (fermented) and partly fermented tea, in immediate packings of a content exceeding 3kg","6","true","C00","TOTAL CPC","0","0","TOTAL MOT","8","kg","48983.653","true","8","kg","48935.28","false","48983.653","true","0","false","220588",,"220588","6","false","true",
"C","A","20220101","2022","52","2022","646","RWA","Rwanda","M","Import","0","W00","World","0","W00","World","H4","HS","true","090240","Tea, black; (fermented) and partly fermented tea, in immediate packings of a content exceeding 3kg","6","true","C00","TOTAL CPC","0","0","TOTAL MOT","8","kg","38096.85","false","8","kg","38096.85","false","38096.85","false","0","false","44796.22","0","44796.22","0","false","true",
"C","A","20220101","2022","52","2022","678","STP","Sao Tome and Principe","M","Import","0","W00","World","0","W00","World","H3","HS","true","090240","Tea, black; (fermented) and partly fermented tea, in immediate packings of a content exceeding 3kg","6","true","C00","TOTAL CPC","0","0","TOTAL MOT","8","kg","1352","false","8","kg","1352","false","1352","false","1497","false","7997.169","7474.923","7997.169","0","false","true",
"C","A","20220101","2022","52","2022","686","SEN","Senegal","M","Import","0","W00","World","0","W00","World","H6","HS","true","090240","Tea, black; (fermented) and partly fermented tea, in immediate packings of a content exceeding 3kg","6","true","C00","TOTAL CPC","0","0","TOTAL MOT","8","kg","471863","false","8","kg","471863","false","471863","false","0","false","207909.362",,"207909.362","0","false","true",
"C","A","20220101","2022","52","2022","688","SRB","Serbia","M","Import","0","W00","World","0","W00","World","H6","HS","true","090220","Tea, green; (not fermented), in immediate packings of a content exceeding 3kg","6","true","C00","TOTAL CPC","0","0","TOTAL MOT","8","kg","56274.534","true","-1","N/A","0","false","56274.534","true","0","false","214421","202233","214421","6","false","true",
"C","A","20220101","2022","52","2022","690","SYC","Seychelles","M","Import","0","W00","World","0","W00","World","H5","HS","true","090220","Tea, green; (not fermented), in immediate packings of a content exceeding 3kg","6","true","C00","TOTAL CPC","0","0","TOTAL MOT","8","kg","16373.937","false","5","u","15438.36","false","16373.937","false","0","false","102322.123",,"102322.123","0","false","true",
"C","A","20220101","2022","52","2022","699","IND","India","M","Import","0","W00","World","0","W00","World","H6","HS","true","090220","Tea, green; (not fermented), in immediate packings of a content exceeding 3kg","6","true","C00","TOTAL CPC","0","0","TOTAL MOT","8","kg","1784530","false","8","kg","1784530","false","1784530","false","0","false","3040927.863",,"3040927.863","0","false","true",
"C","A","20220101","2022","52","2022","702","SGP","Singapore","M","Import","0","W00","World","0","W00","World","H6","HS","true","090220","Tea, green; (not fermented), in immediate packings of a content exceeding 3kg","6","true","C00","TOTAL CPC","0","0","TOTAL MOT","8","kg","595538.51","false","8","kg","595538.51","false","595538.51","false","0","false","8960476.29",,"8960476.29","0","false","true",
"C","A","20220101","2022","52","2022","703","SVK","Slovakia","M","Import","0","W00","World","0","W00","World","H6","HS","true","090220","Tea, green; (not fermented), in immediate packings of a content exceeding 3kg","6","true","C00","TOTAL CPC","0","0","TOTAL MOT","8","kg","66915.133","true","-1","N/A","0","false","66915.133","true","0","false","561049.567","555445.243","561049.567","6","false","true",
"C","A","20220101","2022","52","2022","704","VNM","Viet Nam","M","Import","0","W00","World","0","W00","World","H6","HS","true","090220","Tea, green; (not fermented), in immediate packings of a content exceeding 3kg","6","true","C00","TOTAL CPC","0","0","TOTAL MOT","8","kg","804405.684","true","-1","N/A","0","false","804405.684","true","0","false","6741131.924",,"6741131.924","6","false","true",
"C","A","20220101","2022","52","2022","705","SVN","Slovenia","M","Import","0","W00","World","0","W00","World","H6","HS","true","090220","Tea, green; (not fermented), in immediate packings of a content exceeding 3kg","6","true","C00","TOTAL CPC","0","0","TOTAL MOT","8","kg","32166","true","-1","N/A","0","false","32166","true","0","false","299203.073",,"299203.073","6","false","true",
"C","A","20220101","2022","52","2022","710","ZAF","South Africa","M","Import","0","W00","World","0","W00","World","H6","HS","true","090220","Tea, green; (not fermented), in immediate packings of a content exceeding 3kg","6","true","C00","TOTAL CPC","0","0","TOTAL MOT","8","kg","624973.19","false","8","kg","624973.19","false","624973.19","false","0","false","0","1594867.78","1594867.78","0","false","true",
"C","A","20220101","2022","52","2022","716","ZWE","Zimbabwe","M","Import","0","W00","World","0","W00","World","H5","HS","true","090220","Tea, green; (not fermented), in immediate packings of a content exceeding 3kg","6","true","C00","TOTAL CPC","0","0","TOTAL MOT","8","kg","16002.5","false","8","kg","16002.5","false","16002.5","false","0","false","56269.65",,"56269.65","0","false","true",
"C","A","20220101","2022","52","2022","688","SRB","Serbia","M","Import","0","W00","World","0","W00","World","H6","HS","true","090240","Tea, black; (fermented) and partly fermented tea, in immediate packings of a content exceeding 3kg","6","true","C00","TOTAL CPC","0","0","TOTAL MOT","8","kg","32805.847","true","-1","N/A","0","false","32805.847","true","0","false","129926","111274","129926","6","false","true",
"C","A","20220101","2022","52","2022","690","SYC","Seychelles","M","Import","0","W00","World","0","W00","World","H5","HS","true","090240","Tea, black; (fermented) and partly fermented tea, in immediate packings of a content exceeding 3kg","6","true","C00","TOTAL CPC","0","0","TOTAL MOT","8","kg","97994.53","false","5","u","94080.176","false","97994.53","false","0","false","454769.244",,"454769.244","0","false","true",
"C","A","20220101","2022","52","2022","699","IND","India","M","Import","0","W00","World","0","W00","World","H6","HS","true","090240","Tea, black; (fermented) and partly fermented tea, in immediate packings of a content exceeding 3kg","6","true","C00","TOTAL CPC","0","0","TOTAL MOT","8","kg","29293443","false","8","kg","29293443","false","29293443","false","0","false","53453914.603",,"53453914.603","0","false","true",
"C","A","20220101","2022","52","2022","702","SGP","Singapore","M","Import","0","W00","World","0","W00","World","H6","HS","true","090240","Tea, black; (fermented) and partly fermented tea, in immediate packings of a content exceeding 3kg","6","true","C00","TOTAL CPC","0","0","TOTAL MOT","8","kg","2446759","false","8","kg","2446759","false","2446759","false","0","false","11192115.792",,"11192115.792","0","false","true",
"C","A","20220101","2022","52","2022","703","SVK","Slovakia","M","Import","0","W00","World","0","W00","World","H6","HS","true","090240","Tea, black; (fermented) and partly fermented tea, in immediate packings of a content exceeding 3kg","6","true","C00","TOTAL CPC","0","0","TOTAL MOT","8","kg","144911.202","true","-1","N/A","0","false","144911.202","true","0","false","636757.446","633819.44","636757.446","6","false","true",
"C","A","20220101","2022","52","2022","704","VNM","Viet Nam","M","Import","0","W00","World","0","W00","World","H6","HS","true","090240","Tea, black; (fermented) and partly fermented tea, in immediate packings of a content exceeding 3kg","6","true","C00","TOTAL CPC","0","0","TOTAL MOT","8","kg","2559868.122","true","-1","N/A","0","false","2559868.122","true","0","false","8923843.129",,"8923843.129","6","false","true",
"C","A","20220101","2022","52","2022","705","SVN","Slovenia","M","Import","0","W00","World","0","W00","World","H6","HS","true","090240","Tea, black; (fermented) and partly fermented tea, in immediate packings of a content exceeding 3kg","6","true","C00","TOTAL CPC","0","0","TOTAL MOT","8","kg","15463.402","false","8","kg","15463.402","false","15463.402","false","0","false","128589.582",,"128589.582","0","false","true",
"C","A","20220101","2022","52","2022","710","ZAF","South Africa","M","Import","0","W00","World","0","W00","World","H6","HS","true","090240","Tea, black; (fermented) and partly fermented tea, in immediate packings of a content exceeding 3kg","6","true","C00","TOTAL CPC","0","0","TOTAL MOT","8","kg","19031576.01","false","8","kg","19031576.01","false","19031576.01","false","0","false","0","32694872.571","32694872.571","0","false","true",
"C","A","20220101","2022","52","2022","716","ZWE","Zimbabwe","M","Import","0","W00","World","0","W00","World","H5","HS","true","090240","Tea, black; (fermented) and partly fermented tea, in immediate packings of a content exceeding 3kg","6","true","C00","TOTAL CPC","0","0","TOTAL MOT","8","kg","177134.19","false","8","kg","177134.19","false","177134.19","false","0","false","336499.13",,"336499.13","0","false","true",
"C","A","20220101","2022","52","2022","724","ESP","Spain","M","Import","0","W00","World","0","W00","World","H6","HS","true","090220","Tea, green; (not fermented), in immediate packings of a content exceeding 3kg","6","true","C00","TOTAL CPC","0","0","TOTAL MOT","8","kg","1690610.852","false","8","kg","1690610.852","false","1690610.852","false","0","false","6994305.099",,"6994305.099","0","false","true",
"C","A","20220101","2022","52","2022","724","ESP","Spain","M","Import","0","W00","World","0","W00","World","H6","HS","true","090240","Tea, black; (fermented) and partly fermented tea, in immediate packings of a content exceeding 3kg","6","true","C00","TOTAL CPC","0","0","TOTAL MOT","8","kg","1755135.253","false","8","kg","1755135.253","false","1755135.253","false","0","false","5201815.146",,"5201815.146","0","false","true",
"C","A","20220101","2022","52","2022","740","SUR","Suriname","M","Import","0","W00","World","0","W00","World","H3","HS","true","090220","Tea, green; (not fermented), in immediate packings of a content exceeding 3kg","6","true","C00","TOTAL CPC","0","0","TOTAL MOT","8","kg","507","false","5","u","252","false","507","false","507","false","2357.4","0","2357.4","0","false","true",
"C","A","20220101","2022","52","2022","752","SWE","Sweden","M","Import","0","W00","World","0","W00","World","H6","HS","true","090220","Tea, green; (not fermented), in immediate packings of a content exceeding 3kg","6","true","C00","TOTAL CPC","0","0","TOTAL MOT","8","kg","88342.554","true","-1","N/A","0","false","88342.554","true","0","false","1059989.451",,"1059989.451","6","false","true",
"C","A","20220101","2022","52","2022","757","CHE","Switzerland","M","Import","0","W00","World","0","W00","World","H6","HS","true","090220","Tea, green; (not fermented), in immediate packings of a content exceeding 3kg","6","true","C00","TOTAL CPC","0","0","TOTAL MOT","8","kg","122697.317","true","-1","N/A","0","false","122697.317","true","0","false","2090527.98",,"2090527.98","6","false","true",
"C","A","20220101","2022","52","2022","762","TJK","Tajikistan","M","Import","0","W00","World","0","W00","World","H4","HS","true","090220","Tea, green; (not fermented), in immediate packings of a content exceeding 3kg","6","true","C00","TOTAL CPC","0","0","TOTAL MOT","8","kg","3201232","false","8","kg","3201232","false","3201232","false","0","false","3210162",,"3210162","0","false","true",
"C","A","20220101","2022","52","2022","764","THA","Thailand","M","Import","0","W00","World","0","W00","World","H6","HS","true","090220","Tea, green; (not fermented), in immediate packings of a content exceeding 3kg","6","true","C00","TOTAL CPC","0","0","TOTAL MOT","8","kg","4471287.293","true","-1","N/A","0","false","4471287.293","true","0","false","5923076.564",,"5923076.564","6","false","true",
"C","A","20220101","2022","52","2022","768","TGO","Togo","M","Import","0","W00","World","0","W00","World","H5","HS","true","090220","Tea, green; (not fermented), in immediate packings of a content exceeding 3kg","6","true","C00","TOTAL CPC","0","0","TOTAL MOT","8","kg","54586","false","8","kg","54586","false","54586","false","0","false","74391.985",,"74391.985","0","false","true",
"C","A","20220101","2022","52","2022","780","TTO","Trinidad and Tobago","M","Import","0","W00","World","0","W00","World","H4","HS","true","090220","Tea, green; (not fermented), in immediate packings of a content exceeding 3kg","6","true","C00","TOTAL CPC","0","0","TOTAL MOT","8","kg","11374","false","8","kg","11374","false","11374","false","0","false","29395.369",,"29395.369","0","false","true",
"C","A","20220101","2022","52","2022","784","ARE","United Arab Emirates","M","Import","0","W00","World","0","W00","World","H6","HS","true","090220","Tea, green; (not fermented), in immediate packings of a content exceeding 3kg","6","true","C00","TOTAL CPC","0","0","TOTAL MOT","8","kg","3927831.62","false","8","kg","3927831.62","false","3927831.62","false","0","false","9986138.406",,"9986138.406","0","false","true",
"C","A","20220101","2022","52","2022","788","TUN","Tunisia","M","Import","0","W00","World","0","W00","World","H5","HS","true","090220","Tea, green; (not fermented), in immediate packings of a content exceeding 3kg","6","true","C00","TOTAL CPC","0","0","TOTAL MOT","8","kg","2682354","false","8","kg","2682354","false","2682354","false","0","false","4949682.587",,"4949682.587","0","false","true",
"C","A","20220101","2022","52","2022","740","SUR","Suriname","M","Import","0","W00","World","0","W00","World","H3","HS","true","090240","Tea, black; (fermented) and partly fermented tea, in immediate packings of a content exceeding 3kg","6","true","C00","TOTAL CPC","0","0","TOTAL MOT","8","kg","25065","false","5","u","10568","false","25065","false","25135","false","144631.77","0","144631.77","0","false","true",
"C","A","20220101","2022","52","2022","752","SWE","Sweden","M","Import","0","W00","World","0","W00","World","H6","HS","true","090240","Tea, black; (fermented) and partly fermented tea, in immediate packings of a content exceeding 3kg","6","true","C00","TOTAL CPC","0","0","TOTAL MOT","8","kg","383186.392","true","-1","N/A","0","false","383186.392","true","0","false","3218626.676",,"3218626.676","6","false","true",
"C","A","20220101","2022","52","2022","757","CHE","Switzerland","M","Import","0","W00","World","0","W00","World","H6","HS","true","090240","Tea, black; (fermented) and partly fermented tea, in immediate packings of a content exceeding 3kg","6","true","C00","TOTAL CPC","0","0","TOTAL MOT","8","kg","6238184.681","true","-1","N/A","0","false","6238184.681","true","0","false","15844195.867",,"15844195.867","6","false","true",
"C","A","20220101","2022","52","2022","762","TJK","Tajikistan","M","Import","0","W00","World","0","W00","World","H4","HS","true","090240","Tea, black; (fermented) and partly fermented tea, in immediate packings of a content exceeding 3kg","6","true","C00","TOTAL CPC","0","0","TOTAL MOT","8","kg","1885894","false","8","kg","1885894","false","1885894","false","0","false","2082986",,"2082986","0","false","true",
"C","A","20220101","2022","52","2022","764","THA","Thailand","M","Import","0","W00","World","0","W00","World","H6","HS","true","090240","Tea, black; (fermented) and partly fermented tea, in immediate packings of a content exceeding 3kg","6","true","C00","TOTAL CPC","0","0","TOTAL MOT","8","kg","9254317.948","true","-1","N/A","0","false","9254317.948","true","0","false","8604642.927",,"8604642.927","6","false","true",
"C","A","20220101","2022","52","2022","768","TGO","Togo","M","Import","0","W00","World","0","W00","World","H5","HS","true","090240","Tea, black; (fermented) and partly fermented tea, in immediate packings of a content exceeding 3kg","6","true","C00","TOTAL CPC","0","0","TOTAL MOT","8","kg","63831","false","8","kg","63831","false","63831","false","0","false","70458.799",,"70458.799","0","false","true",
"C","A","20220101","2022","52","2022","780","TTO","Trinidad and Tobago","M","Import","0","W00","World","0","W00","World","H4","HS","true","090240","Tea, black; (fermented) and partly fermented tea, in immediate packings of a content exceeding 3kg","6","true","C00","TOTAL CPC","0","0","TOTAL MOT","8","kg","4457.471","true","-1","N/A","0","false","4457.471","true","0","false","16749.638",,"16749.638","6","false","true",
"C","A","20220101","2022","52","2022","784","ARE","United Arab Emirates","M","Import","0","W00","World","0","W00","World","H6","HS","true","090240","Tea, black; (fermented) and partly fermented tea, in immediate packings of a content exceeding 3kg","6","true","C00","TOTAL CPC","0","0","TOTAL MOT","8","kg","74508392.35","false","8","kg","74508392.35","false","74508392.35","false","0","false","199710407.806",,"199710407.806","0","false","true",
"C","A","20220101","2022","52","2022","788","TUN","Tunisia","M","Import","0","W00","World","0","W00","World","H5","HS","true","090240","Tea, black; (fermented) and partly fermented tea, in immediate packings of a content exceeding 3kg","6","true","C00","TOTAL CPC","0","0","TOTAL MOT","8","kg","3693276","false","8","kg","3693276","false","3693276","false","0","false","7974522.498",,"7974522.498","0","false","true",
"C","A","20220101","2022","52","2022","792","TUR","Türkiye","M","Import","0","W00","World","0","W00","World","H6","HS","true","090220","Tea, green; (not fermented), in immediate packings of a content exceeding 3kg","6","true","C00","TOTAL CPC","0","0","TOTAL MOT","8","kg","60055","false","8","kg","60055","false","60055","false","0","false","517326","455071.95","517326","0","false","true",
"C","A","20220101","2022","52","2022","804","UKR","Ukraine","M","Import","0","W00","World","0","W00","World","H5","HS","true","090220","Tea, green; (not fermented), in immediate packings of a content exceeding 3kg","6","true","C00","TOTAL CPC","0","0","TOTAL MOT","8","kg","1513976.12","false","8","kg","1513976.12","false","1513976.12","false","0","false","5474798.28",,"5474798.28","0","false","true",
"C","A","20220101","2022","52","2022","807","MKD","North Macedonia","M","Import","0","W00","World","0","W00","World","H6","HS","true","090220","Tea, green; (not fermented), in immediate packings of a content exceeding 3kg","6","true","C00","TOTAL CPC","0","0","TOTAL MOT","8","kg","12115","false","8","kg","12115","false","12115","false","0","false","78812.37","0","78812.37","0","false","true",
"C","A","20220101","2022","52","2022","818","EGY","Egypt","M","Import","0","W00","World","0","W00","World","H6","HS","true","090220","Tea, green; (not fermented), in immediate packings of a content exceeding 3kg","6","true","C00","TOTAL CPC","0","0","TOTAL MOT","-1","N/A","0","false","-1","N/A","0","false",,"false","0","false","3154096.332",,"3154096.332","0","false","true",
"C","A","20220101","2022","52","2022","826","GBR","United Kingdom","M","Import","0","W00","World","0","W00","World","H6","HS","true","090220","Tea, green; (not fermented), in immediate packings of a content exceeding 3kg","6","true","C00","TOTAL CPC","0","0","TOTAL MOT","8","kg","3058873","false","8","kg","3058873","false","3058873","false","0","false","15566277.886",,"15566277.886","0","false","true",
"C","A","20220101","2022","52","2022","834","TZA","United Rep. of Tanzania","M","Import","0","W00","World","0","W00","World","H6","HS","true","090220","Tea, green; (not fermented), in immediate packings of a content exceeding 3kg","6","true","C00","TOTAL CPC","0","0","TOTAL MOT","8","kg","20221.5","false","8","kg","20221.5","false","20221.5","false","0","false","40769.58","37022.43","40769.58","0","false","true",
"C","A","20220101","2022","52","2022","842","USA","USA","M","Import","0","W00","World","0","W00","World","H6","HS","true","090220","Tea, green; (not fermented), in immediate packings of a content exceeding 3kg","6","true","C00","TOTAL CPC","0","0","TOTAL MOT","8","kg","10488780","false","8","kg","10488780","false","10488780","false","0","false","88733240","83032391","88733240","0","false","true",
"C","A","20220101","2022","52","2022","854","BFA","Burkina Faso","M","Import","0","W00","World","0","W00","World","H6","HS","true","090220","Tea, green; (not fermented), in immediate packings of a content exceeding 3kg","6","true","C00","TOTAL CPC","0","0","TOTAL MOT","8","kg","1218601","false","8","kg","1218601","false","1218601","false","0","false","425739.652",,"425739.652","0","false","true",
"C","A","20220101","2022","52","2022","858","URY","Uruguay","M","Import","0","W00","World","0","W00","World","H6","HS","true","090220","Tea, green; (not fermented), in immediate packings of a content exceeding 3kg","6","true","C00","TOTAL CPC","0","0","TOTAL MOT","8","kg","18188.03","false","8","kg","18188.03","false","18188.03","false","0","false","100384.68","92534.04","100384.68","0","false","true",
"C","A","20220101","2022","52","2022","860","UZB","Uzbekistan","M","Import","0","W00","World","0","W00","World","H5","HS","true","090220","Tea, green; (not fermented), in immediate packings of a content exceeding 3kg","6","true","C00","TOTAL CPC","0","0","TOTAL MOT","8","kg","25264451.864","false","21","1000 KG","25264.452","false","25264451.864","false","0","false","28089067","0","28089067","0","false","true",
"C","A","20220101","2022","52","2022","894","ZMB","Zambia","M","Import","0","W00","World","0","W00","World","H6","HS","true","090220","Tea, green; (not fermented), in immediate packings of a content exceeding 3kg","6","true","C00","TOTAL CPC","0","0","TOTAL MOT","8","kg","84491.183","false","8","kg","84491.183","false","84491.183","false","0","false","75239.488",,"75239.488","0","false","true",
"C","A","20220101","2022","52","2022","792","TUR","Türkiye","M","Import","0","W00","World","0","W00","World","H6","HS","true","090240","Tea, black; (fermented) and partly fermented tea, in immediate packings of a content exceeding 3kg","6","true","C00","TOTAL CPC","0","0","TOTAL MOT","8","kg","10668933","false","8","kg","10668933","false","10668933","false","0","false","22015065","20467757.81","22015065","0","false","true",
"C","A","20220101","2022","52","2022","804","UKR","Ukraine","M","Import","0","W00","World","0","W00","World","H5","HS","true","090240","Tea, black; (fermented) and partly fermented tea, in immediate packings of a content exceeding 3kg","6","true","C00","TOTAL CPC","0","0","TOTAL MOT","8","kg","8965761.14","false","8","kg","8965761.14","false","8965761.14","false","0","false","28466086.41",,"28466086.41","0","false","true",
"C","A","20220101","2022","52","2022","807","MKD","North Macedonia","M","Import","0","W00","World","0","W00","World","H6","HS","true","090240","Tea, black; (fermented) and partly fermented tea, in immediate packings of a content exceeding 3kg","6","true","C00","TOTAL CPC","0","0","TOTAL MOT","8","kg","266416","false","8","kg","266416","false","266416","false","0","false","712821.75","0","712821.75","0","false","true",
"C","A","20220101","2022","52","2022","818","EGY","Egypt","M","Import","0","W00","World","0","W00","World","H6","HS","true","090240","Tea, black; (fermented) and partly fermented tea, in immediate packings of a content exceeding 3kg","6","true","C00","TOTAL CPC","0","0","TOTAL MOT","8","kg","84149998.494","true","-1","N/A","0","false","84149998.494","true","0","false","254954698.277",,"254954698.277","6","false","true",
"C","A","20220101","2022","52","2022","826","GBR","United Kingdom","M","Import","0","W00","World","0","W00","World","H6","HS","true","090240","Tea, black; (fermented) and partly fermented tea, in immediate packings of a content exceeding 3kg","6","true","C00","TOTAL CPC","0","0","TOTAL MOT","-1","N/A","0","false","8","kg","104106833","false",,"false","0","false","276306802.862",,"276306802.862","0","false","true",
"C","A","20220101","2022","52","2022","834","TZA","United Rep. of Tanzania","M","Import","0","W00","World","0","W00","World","H6","HS","true","090240","Tea, black; (fermented) and partly fermented tea, in immediate packings of a content exceeding 3kg","6","true","C00","TOTAL CPC","0","0","TOTAL MOT","8","kg","96542.87","false","8","kg","96542.87","false","96542.87","false","0","false","89421.56","80976.91","89421.56","0","false","true",
"C","A","20220101","2022","52","2022","842","USA","USA","M","Import","0","W00","World","0","W00","World","H6","HS","true","090240","Tea, black; (fermented) and partly fermented tea, in immediate packings of a content exceeding 3kg","6","true","C00","TOTAL CPC","0","0","TOTAL MOT","8","kg","85842808.428","true","8","kg","85840045","false","85842808.428","true","0","false","194940111","171115141","194940111","6","false","true",
"C","A","20220101","2022","52","2022","854","BFA","Burkina Faso","M","Import","0","W00","World","0","W00","World","H6","HS","true","090240","Tea, black; (fermented) and partly fermented tea, in immediate packings of a content exceeding 3kg","6","true","C00","TOTAL CPC","0","0","TOTAL MOT","8","kg","1445062","false","8","kg","1445062","false","1445062","false","0","false","637766.144",,"637766.144","0","false","true",
"C","A","20220101","2022","52","2022","858","URY","Uruguay","M","Import","0","W00","World","0","W00","World","H6","HS","true","090240","Tea, black; (fermented) and partly fermented tea, in immediate packings of a content exceeding 3kg","6","true","C00","TOTAL CPC","0","0","TOTAL MOT","8","kg","290048.31","false","8","kg","290048.31","false","290048.31","false","0","false","849308.22","782475.29","849308.22","0","false","true",
"C","A","20220101","2022","52","2022","860","UZB","Uzbekistan","M","Import","0","W00","World","0","W00","World","H5","HS","true","090240","Tea, black; (fermented) and partly fermented tea, in immediate packings of a content exceeding 3kg","6","true","C00","TOTAL CPC","0","0","TOTAL MOT","8","kg","3931363","false","21","1000 KG","3931.363","false","3931363","false","0","false","6211347.97","0","6211347.97","0","false","true",
"C","A","20220101","2022","52","2022","894","ZMB","Zambia","M","Import","0","W00","World","0","W00","World","H6","HS","true","090240","Tea, black; (fermented) and partly fermented tea, in immediate packings of a content exceeding 3kg","6","true","C00","TOTAL CPC","0","0","TOTAL MOT","8","kg","917477.472","false","8","kg","917477.472","false","917477.472","false","0","false","1697185.271",,"1697185.271","0","false","true",
